candidate_feature,reference_feature,reference_scope,audit_type,development_observations,minimum_observations,sufficient_overlap,spearman_correlation,absolute_correlation,is_exact_duplicate,is_near_duplicate,is_constant,threshold
bollinger_zscore_20,__MLAT_CSV_NULL_V1__,candidate,constant,306114,30,True,__MLAT_CSV_NULL_V1__,__MLAT_CSV_NULL_V1__,False,False,False,0.995
bollinger_bandwidth_20,__MLAT_CSV_NULL_V1__,candidate,constant,306114,30,True,__MLAT_CSV_NULL_V1__,__MLAT_CSV_NULL_V1__,False,False,False,0.995
cutler_rsi_14,__MLAT_CSV_NULL_V1__,candidate,constant,306146,30,True,__MLAT_CSV_NULL_V1__,__MLAT_CSV_NULL_V1__,False,False,False,0.995
chaikin_money_flow_20,__MLAT_CSV_NULL_V1__,candidate,constant,306114,30,True,__MLAT_CSV_NULL_V1__,__MLAT_CSV_NULL_V1__,False,False,False,0.995
amihud_illiquidity_60,__MLAT_CSV_NULL_V1__,candidate,constant,305853,30,True,__MLAT_CSV_NULL_V1__,__MLAT_CSV_NULL_V1__,False,False,False,0.995
parkinson_volatility_30,__MLAT_CSV_NULL_V1__,candidate,constant,306062,30,True,__MLAT_CSV_NULL_V1__,__MLAT_CSV_NULL_V1__,False,False,False,0.995
rogers_satchell_volatility_30,__MLAT_CSV_NULL_V1__,candidate,constant,306062,30,True,__MLAT_CSV_NULL_V1__,__MLAT_CSV_NULL_V1__,False,False,False,0.995
realized_semivariance_balance_60,__MLAT_CSV_NULL_V1__,candidate,constant,305853,30,True,__MLAT_CSV_NULL_V1__,__MLAT_CSV_NULL_V1__,False,False,False,0.995
bipower_jump_ratio_60,__MLAT_CSV_NULL_V1__,candidate,constant,305846,30,True,__MLAT_CSV_NULL_V1__,__MLAT_CSV_NULL_V1__,False,False,False,0.995
variance_ratio_60_5,__MLAT_CSV_NULL_V1__,candidate,constant,305825,30,True,__MLAT_CSV_NULL_V1__,__MLAT_CSV_NULL_V1__,False,False,False,0.995
return_sign_entropy_60,__MLAT_CSV_NULL_V1__,candidate,constant,305853,30,True,__MLAT_CSV_NULL_V1__,__MLAT_CSV_NULL_V1__,False,False,False,0.995
volatility_of_volatility_60,__MLAT_CSV_NULL_V1__,candidate,constant,305765,30,True,__MLAT_CSV_NULL_V1__,__MLAT_CSV_NULL_V1__,False,False,False,0.995
bollinger_zscore_20,bollinger_bandwidth_20,candidate,overlap,306114,30,True,-0.0028777849212998619,0.0028777849212998619,False,False,False,0.995
bollinger_zscore_20,cutler_rsi_14,candidate,overlap,306114,30,True,0.87996833272131447,0.87996833272131447,False,False,False,0.995
bollinger_zscore_20,chaikin_money_flow_20,candidate,overlap,306114,30,True,0.49241446797197486,0.49241446797197486,False,False,False,0.995
bollinger_zscore_20,amihud_illiquidity_60,candidate,overlap,305853,30,True,-0.0022142136836744925,0.0022142136836744925,False,False,False,0.995
bollinger_zscore_20,parkinson_volatility_30,candidate,overlap,306062,30,True,-0.0065435904492871441,0.0065435904492871441,False,False,False,0.995
bollinger_zscore_20,rogers_satchell_volatility_30,candidate,overlap,306062,30,True,-0.0084295332244568207,0.0084295332244568207,False,False,False,0.995
bollinger_zscore_20,realized_semivariance_balance_60,candidate,overlap,305853,30,True,0.34953821806733926,0.34953821806733926,False,False,False,0.995
bollinger_zscore_20,bipower_jump_ratio_60,candidate,overlap,305846,30,True,0.0098286750325473193,0.0098286750325473193,False,False,False,0.995
bollinger_zscore_20,variance_ratio_60_5,candidate,overlap,305825,30,True,0.0063069495603341966,0.0063069495603341966,False,False,False,0.995
bollinger_zscore_20,return_sign_entropy_60,candidate,overlap,305853,30,True,0.0079129759375371495,0.0079129759375371495,False,False,False,0.995
bollinger_zscore_20,volatility_of_volatility_60,candidate,overlap,305765,30,True,-0.0050845186904889721,0.0050845186904889721,False,False,False,0.995
bollinger_zscore_20,return_1m_bps,existing,overlap,306114,30,True,0.40047741112169633,0.40047741112169633,False,False,False,0.995
bollinger_zscore_20,return_5m_bps,existing,overlap,306114,30,True,0.75299880860828849,0.75299880860828849,False,False,False,0.995
bollinger_zscore_20,return_15m_bps,existing,overlap,306114,30,True,0.84773853445057012,0.84773853445057012,False,False,False,0.995
bollinger_zscore_20,return_30m_bps,existing,overlap,306057,30,True,0.59092337192691824,0.59092337192691824,False,False,False,0.995
bollinger_zscore_20,return_60m_bps,existing,overlap,305853,30,True,0.39866872337898462,0.39866872337898462,False,False,False,0.995
bollinger_zscore_20,return_5m_atr,existing,overlap,306114,30,True,0.78230634601730986,0.78230634601730986,False,False,False,0.995
bollinger_zscore_20,return_15m_atr,existing,overlap,306114,30,True,0.872628569158717,0.872628569158717,False,False,False,0.995
bollinger_zscore_20,return_30m_atr,existing,overlap,306057,30,True,0.61607960093423686,0.61607960093423686,False,False,False,0.995
bollinger_zscore_20,return_60m_atr,existing,overlap,305853,30,True,0.41276820437533029,0.41276820437533029,False,False,False,0.995
bollinger_zscore_20,absolute_return_1m_atr,existing,overlap,306114,30,True,-0.013223891407728453,0.013223891407728453,False,False,False,0.995
bollinger_zscore_20,momentum_acceleration_5_15,existing,overlap,306114,30,True,0.35503413966195818,0.35503413966195818,False,False,False,0.995
bollinger_zscore_20,momentum_acceleration_15_30,existing,overlap,306057,30,True,0.55597063166445992,0.55597063166445992,False,False,False,0.995
bollinger_zscore_20,directional_streak,existing,overlap,306114,30,True,0.45164903149075852,0.45164903149075852,False,False,False,0.995
bollinger_zscore_20,rolling_range_position_15,existing,overlap,306114,30,True,0.93685681581489921,0.93685681581489921,False,False,False,0.995
bollinger_zscore_20,rolling_range_position_60,existing,overlap,305860,30,True,0.70863845696439387,0.70863845696439387,False,False,False,0.995
bollinger_zscore_20,momentum_alignment_5_30,existing,overlap,306057,30,True,0.00098409393833839712,0.00098409393833839712,False,False,False,0.995
bollinger_zscore_20,atr_5,existing,overlap,306114,30,True,-0.018105211296384847,0.018105211296384847,False,False,False,0.995
bollinger_zscore_20,atr_20,existing,overlap,306114,30,True,-0.0082658526337628449,0.0082658526337628449,False,False,False,0.995
bollinger_zscore_20,atr_60,existing,overlap,305860,30,True,-0.0041628425973603434,0.0041628425973603434,False,False,False,0.995
bollinger_zscore_20,atr_ratio_5_20,existing,overlap,306114,30,True,-0.027328567716954147,0.027328567716954147,False,False,False,0.995
bollinger_zscore_20,atr_ratio_20_60,existing,overlap,305860,30,True,-0.012400426431665666,0.012400426431665666,False,False,False,0.995
bollinger_zscore_20,realized_volatility_5,existing,overlap,306114,30,True,-0.014833337654564403,0.014833337654564403,False,False,False,0.995
bollinger_zscore_20,realized_volatility_15,existing,overlap,306114,30,True,-0.0049833914200401201,0.0049833914200401201,False,False,False,0.995
bollinger_zscore_20,realized_volatility_30,existing,overlap,306057,30,True,-0.0023967758831932424,0.0023967758831932424,False,False,False,0.995
bollinger_zscore_20,realized_volatility_60,existing,overlap,305853,30,True,-0.0029357998378893861,0.0029357998378893861,False,False,False,0.995
bollinger_zscore_20,realized_volatility_ratio_5_30,existing,overlap,306057,30,True,-0.021357168425482735,0.021357168425482735,False,False,False,0.995
bollinger_zscore_20,realized_volatility_ratio_15_60,existing,overlap,305853,30,True,-0.0095139353846876301,0.0095139353846876301,False,False,False,0.995
bollinger_zscore_20,current_range_over_atr,existing,overlap,306114,30,True,-0.02238729569425171,0.02238729569425171,False,False,False,0.995
bollinger_zscore_20,range_compression_ratio_5_30,existing,overlap,306062,30,True,-0.029883009316605928,0.029883009316605928,False,False,False,0.995
bollinger_zscore_20,signed_body_atr,existing,overlap,306114,30,True,0.4062918592743428,0.4062918592743428,False,False,False,0.995
bollinger_zscore_20,body_to_range,existing,overlap,305616,30,True,-0.00081888794975111968,0.00081888794975111968,False,False,False,0.995
bollinger_zscore_20,upper_wick_to_range,existing,overlap,305616,30,True,0.056559218706999176,0.056559218706999176,False,False,False,0.995
bollinger_zscore_20,lower_wick_to_range,existing,overlap,305616,30,True,-0.055428929772476987,0.055428929772476987,False,False,False,0.995
bollinger_zscore_20,close_location_value,existing,overlap,305616,30,True,0.29083960429143324,0.29083960429143324,False,False,False,0.995
bollinger_zscore_20,range_relative_to_previous_bar,existing,overlap,305613,30,True,-0.0034437375866019329,0.0034437375866019329,False,False,False,0.995
bollinger_zscore_20,two_bar_directional_balance,existing,overlap,302604,30,True,0.50670985359319032,0.50670985359319032,False,False,False,0.995
bollinger_zscore_20,three_bar_directional_balance,existing,overlap,305662,30,True,0.61531542193508415,0.61531542193508415,False,False,False,0.995
bollinger_zscore_20,inside_bar,existing,overlap,306114,30,True,0.00073202042557557543,0.00073202042557557543,False,False,False,0.995
bollinger_zscore_20,outside_bar,existing,overlap,306114,30,True,0.0038831221095008434,0.0038831221095008434,False,False,False,0.995
bollinger_zscore_20,log_volume,existing,overlap,306114,30,True,-0.0070055071518792342,0.0070055071518792342,False,False,False,0.995
bollinger_zscore_20,relative_volume_20,existing,overlap,306114,30,True,-0.0078467202458266279,0.0078467202458266279,False,False,False,0.995
bollinger_zscore_20,relative_volume_60,existing,overlap,305860,30,True,-0.0094511391214549718,0.0094511391214549718,False,False,False,0.995
bollinger_zscore_20,volume_zscore_60,existing,overlap,305860,30,True,-0.009060268712541536,0.009060268712541536,False,False,False,0.995
bollinger_zscore_20,volume_acceleration_5_20,existing,overlap,306114,30,True,-0.011168748424062552,0.011168748424062552,False,False,False,0.995
bollinger_zscore_20,volume_per_tick_range,existing,overlap,305616,30,True,0.0084587803548737371,0.0084587803548737371,False,False,False,0.995
bollinger_zscore_20,signed_volume_proxy,existing,overlap,305616,30,True,0.3135428605693919,0.3135428605693919,False,False,False,0.995
bollinger_zscore_20,volume_price_alignment_10,existing,overlap,306114,30,True,0.43967608120280827,0.43967608120280827,False,False,False,0.995
bollinger_zscore_20,tod_log_volume_z,existing,overlap,306114,30,True,-0.0031646362391653656,0.0031646362391653656,False,False,False,0.995
bollinger_zscore_20,tod_relative_volume,existing,overlap,306114,30,True,-0.0032763251994622298,0.0032763251994622298,False,False,False,0.995
bollinger_zscore_20,distance_from_research_day_vwap_atr,existing,overlap,306114,30,True,0.35920912658943949,0.35920912658943949,False,False,False,0.995
bollinger_zscore_20,distance_from_execution_session_vwap_atr,existing,overlap,304841,30,True,0.51772211519978395,0.51772211519978395,False,False,False,0.995
bollinger_zscore_20,distance_from_rolling_vwap_20_atr,existing,overlap,306114,30,True,0.96395297691982851,0.96395297691982851,False,False,False,0.995
bollinger_zscore_20,distance_from_rolling_vwap_60_atr,existing,overlap,305860,30,True,0.71651029922182374,0.71651029922182374,False,False,False,0.995
bollinger_zscore_20,vwap_slope_5_atr,existing,overlap,306114,30,True,0.32327343441825557,0.32327343441825557,False,False,False,0.995
bollinger_zscore_20,vwap_slope_15_atr,existing,overlap,306114,30,True,0.18608249284475384,0.18608249284475384,False,False,False,0.995
bollinger_zscore_20,fraction_above_vwap_15,existing,overlap,306114,30,True,0.14305239174889889,0.14305239174889889,False,False,False,0.995
bollinger_zscore_20,distance_from_session_open_atr,existing,overlap,304841,30,True,0.3169824389587021,0.3169824389587021,False,False,False,0.995
bollinger_zscore_20,session_range_position,existing,overlap,304841,30,True,0.59543814968147812,0.59543814968147812,False,False,False,0.995
bollinger_zscore_20,session_range_over_atr,existing,overlap,304841,30,True,0.013419042674402682,0.013419042674402682,False,False,False,0.995
bollinger_zscore_20,efficiency_ratio_15,existing,overlap,306114,30,True,0.0011317410984831187,0.0011317410984831187,False,False,False,0.995
bollinger_zscore_20,normalized_ols_slope_15,existing,overlap,306114,30,True,0.80291605371473629,0.80291605371473629,False,False,False,0.995
bollinger_zscore_20,efficiency_ratio_30,existing,overlap,306057,30,True,0.0014465901733452774,0.0014465901733452774,False,False,False,0.995
bollinger_zscore_20,normalized_ols_slope_30,existing,overlap,306062,30,True,0.48466452484803135,0.48466452484803135,False,False,False,0.995
bollinger_zscore_20,efficiency_ratio_60,existing,overlap,305853,30,True,-0.00043835885074705778,0.00043835885074705778,False,False,False,0.995
bollinger_zscore_20,normalized_ols_slope_60,existing,overlap,305860,30,True,0.18495334349515863,0.18495334349515863,False,False,False,0.995
bollinger_zscore_20,ols_r_squared_30,existing,overlap,306062,30,True,0.0010383526610393008,0.0010383526610393008,False,False,False,0.995
bollinger_zscore_20,directional_persistence_15,existing,overlap,306114,30,True,-0.019843433987712635,0.019843433987712635,False,False,False,0.995
bollinger_zscore_20,return_autocorrelation_15,existing,overlap,306114,30,True,0.0050754978942300971,0.0050754978942300971,False,False,False,0.995
bollinger_zscore_20,return_sign_change_rate_30,existing,overlap,306057,30,True,0.011119133044704384,0.011119133044704384,False,False,False,0.995
bollinger_zscore_20,choppiness_14,existing,overlap,306114,30,True,-0.0037261248987097702,0.0037261248987097702,False,False,False,0.995
bollinger_zscore_20,entry_session,existing,overlap,0,30,False,__MLAT_CSV_NULL_V1__,__MLAT_CSV_NULL_V1__,False,False,False,0.995
bollinger_zscore_20,minute_from_execution_window_open,existing,overlap,306114,30,True,0.0077026287045575317,0.0077026287045575317,False,False,False,0.995
bollinger_zscore_20,session_progress_fraction,existing,overlap,306114,30,True,0.0098239706013571911,0.0098239706013571911,False,False,False,0.995
bollinger_zscore_20,minutes_to_noon_entry_cutoff,existing,overlap,306114,30,True,-0.0055056973487155048,0.0055056973487155048,False,False,False,0.995
bollinger_zscore_20,minutes_to_1530_forced_exit,existing,overlap,306114,30,True,-0.0055056973487155048,0.0055056973487155048,False,False,False,0.995
bollinger_zscore_20,new_york_minute_of_day,existing,overlap,306114,30,True,0.0055056973487155048,0.0055056973487155048,False,False,False,0.995
bollinger_zscore_20,time_of_day_sin,existing,overlap,306114,30,True,0.0017251164724102098,0.0017251164724102098,False,False,False,0.995
bollinger_zscore_20,time_of_day_cos,existing,overlap,306114,30,True,-0.0055056973487155048,0.0055056973487155048,False,False,False,0.995
bollinger_zscore_20,day_of_week,existing,overlap,0,30,False,__MLAT_CSV_NULL_V1__,__MLAT_CSV_NULL_V1__,False,False,False,0.995
bollinger_zscore_20,directional_energy_balance_15_exp,existing,overlap,306042,30,True,0.73754483972317342,0.73754483972317342,False,False,False,0.995
bollinger_zscore_20,wick_pressure_balance_10_exp,existing,overlap,306067,30,True,-0.21355957541815646,0.21355957541815646,False,False,False,0.995
bollinger_zscore_20,compression_age_exp,existing,overlap,306057,30,True,0.022574799230938296,0.022574799230938296,False,False,False,0.995
bollinger_zscore_20,vwap_elasticity_30_exp,existing,overlap,305936,30,True,-0.0068826477521569005,0.0068826477521569005,False,False,False,0.995
bollinger_zscore_20,liquidity_vacuum_score_exp,existing,overlap,305616,30,True,-0.0073559445482244083,0.0073559445482244083,False,False,False,0.995
bollinger_zscore_20,pullback_tension_5_30_exp,existing,overlap,306057,30,True,-0.12971737710698933,0.12971737710698933,False,False,False,0.995
bollinger_bandwidth_20,cutler_rsi_14,candidate,overlap,306114,30,True,-0.0011170554651824208,0.0011170554651824208,False,False,False,0.995
bollinger_bandwidth_20,chaikin_money_flow_20,candidate,overlap,306114,30,True,-0.0057279887352136181,0.0057279887352136181,False,False,False,0.995
bollinger_bandwidth_20,amihud_illiquidity_60,candidate,overlap,305853,30,True,-0.3711300572762718,0.3711300572762718,False,False,False,0.995
bollinger_bandwidth_20,parkinson_volatility_30,candidate,overlap,306062,30,True,0.76683286979920384,0.76683286979920384,False,False,False,0.995
bollinger_bandwidth_20,rogers_satchell_volatility_30,candidate,overlap,306062,30,True,0.74111707500791868,0.74111707500791868,False,False,False,0.995
bollinger_bandwidth_20,realized_semivariance_balance_60,candidate,overlap,305853,30,True,-0.028763259399673717,0.028763259399673717,False,False,False,0.995
bollinger_bandwidth_20,bipower_jump_ratio_60,candidate,overlap,305846,30,True,0.038660707568796721,0.038660707568796721,False,False,False,0.995
bollinger_bandwidth_20,variance_ratio_60_5,candidate,overlap,305825,30,True,0.24536493176714083,0.24536493176714083,False,False,False,0.995
bollinger_bandwidth_20,return_sign_entropy_60,candidate,overlap,305853,30,True,-0.49738186969842063,0.49738186969842063,False,False,False,0.995
bollinger_bandwidth_20,volatility_of_volatility_60,candidate,overlap,305765,30,True,0.21191010711568539,0.21191010711568539,False,False,False,0.995
bollinger_bandwidth_20,return_1m_bps,existing,overlap,306114,30,True,-0.0016416300830518482,0.0016416300830518482,False,False,False,0.995
bollinger_bandwidth_20,return_5m_bps,existing,overlap,306114,30,True,0.00039155089051285937,0.00039155089051285937,False,False,False,0.995
bollinger_bandwidth_20,return_15m_bps,existing,overlap,306114,30,True,-0.002240851557849019,0.002240851557849019,False,False,False,0.995
bollinger_bandwidth_20,return_30m_bps,existing,overlap,306057,30,True,-0.016988552443651512,0.016988552443651512,False,False,False,0.995
bollinger_bandwidth_20,return_60m_bps,existing,overlap,305853,30,True,-0.03103371261531998,0.03103371261531998,False,False,False,0.995
bollinger_bandwidth_20,return_5m_atr,existing,overlap,306114,30,True,-0.00074059921984158199,0.00074059921984158199,False,False,False,0.995
bollinger_bandwidth_20,return_15m_atr,existing,overlap,306114,30,True,-0.0025780086462242717,0.0025780086462242717,False,False,False,0.995
bollinger_bandwidth_20,return_30m_atr,existing,overlap,306057,30,True,-0.014729273757691664,0.014729273757691664,False,False,False,0.995
bollinger_bandwidth_20,return_60m_atr,existing,overlap,305853,30,True,-0.027332575990291635,0.027332575990291635,False,False,False,0.995
bollinger_bandwidth_20,absolute_return_1m_atr,existing,overlap,306114,30,True,-0.021023233809229162,0.021023233809229162,False,False,False,0.995
bollinger_bandwidth_20,momentum_acceleration_5_15,existing,overlap,306114,30,True,-0.0037698264388723534,0.0037698264388723534,False,False,False,0.995
bollinger_bandwidth_20,momentum_acceleration_15_30,existing,overlap,306057,30,True,0.0044523615224397513,0.0044523615224397513,False,False,False,0.995
bollinger_bandwidth_20,directional_streak,existing,overlap,306114,30,True,0.00012984527686411707,0.00012984527686411707,False,False,False,0.995
bollinger_bandwidth_20,rolling_range_position_15,existing,overlap,306114,30,True,0.0064424919943727576,0.0064424919943727576,False,False,False,0.995
bollinger_bandwidth_20,rolling_range_position_60,existing,overlap,305860,30,True,-0.011022512939601256,0.011022512939601256,False,False,False,0.995
bollinger_bandwidth_20,momentum_alignment_5_30,existing,overlap,306057,30,True,0.07455227837202319,0.07455227837202319,False,False,False,0.995
bollinger_bandwidth_20,atr_5,existing,overlap,306114,30,True,0.74375321997456478,0.74375321997456478,False,False,False,0.995
bollinger_bandwidth_20,atr_20,existing,overlap,306114,30,True,0.7895831850799212,0.7895831850799212,False,False,False,0.995
bollinger_bandwidth_20,atr_60,existing,overlap,305860,30,True,0.69329636276155726,0.69329636276155726,False,False,False,0.995
bollinger_bandwidth_20,atr_ratio_5_20,existing,overlap,306114,30,True,0.035401851012100874,0.035401851012100874,False,False,False,0.995
bollinger_bandwidth_20,atr_ratio_20_60,existing,overlap,305860,30,True,0.3128435407188519,0.3128435407188519,False,False,False,0.995
bollinger_bandwidth_20,realized_volatility_5,existing,overlap,306114,30,True,0.64754844881283979,0.64754844881283979,False,False,False,0.995
bollinger_bandwidth_20,realized_volatility_15,existing,overlap,306114,30,True,0.80839561986746655,0.80839561986746655,False,False,False,0.995
bollinger_bandwidth_20,realized_volatility_30,existing,overlap,306057,30,True,0.77449397140599952,0.77449397140599952,False,False,False,0.995
bollinger_bandwidth_20,realized_volatility_60,existing,overlap,305853,30,True,0.71439040084634742,0.71439040084634742,False,False,False,0.995
bollinger_bandwidth_20,realized_volatility_ratio_5_30,existing,overlap,306057,30,True,0.050880888622417721,0.050880888622417721,False,False,False,0.995
bollinger_bandwidth_20,realized_volatility_ratio_15_60,existing,overlap,305853,30,True,0.29742921946662676,0.29742921946662676,False,False,False,0.995
bollinger_bandwidth_20,current_range_over_atr,existing,overlap,306114,30,True,0.018625302141741313,0.018625302141741313,False,False,False,0.995
bollinger_bandwidth_20,range_compression_ratio_5_30,existing,overlap,306062,30,True,0.11678945019760484,0.11678945019760484,False,False,False,0.995
bollinger_bandwidth_20,signed_body_atr,existing,overlap,306114,30,True,-0.00082802885459809126,0.00082802885459809126,False,False,False,0.995
bollinger_bandwidth_20,body_to_range,existing,overlap,305616,30,True,-0.044263798804233888,0.044263798804233888,False,False,False,0.995
bollinger_bandwidth_20,upper_wick_to_range,existing,overlap,305616,30,True,0.071683506011874967,0.071683506011874967,False,False,False,0.995
bollinger_bandwidth_20,lower_wick_to_range,existing,overlap,305616,30,True,0.070640430988553188,0.070640430988553188,False,False,False,0.995
bollinger_bandwidth_20,close_location_value,existing,overlap,305616,30,True,-0.0015087601273755516,0.0015087601273755516,False,False,False,0.995
bollinger_bandwidth_20,range_relative_to_previous_bar,existing,overlap,305613,30,True,-0.014085041286403054,0.014085041286403054,False,False,False,0.995
bollinger_bandwidth_20,two_bar_directional_balance,existing,overlap,302604,30,True,0.00088143869641801138,0.00088143869641801138,False,False,False,0.995
bollinger_bandwidth_20,three_bar_directional_balance,existing,overlap,305662,30,True,0.00092468208216538704,0.00092468208216538704,False,False,False,0.995
bollinger_bandwidth_20,inside_bar,existing,overlap,306114,30,True,-0.059165076739426642,0.059165076739426642,False,False,False,0.995
bollinger_bandwidth_20,outside_bar,existing,overlap,306114,30,True,-0.097309975078246527,0.097309975078246527,False,False,False,0.995
bollinger_bandwidth_20,log_volume,existing,overlap,306114,30,True,0.60657810707671578,0.60657810707671578,False,False,False,0.995
bollinger_bandwidth_20,relative_volume_20,existing,overlap,306114,30,True,0.031019995944000067,0.031019995944000067,False,False,False,0.995
bollinger_bandwidth_20,relative_volume_60,existing,overlap,305860,30,True,0.18220686834171204,0.18220686834171204,False,False,False,0.995
bollinger_bandwidth_20,volume_zscore_60,existing,overlap,305860,30,True,0.16597814897622457,0.16597814897622457,False,False,False,0.995
bollinger_bandwidth_20,volume_acceleration_5_20,existing,overlap,306114,30,True,0.071542010173492557,0.071542010173492557,False,False,False,0.995
bollinger_bandwidth_20,volume_per_tick_range,existing,overlap,305616,30,True,0.3327509427738462,0.3327509427738462,False,False,False,0.995
bollinger_bandwidth_20,signed_volume_proxy,existing,overlap,305616,30,True,-0.0019714219601260265,0.0019714219601260265,False,False,False,0.995
bollinger_bandwidth_20,volume_price_alignment_10,existing,overlap,306114,30,True,-0.0013742599389918076,0.0013742599389918076,False,False,False,0.995
bollinger_bandwidth_20,tod_log_volume_z,existing,overlap,306114,30,True,0.37327188894992774,0.37327188894992774,False,False,False,0.995
bollinger_bandwidth_20,tod_relative_volume,existing,overlap,306114,30,True,0.37311194120141444,0.37311194120141444,False,False,False,0.995
bollinger_bandwidth_20,distance_from_research_day_vwap_atr,existing,overlap,306114,30,True,-0.036199292161731761,0.036199292161731761,False,False,False,0.995
bollinger_bandwidth_20,distance_from_execution_session_vwap_atr,existing,overlap,304841,30,True,-0.018384182181327095,0.018384182181327095,False,False,False,0.995
bollinger_bandwidth_20,distance_from_rolling_vwap_20_atr,existing,overlap,306114,30,True,0.0061658602623022871,0.0061658602623022871,False,False,False,0.995
bollinger_bandwidth_20,distance_from_rolling_vwap_60_atr,existing,overlap,305860,30,True,-0.013702380240607005,0.013702380240607005,False,False,False,0.995
bollinger_bandwidth_20,vwap_slope_5_atr,existing,overlap,306114,30,True,-0.035116355420623635,0.035116355420623635,False,False,False,0.995
bollinger_bandwidth_20,vwap_slope_15_atr,existing,overlap,306114,30,True,-0.036869899889482693,0.036869899889482693,False,False,False,0.995
bollinger_bandwidth_20,fraction_above_vwap_15,existing,overlap,306114,30,True,-0.03362716922847598,0.03362716922847598,False,False,False,0.995
bollinger_bandwidth_20,distance_from_session_open_atr,existing,overlap,304841,30,True,-0.021138819165146195,0.021138819165146195,False,False,False,0.995
bollinger_bandwidth_20,session_range_position,existing,overlap,304841,30,True,-0.012881887482535081,0.012881887482535081,False,False,False,0.995
bollinger_bandwidth_20,session_range_over_atr,existing,overlap,304841,30,True,0.078454021608374933,0.078454021608374933,False,False,False,0.995
bollinger_bandwidth_20,efficiency_ratio_15,existing,overlap,306114,30,True,0.41074215188602969,0.41074215188602969,False,False,False,0.995
bollinger_bandwidth_20,normalized_ols_slope_15,existing,overlap,306114,30,True,-0.0027482669527873088,0.0027482669527873088,False,False,False,0.995
bollinger_bandwidth_20,efficiency_ratio_30,existing,overlap,306057,30,True,0.2797748214554458,0.2797748214554458,False,False,False,0.995
bollinger_bandwidth_20,normalized_ols_slope_30,existing,overlap,306062,30,True,-0.013983131772840983,0.013983131772840983,False,False,False,0.995
bollinger_bandwidth_20,efficiency_ratio_60,existing,overlap,305853,30,True,0.19901084954146286,0.19901084954146286,False,False,False,0.995
bollinger_bandwidth_20,normalized_ols_slope_60,existing,overlap,305860,30,True,-0.026646061204755603,0.026646061204755603,False,False,False,0.995
bollinger_bandwidth_20,ols_r_squared_30,existing,overlap,306062,30,True,0.2620252892267762,0.2620252892267762,False,False,False,0.995
bollinger_bandwidth_20,directional_persistence_15,existing,overlap,306114,30,True,0.26758014378184269,0.26758014378184269,False,False,False,0.995
bollinger_bandwidth_20,return_autocorrelation_15,existing,overlap,306114,30,True,0.16625627130390205,0.16625627130390205,False,False,False,0.995
bollinger_bandwidth_20,return_sign_change_rate_30,existing,overlap,306057,30,True,-0.37200240306760218,0.37200240306760218,False,False,False,0.995
bollinger_bandwidth_20,choppiness_14,existing,overlap,306114,30,True,-0.41270684985632922,0.41270684985632922,False,False,False,0.995
bollinger_bandwidth_20,entry_session,existing,overlap,0,30,False,__MLAT_CSV_NULL_V1__,__MLAT_CSV_NULL_V1__,False,False,False,0.995
bollinger_bandwidth_20,minute_from_execution_window_open,existing,overlap,306114,30,True,0.23798524778273028,0.23798524778273028,False,False,False,0.995
bollinger_bandwidth_20,session_progress_fraction,existing,overlap,306114,30,True,0.074693746124059865,0.074693746124059865,False,False,False,0.995
bollinger_bandwidth_20,minutes_to_noon_entry_cutoff,existing,overlap,306114,30,True,-0.33250834625901282,0.33250834625901282,False,False,False,0.995
bollinger_bandwidth_20,minutes_to_1530_forced_exit,existing,overlap,306114,30,True,-0.33250834625901282,0.33250834625901282,False,False,False,0.995
bollinger_bandwidth_20,new_york_minute_of_day,existing,overlap,306114,30,True,0.33250834625901282,0.33250834625901282,False,False,False,0.995
bollinger_bandwidth_20,time_of_day_sin,existing,overlap,306114,30,True,-0.38215521493077637,0.38215521493077637,False,False,False,0.995
bollinger_bandwidth_20,time_of_day_cos,existing,overlap,306114,30,True,-0.33250834625901282,0.33250834625901282,False,False,False,0.995
bollinger_bandwidth_20,day_of_week,existing,overlap,0,30,False,__MLAT_CSV_NULL_V1__,__MLAT_CSV_NULL_V1__,False,False,False,0.995
bollinger_bandwidth_20,directional_energy_balance_15_exp,existing,overlap,306042,30,True,-0.0013620649850172304,0.0013620649850172304,False,False,False,0.995
bollinger_bandwidth_20,wick_pressure_balance_10_exp,existing,overlap,306067,30,True,-7.5499086535533693e-05,7.5499086535533693e-05,False,False,False,0.995
bollinger_bandwidth_20,compression_age_exp,existing,overlap,306057,30,True,-0.068645458781556382,0.068645458781556382,False,False,False,0.995
bollinger_bandwidth_20,vwap_elasticity_30_exp,existing,overlap,305936,30,True,0.10589286737091155,0.10589286737091155,False,False,False,0.995
bollinger_bandwidth_20,liquidity_vacuum_score_exp,existing,overlap,305616,30,True,-0.052964088676051783,0.052964088676051783,False,False,False,0.995
bollinger_bandwidth_20,pullback_tension_5_30_exp,existing,overlap,306057,30,True,-0.013347058612733992,0.013347058612733992,False,False,False,0.995
cutler_rsi_14,chaikin_money_flow_20,candidate,overlap,306114,30,True,0.50718735962507788,0.50718735962507788,False,False,False,0.995
cutler_rsi_14,amihud_illiquidity_60,candidate,overlap,305853,30,True,-0.0025794181016770119,0.0025794181016770119,False,False,False,0.995
cutler_rsi_14,parkinson_volatility_30,candidate,overlap,306062,30,True,-0.0078011000393603275,0.0078011000393603275,False,False,False,0.995
cutler_rsi_14,rogers_satchell_volatility_30,candidate,overlap,306062,30,True,-0.0097786261443227225,0.0097786261443227225,False,False,False,0.995
cutler_rsi_14,realized_semivariance_balance_60,candidate,overlap,305853,30,True,0.36493034925147699,0.36493034925147699,False,False,False,0.995
cutler_rsi_14,bipower_jump_ratio_60,candidate,overlap,305846,30,True,0.01126071161974106,0.01126071161974106,False,False,False,0.995
cutler_rsi_14,variance_ratio_60_5,candidate,overlap,305825,30,True,0.0074531691328438496,0.0074531691328438496,False,False,False,0.995
cutler_rsi_14,return_sign_entropy_60,candidate,overlap,305853,30,True,0.0098690150482170346,0.0098690150482170346,False,False,False,0.995
cutler_rsi_14,volatility_of_volatility_60,candidate,overlap,305765,30,True,-0.0045750050170254046,0.0045750050170254046,False,False,False,0.995
cutler_rsi_14,return_1m_bps,existing,overlap,306146,30,True,0.23740437845015397,0.23740437845015397,False,False,False,0.995
cutler_rsi_14,return_5m_bps,existing,overlap,306146,30,True,0.54623881395916618,0.54623881395916618,False,False,False,0.995
cutler_rsi_14,return_15m_bps,existing,overlap,306139,30,True,0.92106849867602258,0.92106849867602258,False,False,False,0.995
cutler_rsi_14,return_30m_bps,existing,overlap,306057,30,True,0.61280949155747999,0.61280949155747999,False,False,False,0.995
cutler_rsi_14,return_60m_bps,existing,overlap,305853,30,True,0.41753400576438127,0.41753400576438127,False,False,False,0.995
cutler_rsi_14,return_5m_atr,existing,overlap,306114,30,True,0.56691728923587659,0.56691728923587659,False,False,False,0.995
cutler_rsi_14,return_15m_atr,existing,overlap,306114,30,True,0.94855407573071548,0.94855407573071548,False,False,False,0.995
cutler_rsi_14,return_30m_atr,existing,overlap,306057,30,True,0.63704064975207553,0.63704064975207553,False,False,False,0.995
cutler_rsi_14,return_60m_atr,existing,overlap,305853,30,True,0.42969753258700849,0.42969753258700849,False,False,False,0.995
cutler_rsi_14,absolute_return_1m_atr,existing,overlap,306114,30,True,-0.016107646506673613,0.016107646506673613,False,False,False,0.995
cutler_rsi_14,momentum_acceleration_5_15,existing,overlap,306139,30,True,0.050909991249382794,0.050909991249382794,False,False,False,0.995
cutler_rsi_14,momentum_acceleration_15_30,existing,overlap,306057,30,True,0.64716527339041885,0.64716527339041885,False,False,False,0.995
cutler_rsi_14,directional_streak,existing,overlap,306146,30,True,0.27862164982533644,0.27862164982533644,False,False,False,0.995
cutler_rsi_14,rolling_range_position_15,existing,overlap,306146,30,True,0.83863492185411703,0.83863492185411703,False,False,False,0.995
cutler_rsi_14,rolling_range_position_60,existing,overlap,305860,30,True,0.69357914488124217,0.69357914488124217,False,False,False,0.995
cutler_rsi_14,momentum_alignment_5_30,existing,overlap,306057,30,True,-0.00054488723894836422,0.00054488723894836422,False,False,False,0.995
cutler_rsi_14,atr_5,existing,overlap,306146,30,True,-0.02515855315505975,0.02515855315505975,False,False,False,0.995
cutler_rsi_14,atr_20,existing,overlap,306114,30,True,-0.01043523093029502,0.01043523093029502,False,False,False,0.995
cutler_rsi_14,atr_60,existing,overlap,305860,30,True,-0.0053385118856206244,0.0053385118856206244,False,False,False,0.995
cutler_rsi_14,atr_ratio_5_20,existing,overlap,306114,30,True,-0.039370844035231826,0.039370844035231826,False,False,False,0.995
cutler_rsi_14,atr_ratio_20_60,existing,overlap,305860,30,True,-0.014552566611187163,0.014552566611187163,False,False,False,0.995
cutler_rsi_14,realized_volatility_5,existing,overlap,306146,30,True,-0.023584278413428982,0.023584278413428982,False,False,False,0.995
cutler_rsi_14,realized_volatility_15,existing,overlap,306139,30,True,-0.00722756481165101,0.00722756481165101,False,False,False,0.995
cutler_rsi_14,realized_volatility_30,existing,overlap,306057,30,True,-0.0033496450045614385,0.0033496450045614385,False,False,False,0.995
cutler_rsi_14,realized_volatility_60,existing,overlap,305853,30,True,-0.0038258232969769664,0.0038258232969769664,False,False,False,0.995
cutler_rsi_14,realized_volatility_ratio_5_30,existing,overlap,306057,30,True,-0.032918764500794881,0.032918764500794881,False,False,False,0.995
cutler_rsi_14,realized_volatility_ratio_15_60,existing,overlap,305853,30,True,-0.011743080295918968,0.011743080295918968,False,False,False,0.995
cutler_rsi_14,current_range_over_atr,existing,overlap,306114,30,True,-0.026710084709389164,0.026710084709389164,False,False,False,0.995
cutler_rsi_14,range_compression_ratio_5_30,existing,overlap,306062,30,True,-0.042026853750548723,0.042026853750548723,False,False,False,0.995
cutler_rsi_14,signed_body_atr,existing,overlap,306114,30,True,0.23824304509560826,0.23824304509560826,False,False,False,0.995
cutler_rsi_14,body_to_range,existing,overlap,305643,30,True,-0.0027122033815329054,0.0027122033815329054,False,False,False,0.995
cutler_rsi_14,upper_wick_to_range,existing,overlap,305643,30,True,0.041420101556447327,0.041420101556447327,False,False,False,0.995
cutler_rsi_14,lower_wick_to_range,existing,overlap,305643,30,True,-0.038586193414737895,0.038586193414737895,False,False,False,0.995
cutler_rsi_14,close_location_value,existing,overlap,305643,30,True,0.16392657567295874,0.16392657567295874,False,False,False,0.995
cutler_rsi_14,range_relative_to_previous_bar,existing,overlap,305641,30,True,-0.0022906553734742853,0.0022906553734742853,False,False,False,0.995
cutler_rsi_14,two_bar_directional_balance,existing,overlap,302635,30,True,0.31510866966364914,0.31510866966364914,False,False,False,0.995
cutler_rsi_14,three_bar_directional_balance,existing,overlap,305694,30,True,0.40298577697006427,0.40298577697006427,False,False,False,0.995
cutler_rsi_14,inside_bar,existing,overlap,306146,30,True,0.00032233399760879912,0.00032233399760879912,False,False,False,0.995
cutler_rsi_14,outside_bar,existing,overlap,306146,30,True,0.0048324006730687576,0.0048324006730687576,False,False,False,0.995
cutler_rsi_14,log_volume,existing,overlap,306146,30,True,-0.0099353549809235286,0.0099353549809235286,False,False,False,0.995
cutler_rsi_14,relative_volume_20,existing,overlap,306114,30,True,-0.012529525802569367,0.012529525802569367,False,False,False,0.995
cutler_rsi_14,relative_volume_60,existing,overlap,305860,30,True,-0.013501303227643747,0.013501303227643747,False,False,False,0.995
cutler_rsi_14,volume_zscore_60,existing,overlap,305860,30,True,-0.01303700230155652,0.01303700230155652,False,False,False,0.995
cutler_rsi_14,volume_acceleration_5_20,existing,overlap,306114,30,True,-0.016059674760415102,0.016059674760415102,False,False,False,0.995
cutler_rsi_14,volume_per_tick_range,existing,overlap,305643,30,True,0.0087007049914965932,0.0087007049914965932,False,False,False,0.995
cutler_rsi_14,signed_volume_proxy,existing,overlap,305616,30,True,0.18255861115856981,0.18255861115856981,False,False,False,0.995
cutler_rsi_14,volume_price_alignment_10,existing,overlap,306146,30,True,0.45211742394102378,0.45211742394102378,False,False,False,0.995
cutler_rsi_14,tod_log_volume_z,existing,overlap,306146,30,True,-0.007236725828201564,0.007236725828201564,False,False,False,0.995
cutler_rsi_14,tod_relative_volume,existing,overlap,306146,30,True,-0.0073288224280450053,0.0073288224280450053,False,False,False,0.995
cutler_rsi_14,distance_from_research_day_vwap_atr,existing,overlap,306114,30,True,0.37071618553531521,0.37071618553531521,False,False,False,0.995
cutler_rsi_14,distance_from_execution_session_vwap_atr,existing,overlap,304841,30,True,0.51878575840421148,0.51878575840421148,False,False,False,0.995
cutler_rsi_14,distance_from_rolling_vwap_20_atr,existing,overlap,306114,30,True,0.89997586467019941,0.89997586467019941,False,False,False,0.995
cutler_rsi_14,distance_from_rolling_vwap_60_atr,existing,overlap,305860,30,True,0.71845930932278723,0.71845930932278723,False,False,False,0.995
cutler_rsi_14,vwap_slope_5_atr,existing,overlap,306114,30,True,0.37734389295276327,0.37734389295276327,False,False,False,0.995
cutler_rsi_14,vwap_slope_15_atr,existing,overlap,306114,30,True,0.23412790561523056,0.23412790561523056,False,False,False,0.995
cutler_rsi_14,fraction_above_vwap_15,existing,overlap,306146,30,True,0.17223072698563879,0.17223072698563879,False,False,False,0.995
cutler_rsi_14,distance_from_session_open_atr,existing,overlap,304841,30,True,0.32670281922049649,0.32670281922049649,False,False,False,0.995
cutler_rsi_14,session_range_position,existing,overlap,304872,30,True,0.57534298811476414,0.57534298811476414,False,False,False,0.995
cutler_rsi_14,session_range_over_atr,existing,overlap,304841,30,True,0.014442529932484162,0.014442529932484162,False,False,False,0.995
cutler_rsi_14,efficiency_ratio_15,existing,overlap,306139,30,True,0.0072432793619179254,0.0072432793619179254,False,False,False,0.995
cutler_rsi_14,normalized_ols_slope_15,existing,overlap,306114,30,True,0.92332784083354347,0.92332784083354347,False,False,False,0.995
cutler_rsi_14,efficiency_ratio_30,existing,overlap,306057,30,True,0.0067519071281541736,0.0067519071281541736,False,False,False,0.995
cutler_rsi_14,normalized_ols_slope_30,existing,overlap,306062,30,True,0.59029197826502522,0.59029197826502522,False,False,False,0.995
cutler_rsi_14,efficiency_ratio_60,existing,overlap,305853,30,True,0.0014874480045836463,0.0014874480045836463,False,False,False,0.995
cutler_rsi_14,normalized_ols_slope_60,existing,overlap,305860,30,True,0.23054516706231312,0.23054516706231312,False,False,False,0.995
cutler_rsi_14,ols_r_squared_30,existing,overlap,306062,30,True,0.0050847137237622622,0.0050847137237622622,False,False,False,0.995
cutler_rsi_14,directional_persistence_15,existing,overlap,306139,30,True,-0.018440763693539915,0.018440763693539915,False,False,False,0.995
cutler_rsi_14,return_autocorrelation_15,existing,overlap,306139,30,True,0.009178407266246965,0.009178407266246965,False,False,False,0.995
cutler_rsi_14,return_sign_change_rate_30,existing,overlap,306057,30,True,0.012101603758680574,0.012101603758680574,False,False,False,0.995
cutler_rsi_14,choppiness_14,existing,overlap,306146,30,True,-0.0088579823308379633,0.0088579823308379633,False,False,False,0.995
cutler_rsi_14,entry_session,existing,overlap,0,30,False,__MLAT_CSV_NULL_V1__,__MLAT_CSV_NULL_V1__,False,False,False,0.995
cutler_rsi_14,minute_from_execution_window_open,existing,overlap,306146,30,True,0.0072080262163001993,0.0072080262163001993,False,False,False,0.995
cutler_rsi_14,session_progress_fraction,existing,overlap,306146,30,True,0.0089913115897637796,0.0089913115897637796,False,False,False,0.995
cutler_rsi_14,minutes_to_noon_entry_cutoff,existing,overlap,306146,30,True,-0.0060635879222242037,0.0060635879222242037,False,False,False,0.995
cutler_rsi_14,minutes_to_1530_forced_exit,existing,overlap,306146,30,True,-0.0060635879222242037,0.0060635879222242037,False,False,False,0.995
cutler_rsi_14,new_york_minute_of_day,existing,overlap,306146,30,True,0.0060635879222242037,0.0060635879222242037,False,False,False,0.995
cutler_rsi_14,time_of_day_sin,existing,overlap,306146,30,True,0.0019998250365590273,0.0019998250365590273,False,False,False,0.995
cutler_rsi_14,time_of_day_cos,existing,overlap,306146,30,True,-0.0060635879222242037,0.0060635879222242037,False,False,False,0.995
cutler_rsi_14,day_of_week,existing,overlap,0,30,False,__MLAT_CSV_NULL_V1__,__MLAT_CSV_NULL_V1__,False,False,False,0.995
cutler_rsi_14,directional_energy_balance_15_exp,existing,overlap,306042,30,True,0.82154132459962337,0.82154132459962337,False,False,False,0.995
cutler_rsi_14,wick_pressure_balance_10_exp,existing,overlap,306067,30,True,-0.2311033947181072,0.2311033947181072,False,False,False,0.995
cutler_rsi_14,compression_age_exp,existing,overlap,306057,30,True,0.032322358691388907,0.032322358691388907,False,False,False,0.995
cutler_rsi_14,vwap_elasticity_30_exp,existing,overlap,305936,30,True,-0.0050500453859856111,0.0050500453859856111,False,False,False,0.995
cutler_rsi_14,liquidity_vacuum_score_exp,existing,overlap,305616,30,True,-0.0086116373336445166,0.0086116373336445166,False,False,False,0.995
cutler_rsi_14,pullback_tension_5_30_exp,existing,overlap,306057,30,True,0.037200127138922963,0.037200127138922963,False,False,False,0.995
chaikin_money_flow_20,amihud_illiquidity_60,candidate,overlap,305853,30,True,-0.0078497077767670561,0.0078497077767670561,False,False,False,0.995
chaikin_money_flow_20,parkinson_volatility_30,candidate,overlap,306062,30,True,-0.010723744601236698,0.010723744601236698,False,False,False,0.995
chaikin_money_flow_20,rogers_satchell_volatility_30,candidate,overlap,306062,30,True,-0.011599609377801377,0.011599609377801377,False,False,False,0.995
chaikin_money_flow_20,realized_semivariance_balance_60,candidate,overlap,305853,30,True,0.21920549728348562,0.21920549728348562,False,False,False,0.995
chaikin_money_flow_20,bipower_jump_ratio_60,candidate,overlap,305846,30,True,0.0076635727668720593,0.0076635727668720593,False,False,False,0.995
chaikin_money_flow_20,variance_ratio_60_5,candidate,overlap,305825,30,True,0.0050901823277939131,0.0050901823277939131,False,False,False,0.995
chaikin_money_flow_20,return_sign_entropy_60,candidate,overlap,305853,30,True,0.011094082874352162,0.011094082874352162,False,False,False,0.995
chaikin_money_flow_20,volatility_of_volatility_60,candidate,overlap,305765,30,True,-0.0012164024472270027,0.0012164024472270027,False,False,False,0.995
chaikin_money_flow_20,return_1m_bps,existing,overlap,306114,30,True,0.14244294344253655,0.14244294344253655,False,False,False,0.995
chaikin_money_flow_20,return_5m_bps,existing,overlap,306114,30,True,0.30515167336718663,0.30515167336718663,False,False,False,0.995
chaikin_money_flow_20,return_15m_bps,existing,overlap,306114,30,True,0.52192245488873734,0.52192245488873734,False,False,False,0.995
chaikin_money_flow_20,return_30m_bps,existing,overlap,306057,30,True,0.44678029456313018,0.44678029456313018,False,False,False,0.995
chaikin_money_flow_20,return_60m_bps,existing,overlap,305853,30,True,0.24464567238488188,0.24464567238488188,False,False,False,0.995
chaikin_money_flow_20,return_5m_atr,existing,overlap,306114,30,True,0.31611096330628002,0.31611096330628002,False,False,False,0.995
chaikin_money_flow_20,return_15m_atr,existing,overlap,306114,30,True,0.53575911983997171,0.53575911983997171,False,False,False,0.995
chaikin_money_flow_20,return_30m_atr,existing,overlap,306057,30,True,0.45715668991344177,0.45715668991344177,False,False,False,0.995
chaikin_money_flow_20,return_60m_atr,existing,overlap,305853,30,True,0.2464093237538201,0.2464093237538201,False,False,False,0.995
chaikin_money_flow_20,absolute_return_1m_atr,existing,overlap,306114,30,True,-0.0072010068644004412,0.0072010068644004412,False,False,False,0.995
chaikin_money_flow_20,momentum_acceleration_5_15,existing,overlap,306114,30,True,0.026695217475478584,0.026695217475478584,False,False,False,0.995
chaikin_money_flow_20,momentum_acceleration_15_30,existing,overlap,306057,30,True,0.29867651416513463,0.29867651416513463,False,False,False,0.995
chaikin_money_flow_20,directional_streak,existing,overlap,306114,30,True,0.16670840783752819,0.16670840783752819,False,False,False,0.995
chaikin_money_flow_20,rolling_range_position_15,existing,overlap,306114,30,True,0.48038398786190267,0.48038398786190267,False,False,False,0.995
chaikin_money_flow_20,rolling_range_position_60,existing,overlap,305860,30,True,0.45265974483601251,0.45265974483601251,False,False,False,0.995
chaikin_money_flow_20,momentum_alignment_5_30,existing,overlap,306057,30,True,0.00073339382088477307,0.00073339382088477307,False,False,False,0.995
chaikin_money_flow_20,atr_5,existing,overlap,306114,30,True,-0.019063631766672806,0.019063631766672806,False,False,False,0.995
chaikin_money_flow_20,atr_20,existing,overlap,306114,30,True,-0.012639840862340877,0.012639840862340877,False,False,False,0.995
chaikin_money_flow_20,atr_60,existing,overlap,305860,30,True,-0.01124121786018532,0.01124121786018532,False,False,False,0.995
chaikin_money_flow_20,atr_ratio_5_20,existing,overlap,306114,30,True,-0.018913274622695205,0.018913274622695205,False,False,False,0.995
chaikin_money_flow_20,atr_ratio_20_60,existing,overlap,305860,30,True,-0.010450516190714793,0.010450516190714793,False,False,False,0.995
chaikin_money_flow_20,realized_volatility_5,existing,overlap,306114,30,True,-0.018374071225469416,0.018374071225469416,False,False,False,0.995
chaikin_money_flow_20,realized_volatility_15,existing,overlap,306114,30,True,-0.012713696509315775,0.012713696509315775,False,False,False,0.995
chaikin_money_flow_20,realized_volatility_30,existing,overlap,306057,30,True,-0.0084801539413245832,0.0084801539413245832,False,False,False,0.995
chaikin_money_flow_20,realized_volatility_60,existing,overlap,305853,30,True,-0.0095576035302933158,0.0095576035302933158,False,False,False,0.995
chaikin_money_flow_20,realized_volatility_ratio_5_30,existing,overlap,306057,30,True,-0.01861939492113697,0.01861939492113697,False,False,False,0.995
chaikin_money_flow_20,realized_volatility_ratio_15_60,existing,overlap,305853,30,True,-0.013869585752453397,0.013869585752453397,False,False,False,0.995
chaikin_money_flow_20,current_range_over_atr,existing,overlap,306114,30,True,-0.012065340438665395,0.012065340438665395,False,False,False,0.995
chaikin_money_flow_20,range_compression_ratio_5_30,existing,overlap,306062,30,True,-0.020648280173658665,0.020648280173658665,False,False,False,0.995
chaikin_money_flow_20,signed_body_atr,existing,overlap,306114,30,True,0.15700216300746608,0.15700216300746608,False,False,False,0.995
chaikin_money_flow_20,body_to_range,existing,overlap,305616,30,True,-0.001594455746281658,0.001594455746281658,False,False,False,0.995
chaikin_money_flow_20,upper_wick_to_range,existing,overlap,305616,30,True,-0.067659370896218873,0.067659370896218873,False,False,False,0.995
chaikin_money_flow_20,lower_wick_to_range,existing,overlap,305616,30,True,0.06742782289508599,0.06742782289508599,False,False,False,0.995
chaikin_money_flow_20,close_location_value,existing,overlap,305616,30,True,0.17956562349022748,0.17956562349022748,False,False,False,0.995
chaikin_money_flow_20,range_relative_to_previous_bar,existing,overlap,305613,30,True,-0.00097007534169091811,0.00097007534169091811,False,False,False,0.995
chaikin_money_flow_20,two_bar_directional_balance,existing,overlap,302604,30,True,0.17772607226532691,0.17772607226532691,False,False,False,0.995
chaikin_money_flow_20,three_bar_directional_balance,existing,overlap,305662,30,True,0.22205842888895758,0.22205842888895758,False,False,False,0.995
chaikin_money_flow_20,inside_bar,existing,overlap,306114,30,True,-0.0004411747426426754,0.0004411747426426754,False,False,False,0.995
chaikin_money_flow_20,outside_bar,existing,overlap,306114,30,True,0.0024756683810956024,0.0024756683810956024,False,False,False,0.995
chaikin_money_flow_20,log_volume,existing,overlap,306114,30,True,-0.0029323573256582543,0.0029323573256582543,False,False,False,0.995
chaikin_money_flow_20,relative_volume_20,existing,overlap,306114,30,True,-0.0041718440908462134,0.0041718440908462134,False,False,False,0.995
chaikin_money_flow_20,relative_volume_60,existing,overlap,305860,30,True,-0.0060651487425668503,0.0060651487425668503,False,False,False,0.995
chaikin_money_flow_20,volume_zscore_60,existing,overlap,305860,30,True,-0.0044913052727417841,0.0044913052727417841,False,False,False,0.995
chaikin_money_flow_20,volume_acceleration_5_20,existing,overlap,306114,30,True,-0.007431503258726724,0.007431503258726724,False,False,False,0.995
chaikin_money_flow_20,volume_per_tick_range,existing,overlap,305616,30,True,0.012635755772971949,0.012635755772971949,False,False,False,0.995
chaikin_money_flow_20,signed_volume_proxy,existing,overlap,305616,30,True,0.21054690930009001,0.21054690930009001,False,False,False,0.995
chaikin_money_flow_20,volume_price_alignment_10,existing,overlap,306114,30,True,0.3724802976060772,0.3724802976060772,False,False,False,0.995
chaikin_money_flow_20,tod_log_volume_z,existing,overlap,306114,30,True,0.00033615203972207572,0.00033615203972207572,False,False,False,0.995
chaikin_money_flow_20,tod_relative_volume,existing,overlap,306114,30,True,0.00036215121593941209,0.00036215121593941209,False,False,False,0.995
chaikin_money_flow_20,distance_from_research_day_vwap_atr,existing,overlap,306114,30,True,0.1633333111438372,0.1633333111438372,False,False,False,0.995
chaikin_money_flow_20,distance_from_execution_session_vwap_atr,existing,overlap,304841,30,True,0.29950295407915234,0.29950295407915234,False,False,False,0.995
chaikin_money_flow_20,distance_from_rolling_vwap_20_atr,existing,overlap,306114,30,True,0.53581900849926434,0.53581900849926434,False,False,False,0.995
chaikin_money_flow_20,distance_from_rolling_vwap_60_atr,existing,overlap,305860,30,True,0.47065653942744407,0.47065653942744407,False,False,False,0.995
chaikin_money_flow_20,vwap_slope_5_atr,existing,overlap,306114,30,True,0.17705484363767779,0.17705484363767779,False,False,False,0.995
chaikin_money_flow_20,vwap_slope_15_atr,existing,overlap,306114,30,True,0.10390333951313233,0.10390333951313233,False,False,False,0.995
chaikin_money_flow_20,fraction_above_vwap_15,existing,overlap,306114,30,True,0.054128454207560364,0.054128454207560364,False,False,False,0.995
chaikin_money_flow_20,distance_from_session_open_atr,existing,overlap,304841,30,True,0.16165775743180907,0.16165775743180907,False,False,False,0.995
chaikin_money_flow_20,session_range_position,existing,overlap,304841,30,True,0.34729005749803948,0.34729005749803948,False,False,False,0.995
chaikin_money_flow_20,session_range_over_atr,existing,overlap,304841,30,True,0.0057261880455004464,0.0057261880455004464,False,False,False,0.995
chaikin_money_flow_20,efficiency_ratio_15,existing,overlap,306114,30,True,0.0093935943530552533,0.0093935943530552533,False,False,False,0.995
chaikin_money_flow_20,normalized_ols_slope_15,existing,overlap,306114,30,True,0.48115553140698836,0.48115553140698836,False,False,False,0.995
chaikin_money_flow_20,efficiency_ratio_30,existing,overlap,306057,30,True,0.0051794372843664161,0.0051794372843664161,False,False,False,0.995
chaikin_money_flow_20,normalized_ols_slope_30,existing,overlap,306062,30,True,0.49146264671996293,0.49146264671996293,False,False,False,0.995
chaikin_money_flow_20,efficiency_ratio_60,existing,overlap,305853,30,True,-0.0021205119436168507,0.0021205119436168507,False,False,False,0.995
chaikin_money_flow_20,normalized_ols_slope_60,existing,overlap,305860,30,True,0.14128040273976669,0.14128040273976669,False,False,False,0.995
chaikin_money_flow_20,ols_r_squared_30,existing,overlap,306062,30,True,0.0058044916257289844,0.0058044916257289844,False,False,False,0.995
chaikin_money_flow_20,directional_persistence_15,existing,overlap,306114,30,True,-0.012456879132053346,0.012456879132053346,False,False,False,0.995
chaikin_money_flow_20,return_autocorrelation_15,existing,overlap,306114,30,True,0.0029476924256050525,0.0029476924256050525,False,False,False,0.995
chaikin_money_flow_20,return_sign_change_rate_30,existing,overlap,306057,30,True,0.015103811672064458,0.015103811672064458,False,False,False,0.995
chaikin_money_flow_20,choppiness_14,existing,overlap,306114,30,True,-0.01021295111685698,0.01021295111685698,False,False,False,0.995
chaikin_money_flow_20,entry_session,existing,overlap,0,30,False,__MLAT_CSV_NULL_V1__,__MLAT_CSV_NULL_V1__,False,False,False,0.995
chaikin_money_flow_20,minute_from_execution_window_open,existing,overlap,306114,30,True,-0.0065262976120120135,0.0065262976120120135,False,False,False,0.995
chaikin_money_flow_20,session_progress_fraction,existing,overlap,306114,30,True,-0.0060083920849110803,0.0060083920849110803,False,False,False,0.995
chaikin_money_flow_20,minutes_to_noon_entry_cutoff,existing,overlap,306114,30,True,0.006481077817435189,0.006481077817435189,False,False,False,0.995
chaikin_money_flow_20,minutes_to_1530_forced_exit,existing,overlap,306114,30,True,0.006481077817435189,0.006481077817435189,False,False,False,0.995
chaikin_money_flow_20,new_york_minute_of_day,existing,overlap,306114,30,True,-0.006481077817435189,0.006481077817435189,False,False,False,0.995
chaikin_money_flow_20,time_of_day_sin,existing,overlap,306114,30,True,0.00040687467499845909,0.00040687467499845909,False,False,False,0.995
chaikin_money_flow_20,time_of_day_cos,existing,overlap,306114,30,True,0.006481077817435189,0.006481077817435189,False,False,False,0.995
chaikin_money_flow_20,day_of_week,existing,overlap,0,30,False,__MLAT_CSV_NULL_V1__,__MLAT_CSV_NULL_V1__,False,False,False,0.995
chaikin_money_flow_20,directional_energy_balance_15_exp,existing,overlap,306042,30,True,0.50990997807161875,0.50990997807161875,False,False,False,0.995
chaikin_money_flow_20,wick_pressure_balance_10_exp,existing,overlap,306067,30,True,0.2641781098973125,0.2641781098973125,False,False,False,0.995
chaikin_money_flow_20,compression_age_exp,existing,overlap,306057,30,True,0.019182900323251262,0.019182900323251262,False,False,False,0.995
chaikin_money_flow_20,vwap_elasticity_30_exp,existing,overlap,305936,30,True,-0.00099198558763643726,0.00099198558763643726,False,False,False,0.995
chaikin_money_flow_20,liquidity_vacuum_score_exp,existing,overlap,305616,30,True,-0.0023822798718020444,0.0023822798718020444,False,False,False,0.995
chaikin_money_flow_20,pullback_tension_5_30_exp,existing,overlap,306057,30,True,0.099829297683602256,0.099829297683602256,False,False,False,0.995
amihud_illiquidity_60,parkinson_volatility_30,candidate,overlap,305853,30,True,-0.50187580868673265,0.50187580868673265,False,False,False,0.995
amihud_illiquidity_60,rogers_satchell_volatility_30,candidate,overlap,305853,30,True,-0.51661924396991077,0.51661924396991077,False,False,False,0.995
amihud_illiquidity_60,realized_semivariance_balance_60,candidate,overlap,305853,30,True,0.01409068442294213,0.01409068442294213,False,False,False,0.995
amihud_illiquidity_60,bipower_jump_ratio_60,candidate,overlap,305846,30,True,-0.030922753952889379,0.030922753952889379,False,False,False,0.995
amihud_illiquidity_60,variance_ratio_60_5,candidate,overlap,305825,30,True,-0.14840695725797054,0.14840695725797054,False,False,False,0.995
amihud_illiquidity_60,return_sign_entropy_60,candidate,overlap,305853,30,True,0.34666184021877378,0.34666184021877378,False,False,False,0.995
amihud_illiquidity_60,volatility_of_volatility_60,candidate,overlap,305765,30,True,-0.19536773766187973,0.19536773766187973,False,False,False,0.995
amihud_illiquidity_60,return_1m_bps,existing,overlap,305853,30,True,-0.00069184344387100217,0.00069184344387100217,False,False,False,0.995
amihud_illiquidity_60,return_5m_bps,existing,overlap,305853,30,True,-0.0016350983092401797,0.0016350983092401797,False,False,False,0.995
amihud_illiquidity_60,return_15m_bps,existing,overlap,305853,30,True,-0.0044944304772186186,0.0044944304772186186,False,False,False,0.995
amihud_illiquidity_60,return_30m_bps,existing,overlap,305853,30,True,-0.002074108321594095,0.002074108321594095,False,False,False,0.995
amihud_illiquidity_60,return_60m_bps,existing,overlap,305853,30,True,-0.0026144438533348643,0.0026144438533348643,False,False,False,0.995
amihud_illiquidity_60,return_5m_atr,existing,overlap,305853,30,True,8.9134762907003173e-05,8.9134762907003173e-05,False,False,False,0.995
amihud_illiquidity_60,return_15m_atr,existing,overlap,305853,30,True,-0.0018464647887217384,0.0018464647887217384,False,False,False,0.995
amihud_illiquidity_60,return_30m_atr,existing,overlap,305853,30,True,-0.0012317423429098575,0.0012317423429098575,False,False,False,0.995
amihud_illiquidity_60,return_60m_atr,existing,overlap,305853,30,True,-0.002383435415132197,0.002383435415132197,False,False,False,0.995
amihud_illiquidity_60,absolute_return_1m_atr,existing,overlap,305853,30,True,0.054702758711422599,0.054702758711422599,False,False,False,0.995
amihud_illiquidity_60,momentum_acceleration_5_15,existing,overlap,305853,30,True,0.0030450477208403995,0.0030450477208403995,False,False,False,0.995
amihud_illiquidity_60,momentum_acceleration_15_30,existing,overlap,305853,30,True,0.0041608550202161115,0.0041608550202161115,False,False,False,0.995
amihud_illiquidity_60,directional_streak,existing,overlap,305853,30,True,-0.0025599542560090669,0.0025599542560090669,False,False,False,0.995
amihud_illiquidity_60,rolling_range_position_15,existing,overlap,305853,30,True,-0.0075780877081079749,0.0075780877081079749,False,False,False,0.995
amihud_illiquidity_60,rolling_range_position_60,existing,overlap,305853,30,True,-0.007462367531539932,0.007462367531539932,False,False,False,0.995
amihud_illiquidity_60,momentum_alignment_5_30,existing,overlap,305853,30,True,-0.0010524498434130946,0.0010524498434130946,False,False,False,0.995
amihud_illiquidity_60,atr_5,existing,overlap,305853,30,True,-0.43935597810137128,0.43935597810137128,False,False,False,0.995
amihud_illiquidity_60,atr_20,existing,overlap,305853,30,True,-0.50923882387858688,0.50923882387858688,False,False,False,0.995
amihud_illiquidity_60,atr_60,existing,overlap,305853,30,True,-0.57632781786677256,0.57632781786677256,False,False,False,0.995
amihud_illiquidity_60,atr_ratio_5_20,existing,overlap,305853,30,True,0.068442306529233499,0.068442306529233499,False,False,False,0.995
amihud_illiquidity_60,atr_ratio_20_60,existing,overlap,305853,30,True,0.12461301068131167,0.12461301068131167,False,False,False,0.995
amihud_illiquidity_60,realized_volatility_5,existing,overlap,305853,30,True,-0.30849956497664854,0.30849956497664854,False,False,False,0.995
amihud_illiquidity_60,realized_volatility_15,existing,overlap,305853,30,True,-0.39234972476573515,0.39234972476573515,False,False,False,0.995
amihud_illiquidity_60,realized_volatility_30,existing,overlap,305853,30,True,-0.44539736992181134,0.44539736992181134,False,False,False,0.995
amihud_illiquidity_60,realized_volatility_60,existing,overlap,305853,30,True,-0.49967967102673605,0.49967967102673605,False,False,False,0.995
amihud_illiquidity_60,realized_volatility_ratio_5_30,existing,overlap,305853,30,True,0.066046783539325013,0.066046783539325013,False,False,False,0.995
amihud_illiquidity_60,realized_volatility_ratio_15_60,existing,overlap,305853,30,True,0.11604852203760206,0.11604852203760206,False,False,False,0.995
amihud_illiquidity_60,current_range_over_atr,existing,overlap,305853,30,True,0.010497539249592526,0.010497539249592526,False,False,False,0.995
amihud_illiquidity_60,range_compression_ratio_5_30,existing,overlap,305853,30,True,0.093625839941374786,0.093625839941374786,False,False,False,0.995
amihud_illiquidity_60,signed_body_atr,existing,overlap,305853,30,True,-3.4803427298008858e-05,3.4803427298008858e-05,False,False,False,0.995
amihud_illiquidity_60,body_to_range,existing,overlap,305363,30,True,0.065047547575854139,0.065047547575854139,False,False,False,0.995
amihud_illiquidity_60,upper_wick_to_range,existing,overlap,305363,30,True,-0.066461257286105691,0.066461257286105691,False,False,False,0.995
amihud_illiquidity_60,lower_wick_to_range,existing,overlap,305363,30,True,-0.072764516475510604,0.072764516475510604,False,False,False,0.995
amihud_illiquidity_60,close_location_value,existing,overlap,305363,30,True,-0.0023808928091701986,0.0023808928091701986,False,False,False,0.995
amihud_illiquidity_60,range_relative_to_previous_bar,existing,overlap,305361,30,True,0.0014177487240500412,0.0014177487240500412,False,False,False,0.995
amihud_illiquidity_60,two_bar_directional_balance,existing,overlap,302353,30,True,-0.00065016148873190565,0.00065016148873190565,False,False,False,0.995
amihud_illiquidity_60,three_bar_directional_balance,existing,overlap,305404,30,True,-0.0015280781238914151,0.0015280781238914151,False,False,False,0.995
amihud_illiquidity_60,inside_bar,existing,overlap,305853,30,True,0.038369980478455898,0.038369980478455898,False,False,False,0.995
amihud_illiquidity_60,outside_bar,existing,overlap,305853,30,True,0.046801609010034106,0.046801609010034106,False,False,False,0.995
amihud_illiquidity_60,log_volume,existing,overlap,305853,30,True,-0.59240007619019397,0.59240007619019397,False,False,False,0.995
amihud_illiquidity_60,relative_volume_20,existing,overlap,305853,30,True,0.0099623708486221083,0.0099623708486221083,False,False,False,0.995
amihud_illiquidity_60,relative_volume_60,existing,overlap,305853,30,True,0.059328533774750884,0.059328533774750884,False,False,False,0.995
amihud_illiquidity_60,volume_zscore_60,existing,overlap,305853,30,True,0.10666367715434703,0.10666367715434703,False,False,False,0.995
amihud_illiquidity_60,volume_acceleration_5_20,existing,overlap,305853,30,True,0.061062526946000839,0.061062526946000839,False,False,False,0.995
amihud_illiquidity_60,volume_per_tick_range,existing,overlap,305363,30,True,-0.54733107343677645,0.54733107343677645,False,False,False,0.995
amihud_illiquidity_60,signed_volume_proxy,existing,overlap,305363,30,True,-0.0016187038402462072,0.0016187038402462072,False,False,False,0.995
amihud_illiquidity_60,volume_price_alignment_10,existing,overlap,305853,30,True,0.011777131838003888,0.011777131838003888,False,False,False,0.995
amihud_illiquidity_60,tod_log_volume_z,existing,overlap,305853,30,True,-0.23967804638731643,0.23967804638731643,False,False,False,0.995
amihud_illiquidity_60,tod_relative_volume,existing,overlap,305853,30,True,-0.23972536726387383,0.23972536726387383,False,False,False,0.995
amihud_illiquidity_60,distance_from_research_day_vwap_atr,existing,overlap,305853,30,True,-0.01290444606095811,0.01290444606095811,False,False,False,0.995
amihud_illiquidity_60,distance_from_execution_session_vwap_atr,existing,overlap,304583,30,True,-0.016529514152180892,0.016529514152180892,False,False,False,0.995
amihud_illiquidity_60,distance_from_rolling_vwap_20_atr,existing,overlap,305853,30,True,-0.0044265155003825269,0.0044265155003825269,False,False,False,0.995
amihud_illiquidity_60,distance_from_rolling_vwap_60_atr,existing,overlap,305853,30,True,-0.0037270866226995036,0.0037270866226995036,False,False,False,0.995
amihud_illiquidity_60,vwap_slope_5_atr,existing,overlap,305853,30,True,-0.016018219256599155,0.016018219256599155,False,False,False,0.995
amihud_illiquidity_60,vwap_slope_15_atr,existing,overlap,305853,30,True,-0.017112443248740665,0.017112443248740665,False,False,False,0.995
amihud_illiquidity_60,fraction_above_vwap_15,existing,overlap,305853,30,True,-0.014948442910703581,0.014948442910703581,False,False,False,0.995
amihud_illiquidity_60,distance_from_session_open_atr,existing,overlap,304583,30,True,-0.013665241229242165,0.013665241229242165,False,False,False,0.995
amihud_illiquidity_60,session_range_position,existing,overlap,304583,30,True,-0.01740385567771249,0.01740385567771249,False,False,False,0.995
amihud_illiquidity_60,session_range_over_atr,existing,overlap,304583,30,True,-0.37572145723217709,0.37572145723217709,False,False,False,0.995
amihud_illiquidity_60,efficiency_ratio_15,existing,overlap,305853,30,True,-0.056847413081904642,0.056847413081904642,False,False,False,0.995
amihud_illiquidity_60,normalized_ols_slope_15,existing,overlap,305853,30,True,-0.0016719582976393833,0.0016719582976393833,False,False,False,0.995
amihud_illiquidity_60,efficiency_ratio_30,existing,overlap,305853,30,True,-0.092758660193605708,0.092758660193605708,False,False,False,0.995
amihud_illiquidity_60,normalized_ols_slope_30,existing,overlap,305853,30,True,-0.0035953837399044946,0.0035953837399044946,False,False,False,0.995
amihud_illiquidity_60,efficiency_ratio_60,existing,overlap,305853,30,True,-0.1631072032982126,0.1631072032982126,False,False,False,0.995
amihud_illiquidity_60,normalized_ols_slope_60,existing,overlap,305853,30,True,-0.0022430042094982766,0.0022430042094982766,False,False,False,0.995
amihud_illiquidity_60,ols_r_squared_30,existing,overlap,305853,30,True,-0.074388302291056946,0.074388302291056946,False,False,False,0.995
amihud_illiquidity_60,directional_persistence_15,existing,overlap,305853,30,True,-0.050470351576821525,0.050470351576821525,False,False,False,0.995
amihud_illiquidity_60,return_autocorrelation_15,existing,overlap,305853,30,True,-0.040747044069000163,0.040747044069000163,False,False,False,0.995
amihud_illiquidity_60,return_sign_change_rate_30,existing,overlap,305853,30,True,0.16768885560928212,0.16768885560928212,False,False,False,0.995
amihud_illiquidity_60,choppiness_14,existing,overlap,305853,30,True,-0.032850586596050987,0.032850586596050987,False,False,False,0.995
amihud_illiquidity_60,entry_session,existing,overlap,0,30,False,__MLAT_CSV_NULL_V1__,__MLAT_CSV_NULL_V1__,False,False,False,0.995
amihud_illiquidity_60,minute_from_execution_window_open,existing,overlap,305853,30,True,-0.5309372564409528,0.5309372564409528,False,False,False,0.995
amihud_illiquidity_60,session_progress_fraction,existing,overlap,305853,30,True,-0.31781552772358818,0.31781552772358818,False,False,False,0.995
amihud_illiquidity_60,minutes_to_noon_entry_cutoff,existing,overlap,305853,30,True,0.62266786465486146,0.62266786465486146,False,False,False,0.995
amihud_illiquidity_60,minutes_to_1530_forced_exit,existing,overlap,305853,30,True,0.62266786465486146,0.62266786465486146,False,False,False,0.995
amihud_illiquidity_60,new_york_minute_of_day,existing,overlap,305853,30,True,-0.62266786465486146,0.62266786465486146,False,False,False,0.995
amihud_illiquidity_60,time_of_day_sin,existing,overlap,305853,30,True,0.63415255615359023,0.63415255615359023,False,False,False,0.995
amihud_illiquidity_60,time_of_day_cos,existing,overlap,305853,30,True,0.62266786465486146,0.62266786465486146,False,False,False,0.995
amihud_illiquidity_60,day_of_week,existing,overlap,0,30,False,__MLAT_CSV_NULL_V1__,__MLAT_CSV_NULL_V1__,False,False,False,0.995
amihud_illiquidity_60,directional_energy_balance_15_exp,existing,overlap,305853,30,True,0.0093523797400186896,0.0093523797400186896,False,False,False,0.995
amihud_illiquidity_60,wick_pressure_balance_10_exp,existing,overlap,305853,30,True,-0.012500171061569868,0.012500171061569868,False,False,False,0.995
amihud_illiquidity_60,compression_age_exp,existing,overlap,305853,30,True,-0.036120284542423935,0.036120284542423935,False,False,False,0.995
amihud_illiquidity_60,vwap_elasticity_30_exp,existing,overlap,305853,30,True,0.098616939983281318,0.098616939983281318,False,False,False,0.995
amihud_illiquidity_60,liquidity_vacuum_score_exp,existing,overlap,305363,30,True,0.050213398154734849,0.050213398154734849,False,False,False,0.995
amihud_illiquidity_60,pullback_tension_5_30_exp,existing,overlap,305853,30,True,0.0033099419628862463,0.0033099419628862463,False,False,False,0.995
parkinson_volatility_30,rogers_satchell_volatility_30,candidate,overlap,306062,30,True,0.98743578662082299,0.98743578662082299,False,False,False,0.995
parkinson_volatility_30,realized_semivariance_balance_60,candidate,overlap,305853,30,True,-0.039557489501764499,0.039557489501764499,False,False,False,0.995
parkinson_volatility_30,bipower_jump_ratio_60,candidate,overlap,305846,30,True,0.018309868844664894,0.018309868844664894,False,False,False,0.995
parkinson_volatility_30,variance_ratio_60_5,candidate,overlap,305825,30,True,0.10016970943188165,0.10016970943188165,False,False,False,0.995
parkinson_volatility_30,return_sign_entropy_60,candidate,overlap,305853,30,True,-0.65255536372375489,0.65255536372375489,False,False,False,0.995
parkinson_volatility_30,volatility_of_volatility_60,candidate,overlap,305765,30,True,0.27894464531350482,0.27894464531350482,False,False,False,0.995
parkinson_volatility_30,return_1m_bps,existing,overlap,306062,30,True,-0.0025619011906177882,0.0025619011906177882,False,False,False,0.995
parkinson_volatility_30,return_5m_bps,existing,overlap,306062,30,True,-0.0001111452389039307,0.0001111452389039307,False,False,False,0.995
parkinson_volatility_30,return_15m_bps,existing,overlap,306062,30,True,-0.0072698914248722855,0.0072698914248722855,False,False,False,0.995
parkinson_volatility_30,return_30m_bps,existing,overlap,306057,30,True,-0.022817248616313474,0.022817248616313474,False,False,False,0.995
parkinson_volatility_30,return_60m_bps,existing,overlap,305853,30,True,-0.043772422763583126,0.043772422763583126,False,False,False,0.995
parkinson_volatility_30,return_5m_atr,existing,overlap,306062,30,True,-0.0018211049577317288,0.0018211049577317288,False,False,False,0.995
parkinson_volatility_30,return_15m_atr,existing,overlap,306062,30,True,-0.0093579722659012984,0.0093579722659012984,False,False,False,0.995
parkinson_volatility_30,return_30m_atr,existing,overlap,306057,30,True,-0.020255983836673888,0.020255983836673888,False,False,False,0.995
parkinson_volatility_30,return_60m_atr,existing,overlap,305853,30,True,-0.040013274887538842,0.040013274887538842,False,False,False,0.995
parkinson_volatility_30,absolute_return_1m_atr,existing,overlap,306062,30,True,-0.042414376827801234,0.042414376827801234,False,False,False,0.995
parkinson_volatility_30,momentum_acceleration_5_15,existing,overlap,306062,30,True,-0.00027949826288612973,0.00027949826288612973,False,False,False,0.995
parkinson_volatility_30,momentum_acceleration_15_30,existing,overlap,306057,30,True,0.0028818355044771893,0.0028818355044771893,False,False,False,0.995
parkinson_volatility_30,directional_streak,existing,overlap,306062,30,True,-0.00076067546682411966,0.00076067546682411966,False,False,False,0.995
parkinson_volatility_30,rolling_range_position_15,existing,overlap,306062,30,True,0.001522313579029937,0.001522313579029937,False,False,False,0.995
parkinson_volatility_30,rolling_range_position_60,existing,overlap,305860,30,True,-0.018539528762194855,0.018539528762194855,False,False,False,0.995
parkinson_volatility_30,momentum_alignment_5_30,existing,overlap,306057,30,True,0.013926544240257948,0.013926544240257948,False,False,False,0.995
parkinson_volatility_30,atr_5,existing,overlap,306062,30,True,0.86958632601196439,0.86958632601196439,False,False,False,0.995
parkinson_volatility_30,atr_20,existing,overlap,306062,30,True,0.97269186000509467,0.97269186000509467,False,False,False,0.995
parkinson_volatility_30,atr_60,existing,overlap,305860,30,True,0.93641486728578727,0.93641486728578727,False,False,False,0.995
parkinson_volatility_30,atr_ratio_5_20,existing,overlap,306062,30,True,-0.055690118573056016,0.055690118573056016,False,False,False,0.995
parkinson_volatility_30,atr_ratio_20_60,existing,overlap,305860,30,True,0.17363562787130632,0.17363562787130632,False,False,False,0.995
parkinson_volatility_30,realized_volatility_5,existing,overlap,306062,30,True,0.7269198998442663,0.7269198998442663,False,False,False,0.995
parkinson_volatility_30,realized_volatility_15,existing,overlap,306062,30,True,0.89709751181986475,0.89709751181986475,False,False,False,0.995
parkinson_volatility_30,realized_volatility_30,existing,overlap,306057,30,True,0.97072323795005711,0.97072323795005711,False,False,False,0.995
parkinson_volatility_30,realized_volatility_60,existing,overlap,305853,30,True,0.94041408899096579,0.94041408899096579,False,False,False,0.995
parkinson_volatility_30,realized_volatility_ratio_5_30,existing,overlap,306057,30,True,-0.056886591949667213,0.056886591949667213,False,False,False,0.995
parkinson_volatility_30,realized_volatility_ratio_15_60,existing,overlap,305853,30,True,0.080866365670485829,0.080866365670485829,False,False,False,0.995
parkinson_volatility_30,current_range_over_atr,existing,overlap,306062,30,True,-0.0060028299173325514,0.0060028299173325514,False,False,False,0.995
parkinson_volatility_30,range_compression_ratio_5_30,existing,overlap,306062,30,True,-0.048893944889113444,0.048893944889113444,False,False,False,0.995
parkinson_volatility_30,signed_body_atr,existing,overlap,306062,30,True,-0.0010632464456976501,0.0010632464456976501,False,False,False,0.995
parkinson_volatility_30,body_to_range,existing,overlap,305564,30,True,-0.057351750111357742,0.057351750111357742,False,False,False,0.995
parkinson_volatility_30,upper_wick_to_range,existing,overlap,305564,30,True,0.084834337529444609,0.084834337529444609,False,False,False,0.995
parkinson_volatility_30,lower_wick_to_range,existing,overlap,305564,30,True,0.086407681271995732,0.086407681271995732,False,False,False,0.995
parkinson_volatility_30,close_location_value,existing,overlap,305564,30,True,-0.0013431721015545184,0.0013431721015545184,False,False,False,0.995
parkinson_volatility_30,range_relative_to_previous_bar,existing,overlap,305562,30,True,-0.0041157607333532987,0.0041157607333532987,False,False,False,0.995
parkinson_volatility_30,two_bar_directional_balance,existing,overlap,302554,30,True,-0.00045305086549535202,0.00045305086549535202,False,False,False,0.995
parkinson_volatility_30,three_bar_directional_balance,existing,overlap,305610,30,True,-0.0002676254080119631,0.0002676254080119631,False,False,False,0.995
parkinson_volatility_30,inside_bar,existing,overlap,306062,30,True,-0.071369533599077106,0.071369533599077106,False,False,False,0.995
parkinson_volatility_30,outside_bar,existing,overlap,306062,30,True,-0.097234563299876481,0.097234563299876481,False,False,False,0.995
parkinson_volatility_30,log_volume,existing,overlap,306062,30,True,0.67125767456424779,0.67125767456424779,False,False,False,0.995
parkinson_volatility_30,relative_volume_20,existing,overlap,306062,30,True,-0.019708328817744297,0.019708328817744297,False,False,False,0.995
parkinson_volatility_30,relative_volume_60,existing,overlap,305860,30,True,0.05321926406523543,0.05321926406523543,False,False,False,0.995
parkinson_volatility_30,volume_zscore_60,existing,overlap,305860,30,True,0.034083049821759498,0.034083049821759498,False,False,False,0.995
parkinson_volatility_30,volume_acceleration_5_20,existing,overlap,306062,30,True,-0.054438145225526348,0.054438145225526348,False,False,False,0.995
parkinson_volatility_30,volume_per_tick_range,existing,overlap,305564,30,True,0.31415489845440647,0.31415489845440647,False,False,False,0.995
parkinson_volatility_30,signed_volume_proxy,existing,overlap,305564,30,True,-0.0018181433792007744,0.0018181433792007744,False,False,False,0.995
parkinson_volatility_30,volume_price_alignment_10,existing,overlap,306062,30,True,-0.0044909179549174755,0.0044909179549174755,False,False,False,0.995
parkinson_volatility_30,tod_log_volume_z,existing,overlap,306062,30,True,0.31581744485783053,0.31581744485783053,False,False,False,0.995
parkinson_volatility_30,tod_relative_volume,existing,overlap,306062,30,True,0.31630172902222597,0.31630172902222597,False,False,False,0.995
parkinson_volatility_30,distance_from_research_day_vwap_atr,existing,overlap,306062,30,True,-0.054882346516465515,0.054882346516465515,False,False,False,0.995
parkinson_volatility_30,distance_from_execution_session_vwap_atr,existing,overlap,304789,30,True,-0.031229580168227532,0.031229580168227532,False,False,False,0.995
parkinson_volatility_30,distance_from_rolling_vwap_20_atr,existing,overlap,306062,30,True,0.0003973852542674787,0.0003973852542674787,False,False,False,0.995
parkinson_volatility_30,distance_from_rolling_vwap_60_atr,existing,overlap,305860,30,True,-0.020708837518295543,0.020708837518295543,False,False,False,0.995
parkinson_volatility_30,vwap_slope_5_atr,existing,overlap,306062,30,True,-0.049633718503746725,0.049633718503746725,False,False,False,0.995
parkinson_volatility_30,vwap_slope_15_atr,existing,overlap,306062,30,True,-0.051580104521998481,0.051580104521998481,False,False,False,0.995
parkinson_volatility_30,fraction_above_vwap_15,existing,overlap,306062,30,True,-0.054669220576292525,0.054669220576292525,False,False,False,0.995
parkinson_volatility_30,distance_from_session_open_atr,existing,overlap,304789,30,True,-0.033651039669498964,0.033651039669498964,False,False,False,0.995
parkinson_volatility_30,session_range_position,existing,overlap,304789,30,True,-0.022274034254811045,0.022274034254811045,False,False,False,0.995
parkinson_volatility_30,session_range_over_atr,existing,overlap,304789,30,True,0.13186536187066883,0.13186536187066883,False,False,False,0.995
parkinson_volatility_30,efficiency_ratio_15,existing,overlap,306062,30,True,0.049865521658190692,0.049865521658190692,False,False,False,0.995
parkinson_volatility_30,normalized_ols_slope_15,existing,overlap,306062,30,True,-0.0088272080215042199,0.0088272080215042199,False,False,False,0.995
parkinson_volatility_30,efficiency_ratio_30,existing,overlap,306057,30,True,0.10011820321953024,0.10011820321953024,False,False,False,0.995
parkinson_volatility_30,normalized_ols_slope_30,existing,overlap,306062,30,True,-0.017694391678986014,0.017694391678986014,False,False,False,0.995
parkinson_volatility_30,efficiency_ratio_60,existing,overlap,305853,30,True,0.15322542738242467,0.15322542738242467,False,False,False,0.995
parkinson_volatility_30,normalized_ols_slope_60,existing,overlap,305860,30,True,-0.04010111285494268,0.04010111285494268,False,False,False,0.995
parkinson_volatility_30,ols_r_squared_30,existing,overlap,306062,30,True,0.07292630332182197,0.07292630332182197,False,False,False,0.995
parkinson_volatility_30,directional_persistence_15,existing,overlap,306062,30,True,0.056098996474350328,0.056098996474350328,False,False,False,0.995
parkinson_volatility_30,return_autocorrelation_15,existing,overlap,306062,30,True,0.040410990607230163,0.040410990607230163,False,False,False,0.995
parkinson_volatility_30,return_sign_change_rate_30,existing,overlap,306057,30,True,-0.3204338432948009,0.3204338432948009,False,False,False,0.995
parkinson_volatility_30,choppiness_14,existing,overlap,306062,30,True,0.0040547523971952116,0.0040547523971952116,False,False,False,0.995
parkinson_volatility_30,entry_session,existing,overlap,0,30,False,__MLAT_CSV_NULL_V1__,__MLAT_CSV_NULL_V1__,False,False,False,0.995
parkinson_volatility_30,minute_from_execution_window_open,existing,overlap,306062,30,True,0.35744473862828385,0.35744473862828385,False,False,False,0.995
parkinson_volatility_30,session_progress_fraction,existing,overlap,306062,30,True,0.14059440120045502,0.14059440120045502,False,False,False,0.995
parkinson_volatility_30,minutes_to_noon_entry_cutoff,existing,overlap,306062,30,True,-0.47256603172381156,0.47256603172381156,False,False,False,0.995
parkinson_volatility_30,minutes_to_1530_forced_exit,existing,overlap,306062,30,True,-0.47256603172381156,0.47256603172381156,False,False,False,0.995
parkinson_volatility_30,new_york_minute_of_day,existing,overlap,306062,30,True,0.47256603172381156,0.47256603172381156,False,False,False,0.995
parkinson_volatility_30,time_of_day_sin,existing,overlap,306062,30,True,-0.52503678511134599,0.52503678511134599,False,False,False,0.995
parkinson_volatility_30,time_of_day_cos,existing,overlap,306062,30,True,-0.47256603172381156,0.47256603172381156,False,False,False,0.995
parkinson_volatility_30,day_of_week,existing,overlap,0,30,False,__MLAT_CSV_NULL_V1__,__MLAT_CSV_NULL_V1__,False,False,False,0.995
parkinson_volatility_30,directional_energy_balance_15_exp,existing,overlap,306042,30,True,-0.0078581371090401461,0.0078581371090401461,False,False,False,0.995
parkinson_volatility_30,wick_pressure_balance_10_exp,existing,overlap,306062,30,True,0.0065545247016094259,0.0065545247016094259,False,False,False,0.995
parkinson_volatility_30,compression_age_exp,existing,overlap,306057,30,True,0.036606657249997593,0.036606657249997593,False,False,False,0.995
parkinson_volatility_30,vwap_elasticity_30_exp,existing,overlap,305936,30,True,-0.29219310344046245,0.29219310344046245,False,False,False,0.995
parkinson_volatility_30,liquidity_vacuum_score_exp,existing,overlap,305564,30,True,-0.054917947497586474,0.054917947497586474,False,False,False,0.995
parkinson_volatility_30,pullback_tension_5_30_exp,existing,overlap,306057,30,True,-0.015607079824020419,0.015607079824020419,False,False,False,0.995
rogers_satchell_volatility_30,realized_semivariance_balance_60,candidate,overlap,305853,30,True,-0.041181104921537974,0.041181104921537974,False,False,False,0.995
rogers_satchell_volatility_30,bipower_jump_ratio_60,candidate,overlap,305846,30,True,0.012772007742617041,0.012772007742617041,False,False,False,0.995
rogers_satchell_volatility_30,variance_ratio_60_5,candidate,overlap,305825,30,True,0.10812977446471132,0.10812977446471132,False,False,False,0.995
rogers_satchell_volatility_30,return_sign_entropy_60,candidate,overlap,305853,30,True,-0.64076303165276327,0.64076303165276327,False,False,False,0.995
rogers_satchell_volatility_30,volatility_of_volatility_60,candidate,overlap,305765,30,True,0.27249710000267546,0.27249710000267546,False,False,False,0.995
rogers_satchell_volatility_30,return_1m_bps,existing,overlap,306062,30,True,-0.0028500641609464829,0.0028500641609464829,False,False,False,0.995
rogers_satchell_volatility_30,return_5m_bps,existing,overlap,306062,30,True,-0.001348882705171139,0.001348882705171139,False,False,False,0.995
rogers_satchell_volatility_30,return_15m_bps,existing,overlap,306062,30,True,-0.0094126951070812644,0.0094126951070812644,False,False,False,0.995
rogers_satchell_volatility_30,return_30m_bps,existing,overlap,306057,30,True,-0.025053468438501286,0.025053468438501286,False,False,False,0.995
rogers_satchell_volatility_30,return_60m_bps,existing,overlap,305853,30,True,-0.044352638718161641,0.044352638718161641,False,False,False,0.995
rogers_satchell_volatility_30,return_5m_atr,existing,overlap,306062,30,True,-0.0029939105305441492,0.0029939105305441492,False,False,False,0.995
rogers_satchell_volatility_30,return_15m_atr,existing,overlap,306062,30,True,-0.01142890008049219,0.01142890008049219,False,False,False,0.995
rogers_satchell_volatility_30,return_30m_atr,existing,overlap,306057,30,True,-0.022676195219307593,0.022676195219307593,False,False,False,0.995
rogers_satchell_volatility_30,return_60m_atr,existing,overlap,305853,30,True,-0.040339935257662003,0.040339935257662003,False,False,False,0.995
rogers_satchell_volatility_30,absolute_return_1m_atr,existing,overlap,306062,30,True,-0.055759862238041566,0.055759862238041566,False,False,False,0.995
rogers_satchell_volatility_30,momentum_acceleration_5_15,existing,overlap,306062,30,True,-0.00035088568913641991,0.00035088568913641991,False,False,False,0.995
rogers_satchell_volatility_30,momentum_acceleration_15_30,existing,overlap,306057,30,True,0.0021688879731550674,0.0021688879731550674,False,False,False,0.995
rogers_satchell_volatility_30,directional_streak,existing,overlap,306062,30,True,-0.0013608732512183515,0.0013608732512183515,False,False,False,0.995
rogers_satchell_volatility_30,rolling_range_position_15,existing,overlap,306062,30,True,0.00037474625223704057,0.00037474625223704057,False,False,False,0.995
rogers_satchell_volatility_30,rolling_range_position_60,existing,overlap,305860,30,True,-0.019531781689574652,0.019531781689574652,False,False,False,0.995
rogers_satchell_volatility_30,momentum_alignment_5_30,existing,overlap,306057,30,True,0.01177646567968557,0.01177646567968557,False,False,False,0.995
rogers_satchell_volatility_30,atr_5,existing,overlap,306062,30,True,0.85845038138749818,0.85845038138749818,False,False,False,0.995
rogers_satchell_volatility_30,atr_20,existing,overlap,306062,30,True,0.9617033422501996,0.9617033422501996,False,False,False,0.995
rogers_satchell_volatility_30,atr_60,existing,overlap,305860,30,True,0.93073263197782596,0.93073263197782596,False,False,False,0.995
rogers_satchell_volatility_30,atr_ratio_5_20,existing,overlap,306062,30,True,-0.058385474049967856,0.058385474049967856,False,False,False,0.995
rogers_satchell_volatility_30,atr_ratio_20_60,existing,overlap,305860,30,True,0.16045379626614911,0.16045379626614911,False,False,False,0.995
rogers_satchell_volatility_30,realized_volatility_5,existing,overlap,306062,30,True,0.69439589132624868,0.69439589132624868,False,False,False,0.995
rogers_satchell_volatility_30,realized_volatility_15,existing,overlap,306062,30,True,0.85606043390037956,0.85606043390037956,False,False,False,0.995
rogers_satchell_volatility_30,realized_volatility_30,existing,overlap,306057,30,True,0.92591592328248695,0.92591592328248695,False,False,False,0.995
rogers_satchell_volatility_30,realized_volatility_60,existing,overlap,305853,30,True,0.9145868027548677,0.9145868027548677,False,False,False,0.995
rogers_satchell_volatility_30,realized_volatility_ratio_5_30,existing,overlap,306057,30,True,-0.055123434436099607,0.055123434436099607,False,False,False,0.995
rogers_satchell_volatility_30,realized_volatility_ratio_15_60,existing,overlap,305853,30,True,0.048489435126287055,0.048489435126287055,False,False,False,0.995
rogers_satchell_volatility_30,current_range_over_atr,existing,overlap,306062,30,True,-0.0072274612469504186,0.0072274612469504186,False,False,False,0.995
rogers_satchell_volatility_30,range_compression_ratio_5_30,existing,overlap,306062,30,True,-0.05249102344438291,0.05249102344438291,False,False,False,0.995
rogers_satchell_volatility_30,signed_body_atr,existing,overlap,306062,30,True,-0.0012986548546369875,0.0012986548546369875,False,False,False,0.995
rogers_satchell_volatility_30,body_to_range,existing,overlap,305564,30,True,-0.075407456255024694,0.075407456255024694,False,False,False,0.995
rogers_satchell_volatility_30,upper_wick_to_range,existing,overlap,305564,30,True,0.094914210942627572,0.094914210942627572,False,False,False,0.995
rogers_satchell_volatility_30,lower_wick_to_range,existing,overlap,305564,30,True,0.096410068245032954,0.096410068245032954,False,False,False,0.995
rogers_satchell_volatility_30,close_location_value,existing,overlap,305564,30,True,-0.0015745102928902712,0.0015745102928902712,False,False,False,0.995
rogers_satchell_volatility_30,range_relative_to_previous_bar,existing,overlap,305562,30,True,-0.0043576972647390664,0.0043576972647390664,False,False,False,0.995
rogers_satchell_volatility_30,two_bar_directional_balance,existing,overlap,302554,30,True,-0.0011875217326751211,0.0011875217326751211,False,False,False,0.995
rogers_satchell_volatility_30,three_bar_directional_balance,existing,overlap,305610,30,True,-0.0011568093815244656,0.0011568093815244656,False,False,False,0.995
rogers_satchell_volatility_30,inside_bar,existing,overlap,306062,30,True,-0.068261289339752174,0.068261289339752174,False,False,False,0.995
rogers_satchell_volatility_30,outside_bar,existing,overlap,306062,30,True,-0.094295958733611449,0.094295958733611449,False,False,False,0.995
rogers_satchell_volatility_30,log_volume,existing,overlap,306062,30,True,0.66782157187693736,0.66782157187693736,False,False,False,0.995
rogers_satchell_volatility_30,relative_volume_20,existing,overlap,306062,30,True,-0.022541259267338312,0.022541259267338312,False,False,False,0.995
rogers_satchell_volatility_30,relative_volume_60,existing,overlap,305860,30,True,0.049237017703197772,0.049237017703197772,False,False,False,0.995
rogers_satchell_volatility_30,volume_zscore_60,existing,overlap,305860,30,True,0.030739646102905836,0.030739646102905836,False,False,False,0.995
rogers_satchell_volatility_30,volume_acceleration_5_20,existing,overlap,306062,30,True,-0.056173854739321384,0.056173854739321384,False,False,False,0.995
rogers_satchell_volatility_30,volume_per_tick_range,existing,overlap,305564,30,True,0.31764482132777255,0.31764482132777255,False,False,False,0.995
rogers_satchell_volatility_30,signed_volume_proxy,existing,overlap,305564,30,True,-0.0018805401701729708,0.0018805401701729708,False,False,False,0.995
rogers_satchell_volatility_30,volume_price_alignment_10,existing,overlap,306062,30,True,-0.0062338312660304993,0.0062338312660304993,False,False,False,0.995
rogers_satchell_volatility_30,tod_log_volume_z,existing,overlap,306062,30,True,0.31024143777569058,0.31024143777569058,False,False,False,0.995
rogers_satchell_volatility_30,tod_relative_volume,existing,overlap,306062,30,True,0.31081303591502812,0.31081303591502812,False,False,False,0.995
rogers_satchell_volatility_30,distance_from_research_day_vwap_atr,existing,overlap,306062,30,True,-0.054188927122194627,0.054188927122194627,False,False,False,0.995
rogers_satchell_volatility_30,distance_from_execution_session_vwap_atr,existing,overlap,304789,30,True,-0.031929894462946778,0.031929894462946778,False,False,False,0.995
rogers_satchell_volatility_30,distance_from_rolling_vwap_20_atr,existing,overlap,306062,30,True,-0.0013347440213289706,0.0013347440213289706,False,False,False,0.995
rogers_satchell_volatility_30,distance_from_rolling_vwap_60_atr,existing,overlap,305860,30,True,-0.021794904400619645,0.021794904400619645,False,False,False,0.995
rogers_satchell_volatility_30,vwap_slope_5_atr,existing,overlap,306062,30,True,-0.049863395931979713,0.049863395931979713,False,False,False,0.995
rogers_satchell_volatility_30,vwap_slope_15_atr,existing,overlap,306062,30,True,-0.051796556646758314,0.051796556646758314,False,False,False,0.995
rogers_satchell_volatility_30,fraction_above_vwap_15,existing,overlap,306062,30,True,-0.054107038347041524,0.054107038347041524,False,False,False,0.995
rogers_satchell_volatility_30,distance_from_session_open_atr,existing,overlap,304789,30,True,-0.033601761523490807,0.033601761523490807,False,False,False,0.995
rogers_satchell_volatility_30,session_range_position,existing,overlap,304789,30,True,-0.022900719338856537,0.022900719338856537,False,False,False,0.995
rogers_satchell_volatility_30,session_range_over_atr,existing,overlap,304789,30,True,0.13197264328909464,0.13197264328909464,False,False,False,0.995
rogers_satchell_volatility_30,efficiency_ratio_15,existing,overlap,306062,30,True,0.054598158512593101,0.054598158512593101,False,False,False,0.995
rogers_satchell_volatility_30,normalized_ols_slope_15,existing,overlap,306062,30,True,-0.010664783802797222,0.010664783802797222,False,False,False,0.995
rogers_satchell_volatility_30,efficiency_ratio_30,existing,overlap,306057,30,True,0.10800206972335663,0.10800206972335663,False,False,False,0.995
rogers_satchell_volatility_30,normalized_ols_slope_30,existing,overlap,306062,30,True,-0.020071626302608711,0.020071626302608711,False,False,False,0.995
rogers_satchell_volatility_30,efficiency_ratio_60,existing,overlap,305853,30,True,0.16233896896844718,0.16233896896844718,False,False,False,0.995
rogers_satchell_volatility_30,normalized_ols_slope_60,existing,overlap,305860,30,True,-0.040150962799483957,0.040150962799483957,False,False,False,0.995
rogers_satchell_volatility_30,ols_r_squared_30,existing,overlap,306062,30,True,0.081766620402131299,0.081766620402131299,False,False,False,0.995
rogers_satchell_volatility_30,directional_persistence_15,existing,overlap,306062,30,True,0.058939478157741775,0.058939478157741775,False,False,False,0.995
rogers_satchell_volatility_30,return_autocorrelation_15,existing,overlap,306062,30,True,0.044523701332076678,0.044523701332076678,False,False,False,0.995
rogers_satchell_volatility_30,return_sign_change_rate_30,existing,overlap,306057,30,True,-0.31308101458087323,0.31308101458087323,False,False,False,0.995
rogers_satchell_volatility_30,choppiness_14,existing,overlap,306062,30,True,0.020156545769129088,0.020156545769129088,False,False,False,0.995
rogers_satchell_volatility_30,entry_session,existing,overlap,0,30,False,__MLAT_CSV_NULL_V1__,__MLAT_CSV_NULL_V1__,False,False,False,0.995
rogers_satchell_volatility_30,minute_from_execution_window_open,existing,overlap,306062,30,True,0.35608646224997875,0.35608646224997875,False,False,False,0.995
rogers_satchell_volatility_30,session_progress_fraction,existing,overlap,306062,30,True,0.13836383117919165,0.13836383117919165,False,False,False,0.995
rogers_satchell_volatility_30,minutes_to_noon_entry_cutoff,existing,overlap,306062,30,True,-0.47269634930105853,0.47269634930105853,False,False,False,0.995
rogers_satchell_volatility_30,minutes_to_1530_forced_exit,existing,overlap,306062,30,True,-0.47269634930105853,0.47269634930105853,False,False,False,0.995
rogers_satchell_volatility_30,new_york_minute_of_day,existing,overlap,306062,30,True,0.47269634930105853,0.47269634930105853,False,False,False,0.995
rogers_satchell_volatility_30,time_of_day_sin,existing,overlap,306062,30,True,-0.52345199150542221,0.52345199150542221,False,False,False,0.995
rogers_satchell_volatility_30,time_of_day_cos,existing,overlap,306062,30,True,-0.47269634930105853,0.47269634930105853,False,False,False,0.995
rogers_satchell_volatility_30,day_of_week,existing,overlap,0,30,False,__MLAT_CSV_NULL_V1__,__MLAT_CSV_NULL_V1__,False,False,False,0.995
rogers_satchell_volatility_30,directional_energy_balance_15_exp,existing,overlap,306042,30,True,-0.010516563496912709,0.010516563496912709,False,False,False,0.995
rogers_satchell_volatility_30,wick_pressure_balance_10_exp,existing,overlap,306062,30,True,0.0075880718868433904,0.0075880718868433904,False,False,False,0.995
rogers_satchell_volatility_30,compression_age_exp,existing,overlap,306057,30,True,0.036019787083677236,0.036019787083677236,False,False,False,0.995
rogers_satchell_volatility_30,vwap_elasticity_30_exp,existing,overlap,305936,30,True,-0.27762961797464947,0.27762961797464947,False,False,False,0.995
rogers_satchell_volatility_30,liquidity_vacuum_score_exp,existing,overlap,305564,30,True,-0.063217937135748956,0.063217937135748956,False,False,False,0.995
rogers_satchell_volatility_30,pullback_tension_5_30_exp,existing,overlap,306057,30,True,-0.016585908965078788,0.016585908965078788,False,False,False,0.995
realized_semivariance_balance_60,bipower_jump_ratio_60,candidate,overlap,305846,30,True,0.033321339645564094,0.033321339645564094,False,False,False,0.995
realized_semivariance_balance_60,variance_ratio_60_5,candidate,overlap,305825,30,True,0.013043295352037755,0.013043295352037755,False,False,False,0.995
realized_semivariance_balance_60,return_sign_entropy_60,candidate,overlap,305853,30,True,0.025990823097643837,0.025990823097643837,False,False,False,0.995
realized_semivariance_balance_60,volatility_of_volatility_60,candidate,overlap,305765,30,True,-0.010692069378479776,0.010692069378479776,False,False,False,0.995
realized_semivariance_balance_60,return_1m_bps,existing,overlap,305853,30,True,0.080774212874986734,0.080774212874986734,False,False,False,0.995
realized_semivariance_balance_60,return_5m_bps,existing,overlap,305853,30,True,0.21351460299633671,0.21351460299633671,False,False,False,0.995
realized_semivariance_balance_60,return_15m_bps,existing,overlap,305853,30,True,0.38767604381171422,0.38767604381171422,False,False,False,0.995
realized_semivariance_balance_60,return_30m_bps,existing,overlap,305853,30,True,0.56709320741156843,0.56709320741156843,False,False,False,0.995
realized_semivariance_balance_60,return_60m_bps,existing,overlap,305853,30,True,0.86236815643369469,0.86236815643369469,False,False,False,0.995
realized_semivariance_balance_60,return_5m_atr,existing,overlap,305853,30,True,0.2206576700964489,0.2206576700964489,False,False,False,0.995
realized_semivariance_balance_60,return_15m_atr,existing,overlap,305853,30,True,0.39037023440669638,0.39037023440669638,False,False,False,0.995
realized_semivariance_balance_60,return_30m_atr,existing,overlap,305853,30,True,0.56415924840989362,0.56415924840989362,False,False,False,0.995
realized_semivariance_balance_60,return_60m_atr,existing,overlap,305853,30,True,0.87068951675946593,0.87068951675946593,False,False,False,0.995
realized_semivariance_balance_60,absolute_return_1m_atr,existing,overlap,305853,30,True,-0.0054859240686928731,0.0054859240686928731,False,False,False,0.995
realized_semivariance_balance_60,momentum_acceleration_5_15,existing,overlap,305853,30,True,0.0072263468337098917,0.0072263468337098917,False,False,False,0.995
realized_semivariance_balance_60,momentum_acceleration_15_30,existing,overlap,305853,30,True,0.02140029157027629,0.02140029157027629,False,False,False,0.995
realized_semivariance_balance_60,directional_streak,existing,overlap,305853,30,True,0.079813933332371953,0.079813933332371953,False,False,False,0.995
realized_semivariance_balance_60,rolling_range_position_15,existing,overlap,305853,30,True,0.28164671059947838,0.28164671059947838,False,False,False,0.995
realized_semivariance_balance_60,rolling_range_position_60,existing,overlap,305853,30,True,0.688263774147163,0.688263774147163,False,False,False,0.995
realized_semivariance_balance_60,momentum_alignment_5_30,existing,overlap,305853,30,True,-0.0020974357795194303,0.0020974357795194303,False,False,False,0.995
realized_semivariance_balance_60,atr_5,existing,overlap,305853,30,True,-0.041530552460352289,0.041530552460352289,False,False,False,0.995
realized_semivariance_balance_60,atr_20,existing,overlap,305853,30,True,-0.041766020370072793,0.041766020370072793,False,False,False,0.995
realized_semivariance_balance_60,atr_60,existing,overlap,305853,30,True,-0.031782677000128649,0.031782677000128649,False,False,False,0.995
realized_semivariance_balance_60,atr_ratio_5_20,existing,overlap,305853,30,True,-0.0080754905898619226,0.0080754905898619226,False,False,False,0.995
realized_semivariance_balance_60,atr_ratio_20_60,existing,overlap,305853,30,True,-0.029277672152176207,0.029277672152176207,False,False,False,0.995
realized_semivariance_balance_60,realized_volatility_5,existing,overlap,305853,30,True,-0.035816244263519377,0.035816244263519377,False,False,False,0.995
realized_semivariance_balance_60,realized_volatility_15,existing,overlap,305853,30,True,-0.036680172984974634,0.036680172984974634,False,False,False,0.995
realized_semivariance_balance_60,realized_volatility_30,existing,overlap,305853,30,True,-0.034378291814090377,0.034378291814090377,False,False,False,0.995
realized_semivariance_balance_60,realized_volatility_60,existing,overlap,305853,30,True,-0.024658236107770036,0.024658236107770036,False,False,False,0.995
realized_semivariance_balance_60,realized_volatility_ratio_5_30,existing,overlap,305853,30,True,-0.013196227435094892,0.013196227435094892,False,False,False,0.995
realized_semivariance_balance_60,realized_volatility_ratio_15_60,existing,overlap,305853,30,True,-0.030397904062935577,0.030397904062935577,False,False,False,0.995
realized_semivariance_balance_60,current_range_over_atr,existing,overlap,305853,30,True,-0.0064609351113489744,0.0064609351113489744,False,False,False,0.995
realized_semivariance_balance_60,range_compression_ratio_5_30,existing,overlap,305853,30,True,-0.011284474175017446,0.011284474175017446,False,False,False,0.995
realized_semivariance_balance_60,signed_body_atr,existing,overlap,305853,30,True,0.074392801085695653,0.074392801085695653,False,False,False,0.995
realized_semivariance_balance_60,body_to_range,existing,overlap,305363,30,True,-0.0042692888062340088,0.0042692888062340088,False,False,False,0.995
realized_semivariance_balance_60,upper_wick_to_range,existing,overlap,305363,30,True,0.031655603760896628,0.031655603760896628,False,False,False,0.995
realized_semivariance_balance_60,lower_wick_to_range,existing,overlap,305363,30,True,-0.029434082642729481,0.029434082642729481,False,False,False,0.995
realized_semivariance_balance_60,close_location_value,existing,overlap,305363,30,True,0.035760438812185893,0.035760438812185893,False,False,False,0.995
realized_semivariance_balance_60,range_relative_to_previous_bar,existing,overlap,305361,30,True,-0.00049980547755071282,0.00049980547755071282,False,False,False,0.995
realized_semivariance_balance_60,two_bar_directional_balance,existing,overlap,302353,30,True,0.096906677610481995,0.096906677610481995,False,False,False,0.995
realized_semivariance_balance_60,three_bar_directional_balance,existing,overlap,305404,30,True,0.13364396532830777,0.13364396532830777,False,False,False,0.995
realized_semivariance_balance_60,inside_bar,existing,overlap,305853,30,True,0.0014808170422688999,0.0014808170422688999,False,False,False,0.995
realized_semivariance_balance_60,outside_bar,existing,overlap,305853,30,True,0.0059866325736922278,0.0059866325736922278,False,False,False,0.995
realized_semivariance_balance_60,log_volume,existing,overlap,305853,30,True,-0.024526434654106775,0.024526434654106775,False,False,False,0.995
realized_semivariance_balance_60,relative_volume_20,existing,overlap,305853,30,True,-0.0020270535189509573,0.0020270535189509573,False,False,False,0.995
realized_semivariance_balance_60,relative_volume_60,existing,overlap,305853,30,True,-0.0070284540717927236,0.0070284540717927236,False,False,False,0.995
realized_semivariance_balance_60,volume_zscore_60,existing,overlap,305853,30,True,-0.0078985995875134989,0.0078985995875134989,False,False,False,0.995
realized_semivariance_balance_60,volume_acceleration_5_20,existing,overlap,305853,30,True,-0.0035764504197666248,0.0035764504197666248,False,False,False,0.995
realized_semivariance_balance_60,volume_per_tick_range,existing,overlap,305363,30,True,-0.00092397940402707754,0.00092397940402707754,False,False,False,0.995
realized_semivariance_balance_60,signed_volume_proxy,existing,overlap,305363,30,True,0.051978456298575233,0.051978456298575233,False,False,False,0.995
realized_semivariance_balance_60,volume_price_alignment_10,existing,overlap,305853,30,True,0.23063031499130562,0.23063031499130562,False,False,False,0.995
realized_semivariance_balance_60,tod_log_volume_z,existing,overlap,305853,30,True,-0.016808537668085904,0.016808537668085904,False,False,False,0.995
realized_semivariance_balance_60,tod_relative_volume,existing,overlap,305853,30,True,-0.017156693024507317,0.017156693024507317,False,False,False,0.995
realized_semivariance_balance_60,distance_from_research_day_vwap_atr,existing,overlap,305853,30,True,0.5895691299549366,0.5895691299549366,False,False,False,0.995
realized_semivariance_balance_60,distance_from_execution_session_vwap_atr,existing,overlap,304583,30,True,0.64348662732898187,0.64348662732898187,False,False,False,0.995
realized_semivariance_balance_60,distance_from_rolling_vwap_20_atr,existing,overlap,305853,30,True,0.32603486063673132,0.32603486063673132,False,False,False,0.995
realized_semivariance_balance_60,distance_from_rolling_vwap_60_atr,existing,overlap,305853,30,True,0.66202606998155356,0.66202606998155356,False,False,False,0.995
realized_semivariance_balance_60,vwap_slope_5_atr,existing,overlap,305853,30,True,0.6333100327162976,0.6333100327162976,False,False,False,0.995
realized_semivariance_balance_60,vwap_slope_15_atr,existing,overlap,305853,30,True,0.62009312252791127,0.62009312252791127,False,False,False,0.995
realized_semivariance_balance_60,fraction_above_vwap_15,existing,overlap,305853,30,True,0.52600029855642105,0.52600029855642105,False,False,False,0.995
realized_semivariance_balance_60,distance_from_session_open_atr,existing,overlap,304583,30,True,0.53526151661156574,0.53526151661156574,False,False,False,0.995
realized_semivariance_balance_60,session_range_position,existing,overlap,304583,30,True,0.63294647296259754,0.63294647296259754,False,False,False,0.995
realized_semivariance_balance_60,session_range_over_atr,existing,overlap,304583,30,True,0.013213972019646057,0.013213972019646057,False,False,False,0.995
realized_semivariance_balance_60,efficiency_ratio_15,existing,overlap,305853,30,True,0.0019232367207659585,0.0019232367207659585,False,False,False,0.995
realized_semivariance_balance_60,normalized_ols_slope_15,existing,overlap,305853,30,True,0.35226372132996642,0.35226372132996642,False,False,False,0.995
realized_semivariance_balance_60,efficiency_ratio_30,existing,overlap,305853,30,True,0.0047524934046354259,0.0047524934046354259,False,False,False,0.995
realized_semivariance_balance_60,normalized_ols_slope_30,existing,overlap,305853,30,True,0.50690571815923446,0.50690571815923446,False,False,False,0.995
realized_semivariance_balance_60,efficiency_ratio_60,existing,overlap,305853,30,True,0.010107801247742104,0.010107801247742104,False,False,False,0.995
realized_semivariance_balance_60,normalized_ols_slope_60,existing,overlap,305853,30,True,0.7733853958587219,0.7733853958587219,False,False,False,0.995
realized_semivariance_balance_60,ols_r_squared_30,existing,overlap,305853,30,True,0.0022714655600102325,0.0022714655600102325,False,False,False,0.995
realized_semivariance_balance_60,directional_persistence_15,existing,overlap,305853,30,True,-0.0099994112703122827,0.0099994112703122827,False,False,False,0.995
realized_semivariance_balance_60,return_autocorrelation_15,existing,overlap,305853,30,True,-0.0020515121129041389,0.0020515121129041389,False,False,False,0.995
realized_semivariance_balance_60,return_sign_change_rate_30,existing,overlap,305853,30,True,0.019666379055056665,0.019666379055056665,False,False,False,0.995
realized_semivariance_balance_60,choppiness_14,existing,overlap,305853,30,True,0.00056802545112960849,0.00056802545112960849,False,False,False,0.995
realized_semivariance_balance_60,entry_session,existing,overlap,0,30,False,__MLAT_CSV_NULL_V1__,__MLAT_CSV_NULL_V1__,False,False,False,0.995
realized_semivariance_balance_60,minute_from_execution_window_open,existing,overlap,305853,30,True,-0.014965667172941701,0.014965667172941701,False,False,False,0.995
realized_semivariance_balance_60,session_progress_fraction,existing,overlap,305853,30,True,-0.0082471265862567936,0.0082471265862567936,False,False,False,0.995
realized_semivariance_balance_60,minutes_to_noon_entry_cutoff,existing,overlap,305853,30,True,0.018775751277364239,0.018775751277364239,False,False,False,0.995
realized_semivariance_balance_60,minutes_to_1530_forced_exit,existing,overlap,305853,30,True,0.018775751277364239,0.018775751277364239,False,False,False,0.995
realized_semivariance_balance_60,new_york_minute_of_day,existing,overlap,305853,30,True,-0.018775751277364239,0.018775751277364239,False,False,False,0.995
realized_semivariance_balance_60,time_of_day_sin,existing,overlap,305853,30,True,0.021543991938776486,0.021543991938776486,False,False,False,0.995
realized_semivariance_balance_60,time_of_day_cos,existing,overlap,305853,30,True,0.018775751277364239,0.018775751277364239,False,False,False,0.995
realized_semivariance_balance_60,day_of_week,existing,overlap,0,30,False,__MLAT_CSV_NULL_V1__,__MLAT_CSV_NULL_V1__,False,False,False,0.995
realized_semivariance_balance_60,directional_energy_balance_15_exp,existing,overlap,305853,30,True,0.41750394845166083,0.41750394845166083,False,False,False,0.995
realized_semivariance_balance_60,wick_pressure_balance_10_exp,existing,overlap,305853,30,True,-0.15295940662321117,0.15295940662321117,False,False,False,0.995
realized_semivariance_balance_60,compression_age_exp,existing,overlap,305853,30,True,-0.0022826391103290549,0.0022826391103290549,False,False,False,0.995
realized_semivariance_balance_60,vwap_elasticity_30_exp,existing,overlap,305853,30,True,-0.0029048471329208296,0.0029048471329208296,False,False,False,0.995
realized_semivariance_balance_60,liquidity_vacuum_score_exp,existing,overlap,305363,30,True,-0.0025561075082638851,0.0025561075082638851,False,False,False,0.995
realized_semivariance_balance_60,pullback_tension_5_30_exp,existing,overlap,305853,30,True,0.24540958158027931,0.24540958158027931,False,False,False,0.995
bipower_jump_ratio_60,variance_ratio_60_5,candidate,overlap,305825,30,True,-0.014853044368336879,0.014853044368336879,False,False,False,0.995
bipower_jump_ratio_60,return_sign_entropy_60,candidate,overlap,305846,30,True,0.23252912282363863,0.23252912282363863,False,False,False,0.995
bipower_jump_ratio_60,volatility_of_volatility_60,candidate,overlap,305765,30,True,0.11738936017513443,0.11738936017513443,False,False,False,0.995
bipower_jump_ratio_60,return_1m_bps,existing,overlap,305846,30,True,0.0025176862628801724,0.0025176862628801724,False,False,False,0.995
bipower_jump_ratio_60,return_5m_bps,existing,overlap,305846,30,True,0.0075958292101082087,0.0075958292101082087,False,False,False,0.995
bipower_jump_ratio_60,return_15m_bps,existing,overlap,305846,30,True,0.013314807770719323,0.013314807770719323,False,False,False,0.995
bipower_jump_ratio_60,return_30m_bps,existing,overlap,305846,30,True,0.017716159412508932,0.017716159412508932,False,False,False,0.995
bipower_jump_ratio_60,return_60m_bps,existing,overlap,305846,30,True,0.027293752942761838,0.027293752942761838,False,False,False,0.995
bipower_jump_ratio_60,return_5m_atr,existing,overlap,305846,30,True,0.005803742605976726,0.005803742605976726,False,False,False,0.995
bipower_jump_ratio_60,return_15m_atr,existing,overlap,305846,30,True,0.01092836976193412,0.01092836976193412,False,False,False,0.995
bipower_jump_ratio_60,return_30m_atr,existing,overlap,305846,30,True,0.016292168228029178,0.016292168228029178,False,False,False,0.995
bipower_jump_ratio_60,return_60m_atr,existing,overlap,305846,30,True,0.027659130328385576,0.027659130328385576,False,False,False,0.995
bipower_jump_ratio_60,absolute_return_1m_atr,existing,overlap,305846,30,True,0.051936328380025029,0.051936328380025029,False,False,False,0.995
bipower_jump_ratio_60,momentum_acceleration_5_15,existing,overlap,305846,30,True,-0.0011656009778129412,0.0011656009778129412,False,False,False,0.995
bipower_jump_ratio_60,momentum_acceleration_15_30,existing,overlap,305846,30,True,0.0013693594595035003,0.0013693594595035003,False,False,False,0.995
bipower_jump_ratio_60,directional_streak,existing,overlap,305846,30,True,0.0022998806982544614,0.0022998806982544614,False,False,False,0.995
bipower_jump_ratio_60,rolling_range_position_15,existing,overlap,305846,30,True,0.0082896475133294404,0.0082896475133294404,False,False,False,0.995
bipower_jump_ratio_60,rolling_range_position_60,existing,overlap,305846,30,True,0.023370737353870141,0.023370737353870141,False,False,False,0.995
bipower_jump_ratio_60,momentum_alignment_5_30,existing,overlap,305846,30,True,0.012923777168736121,0.012923777168736121,False,False,False,0.995
bipower_jump_ratio_60,atr_5,existing,overlap,305846,30,True,0.020652239446341581,0.020652239446341581,False,False,False,0.995
bipower_jump_ratio_60,atr_20,existing,overlap,305846,30,True,-0.0001447539186841824,0.0001447539186841824,False,False,False,0.995
bipower_jump_ratio_60,atr_60,existing,overlap,305846,30,True,-0.032965754021847482,0.032965754021847482,False,False,False,0.995
bipower_jump_ratio_60,atr_ratio_5_20,existing,overlap,305846,30,True,0.041089341622445728,0.041089341622445728,False,False,False,0.995
bipower_jump_ratio_60,atr_ratio_20_60,existing,overlap,305846,30,True,0.082774351484557002,0.082774351484557002,False,False,False,0.995
bipower_jump_ratio_60,realized_volatility_5,existing,overlap,305846,30,True,0.044007728350640249,0.044007728350640249,False,False,False,0.995
bipower_jump_ratio_60,realized_volatility_15,existing,overlap,305846,30,True,0.03497528842815667,0.03497528842815667,False,False,False,0.995
bipower_jump_ratio_60,realized_volatility_30,existing,overlap,305846,30,True,0.027615603586586705,0.027615603586586705,False,False,False,0.995
bipower_jump_ratio_60,realized_volatility_60,existing,overlap,305846,30,True,0.013804657682261797,0.013804657682261797,False,False,False,0.995
bipower_jump_ratio_60,realized_volatility_ratio_5_30,existing,overlap,305846,30,True,0.029015442249862893,0.029015442249862893,False,False,False,0.995
bipower_jump_ratio_60,realized_volatility_ratio_15_60,existing,overlap,305846,30,True,0.045490803559458073,0.045490803559458073,False,False,False,0.995
bipower_jump_ratio_60,current_range_over_atr,existing,overlap,305846,30,True,0.056009808097217936,0.056009808097217936,False,False,False,0.995
bipower_jump_ratio_60,range_compression_ratio_5_30,existing,overlap,305846,30,True,0.049951953072816996,0.049951953072816996,False,False,False,0.995
bipower_jump_ratio_60,signed_body_atr,existing,overlap,305846,30,True,0.0024975713832077547,0.0024975713832077547,False,False,False,0.995
bipower_jump_ratio_60,body_to_range,existing,overlap,305356,30,True,0.033794768354051478,0.033794768354051478,False,False,False,0.995
bipower_jump_ratio_60,upper_wick_to_range,existing,overlap,305356,30,True,-0.018269913587842166,0.018269913587842166,False,False,False,0.995
bipower_jump_ratio_60,lower_wick_to_range,existing,overlap,305356,30,True,-0.023111353414978653,0.023111353414978653,False,False,False,0.995
bipower_jump_ratio_60,close_location_value,existing,overlap,305356,30,True,0.00093072471709644273,0.00093072471709644273,False,False,False,0.995
bipower_jump_ratio_60,range_relative_to_previous_bar,existing,overlap,305354,30,True,0.044156801343449667,0.044156801343449667,False,False,False,0.995
bipower_jump_ratio_60,two_bar_directional_balance,existing,overlap,302346,30,True,0.0013561916540741027,0.0013561916540741027,False,False,False,0.995
bipower_jump_ratio_60,three_bar_directional_balance,existing,overlap,305397,30,True,0.0028865234255219981,0.0028865234255219981,False,False,False,0.995
bipower_jump_ratio_60,inside_bar,existing,overlap,305846,30,True,-0.019244288339835987,0.019244288339835987,False,False,False,0.995
bipower_jump_ratio_60,outside_bar,existing,overlap,305846,30,True,0.0028877118721733564,0.0028877118721733564,False,False,False,0.995
bipower_jump_ratio_60,log_volume,existing,overlap,305846,30,True,0.042127576008010252,0.042127576008010252,False,False,False,0.995
bipower_jump_ratio_60,relative_volume_20,existing,overlap,305846,30,True,0.032581800438204252,0.032581800438204252,False,False,False,0.995
bipower_jump_ratio_60,relative_volume_60,existing,overlap,305846,30,True,0.06151578264832832,0.06151578264832832,False,False,False,0.995
bipower_jump_ratio_60,volume_zscore_60,existing,overlap,305846,30,True,0.08258763874549363,0.08258763874549363,False,False,False,0.995
bipower_jump_ratio_60,volume_acceleration_5_20,existing,overlap,305846,30,True,0.026736324851196321,0.026736324851196321,False,False,False,0.995
bipower_jump_ratio_60,volume_per_tick_range,existing,overlap,305356,30,True,0.02355353393783392,0.02355353393783392,False,False,False,0.995
bipower_jump_ratio_60,signed_volume_proxy,existing,overlap,305356,30,True,0.0016327497793616026,0.0016327497793616026,False,False,False,0.995
bipower_jump_ratio_60,volume_price_alignment_10,existing,overlap,305846,30,True,0.009648298566818694,0.009648298566818694,False,False,False,0.995
bipower_jump_ratio_60,tod_log_volume_z,existing,overlap,305846,30,True,0.05631344991109883,0.05631344991109883,False,False,False,0.995
bipower_jump_ratio_60,tod_relative_volume,existing,overlap,305846,30,True,0.056630740069860512,0.056630740069860512,False,False,False,0.995
bipower_jump_ratio_60,distance_from_research_day_vwap_atr,existing,overlap,305846,30,True,0.03196742394850443,0.03196742394850443,False,False,False,0.995
bipower_jump_ratio_60,distance_from_execution_session_vwap_atr,existing,overlap,304576,30,True,0.029936574964621432,0.029936574964621432,False,False,False,0.995
bipower_jump_ratio_60,distance_from_rolling_vwap_20_atr,existing,overlap,305846,30,True,0.0087455523555564716,0.0087455523555564716,False,False,False,0.995
bipower_jump_ratio_60,distance_from_rolling_vwap_60_atr,existing,overlap,305846,30,True,0.020077849301750328,0.020077849301750328,False,False,False,0.995
bipower_jump_ratio_60,vwap_slope_5_atr,existing,overlap,305846,30,True,0.032913844123708333,0.032913844123708333,False,False,False,0.995
bipower_jump_ratio_60,vwap_slope_15_atr,existing,overlap,305846,30,True,0.033853839185224194,0.033853839185224194,False,False,False,0.995
bipower_jump_ratio_60,fraction_above_vwap_15,existing,overlap,305846,30,True,0.032769109753010534,0.032769109753010534,False,False,False,0.995
bipower_jump_ratio_60,distance_from_session_open_atr,existing,overlap,304576,30,True,0.033787055537381747,0.033787055537381747,False,False,False,0.995
bipower_jump_ratio_60,session_range_position,existing,overlap,304576,30,True,0.031208585975501142,0.031208585975501142,False,False,False,0.995
bipower_jump_ratio_60,session_range_over_atr,existing,overlap,304576,30,True,-0.044913980005697497,0.044913980005697497,False,False,False,0.995
bipower_jump_ratio_60,efficiency_ratio_15,existing,overlap,305846,30,True,0.056421061101609958,0.056421061101609958,False,False,False,0.995
bipower_jump_ratio_60,normalized_ols_slope_15,existing,overlap,305846,30,True,0.0094792044748162815,0.0094792044748162815,False,False,False,0.995
bipower_jump_ratio_60,efficiency_ratio_30,existing,overlap,305846,30,True,0.06316838857490005,0.06316838857490005,False,False,False,0.995
bipower_jump_ratio_60,normalized_ols_slope_30,existing,overlap,305846,30,True,0.014776298798414744,0.014776298798414744,False,False,False,0.995
bipower_jump_ratio_60,efficiency_ratio_60,existing,overlap,305846,30,True,0.083992638737043115,0.083992638737043115,False,False,False,0.995
bipower_jump_ratio_60,normalized_ols_slope_60,existing,overlap,305846,30,True,0.026613830593664657,0.026613830593664657,False,False,False,0.995
bipower_jump_ratio_60,ols_r_squared_30,existing,overlap,305846,30,True,0.01502836565242808,0.01502836565242808,False,False,False,0.995
bipower_jump_ratio_60,directional_persistence_15,existing,overlap,305846,30,True,0.0045165572358848664,0.0045165572358848664,False,False,False,0.995
bipower_jump_ratio_60,return_autocorrelation_15,existing,overlap,305846,30,True,0.0022859898952345158,0.0022859898952345158,False,False,False,0.995
bipower_jump_ratio_60,return_sign_change_rate_30,existing,overlap,305846,30,True,0.10819467531805829,0.10819467531805829,False,False,False,0.995
bipower_jump_ratio_60,choppiness_14,existing,overlap,305846,30,True,-0.060332577151110504,0.060332577151110504,False,False,False,0.995
bipower_jump_ratio_60,entry_session,existing,overlap,0,30,False,__MLAT_CSV_NULL_V1__,__MLAT_CSV_NULL_V1__,False,False,False,0.995
bipower_jump_ratio_60,minute_from_execution_window_open,existing,overlap,305846,30,True,-0.052517603227711325,0.052517603227711325,False,False,False,0.995
bipower_jump_ratio_60,session_progress_fraction,existing,overlap,305846,30,True,-0.051827909192214743,0.051827909192214743,False,False,False,0.995
bipower_jump_ratio_60,minutes_to_noon_entry_cutoff,existing,overlap,305846,30,True,0.034931863386731744,0.034931863386731744,False,False,False,0.995
bipower_jump_ratio_60,minutes_to_1530_forced_exit,existing,overlap,305846,30,True,0.034931863386731744,0.034931863386731744,False,False,False,0.995
bipower_jump_ratio_60,new_york_minute_of_day,existing,overlap,305846,30,True,-0.034931863386731744,0.034931863386731744,False,False,False,0.995
bipower_jump_ratio_60,time_of_day_sin,existing,overlap,305846,30,True,0.057371330286904623,0.057371330286904623,False,False,False,0.995
bipower_jump_ratio_60,time_of_day_cos,existing,overlap,305846,30,True,0.034931863386731744,0.034931863386731744,False,False,False,0.995
bipower_jump_ratio_60,day_of_week,existing,overlap,0,30,False,__MLAT_CSV_NULL_V1__,__MLAT_CSV_NULL_V1__,False,False,False,0.995
bipower_jump_ratio_60,directional_energy_balance_15_exp,existing,overlap,305846,30,True,0.014571822154535443,0.014571822154535443,False,False,False,0.995
bipower_jump_ratio_60,wick_pressure_balance_10_exp,existing,overlap,305846,30,True,-0.0066038805059844673,0.0066038805059844673,False,False,False,0.995
bipower_jump_ratio_60,compression_age_exp,existing,overlap,305846,30,True,-0.0062042704788246184,0.0062042704788246184,False,False,False,0.995
bipower_jump_ratio_60,vwap_elasticity_30_exp,existing,overlap,305846,30,True,0.033135793457673118,0.033135793457673118,False,False,False,0.995
bipower_jump_ratio_60,liquidity_vacuum_score_exp,existing,overlap,305356,30,True,0.041230005656754158,0.041230005656754158,False,False,False,0.995
bipower_jump_ratio_60,pullback_tension_5_30_exp,existing,overlap,305846,30,True,0.0055375268787243807,0.0055375268787243807,False,False,False,0.995
variance_ratio_60_5,return_sign_entropy_60,candidate,overlap,305825,30,True,-0.099001016613694565,0.099001016613694565,False,False,False,0.995
variance_ratio_60_5,volatility_of_volatility_60,candidate,overlap,305765,30,True,0.021909607450385695,0.021909607450385695,False,False,False,0.995
variance_ratio_60_5,return_1m_bps,existing,overlap,305825,30,True,-0.00016031934734110593,0.00016031934734110593,False,False,False,0.995
variance_ratio_60_5,return_5m_bps,existing,overlap,305825,30,True,0.0018133103738366375,0.0018133103738366375,False,False,False,0.995
variance_ratio_60_5,return_15m_bps,existing,overlap,305825,30,True,0.013271572504787329,0.013271572504787329,False,False,False,0.995
variance_ratio_60_5,return_30m_bps,existing,overlap,305825,30,True,0.020739415476562668,0.020739415476562668,False,False,False,0.995
variance_ratio_60_5,return_60m_bps,existing,overlap,305825,30,True,0.02622288579272446,0.02622288579272446,False,False,False,0.995
variance_ratio_60_5,return_5m_atr,existing,overlap,305825,30,True,0.00019700895742671634,0.00019700895742671634,False,False,False,0.995
variance_ratio_60_5,return_15m_atr,existing,overlap,305825,30,True,0.0087748260878315835,0.0087748260878315835,False,False,False,0.995
variance_ratio_60_5,return_30m_atr,existing,overlap,305825,30,True,0.016005387225095803,0.016005387225095803,False,False,False,0.995
variance_ratio_60_5,return_60m_atr,existing,overlap,305825,30,True,0.023503077382251245,0.023503077382251245,False,False,False,0.995
variance_ratio_60_5,absolute_return_1m_atr,existing,overlap,305825,30,True,-0.052807403507281879,0.052807403507281879,False,False,False,0.995
variance_ratio_60_5,momentum_acceleration_5_15,existing,overlap,305825,30,True,-0.0065023193077170778,0.0065023193077170778,False,False,False,0.995
variance_ratio_60_5,momentum_acceleration_15_30,existing,overlap,305825,30,True,-0.0021608249302413115,0.0021608249302413115,False,False,False,0.995
variance_ratio_60_5,directional_streak,existing,overlap,305825,30,True,0.00015503350090524724,0.00015503350090524724,False,False,False,0.995
variance_ratio_60_5,rolling_range_position_15,existing,overlap,305825,30,True,0.0054915710795256411,0.0054915710795256411,False,False,False,0.995
variance_ratio_60_5,rolling_range_position_60,existing,overlap,305825,30,True,0.022944750545526169,0.022944750545526169,False,False,False,0.995
variance_ratio_60_5,momentum_alignment_5_30,existing,overlap,305825,30,True,-0.014719638892511381,0.014719638892511381,False,False,False,0.995
variance_ratio_60_5,atr_5,existing,overlap,305825,30,True,0.068697112473745589,0.068697112473745589,False,False,False,0.995
variance_ratio_60_5,atr_20,existing,overlap,305825,30,True,0.10092947709682563,0.10092947709682563,False,False,False,0.995
variance_ratio_60_5,atr_60,existing,overlap,305825,30,True,0.12271182184795691,0.12271182184795691,False,False,False,0.995
variance_ratio_60_5,atr_ratio_5_20,existing,overlap,305825,30,True,-0.056368472720340235,0.056368472720340235,False,False,False,0.995
variance_ratio_60_5,atr_ratio_20_60,existing,overlap,305825,30,True,-0.044874310196845804,0.044874310196845804,False,False,False,0.995
variance_ratio_60_5,realized_volatility_5,existing,overlap,305825,30,True,0.030111103930848333,0.030111103930848333,False,False,False,0.995
variance_ratio_60_5,realized_volatility_15,existing,overlap,305825,30,True,0.066791422992107136,0.066791422992107136,False,False,False,0.995
variance_ratio_60_5,realized_volatility_30,existing,overlap,305825,30,True,0.083883955826686979,0.083883955826686979,False,False,False,0.995
variance_ratio_60_5,realized_volatility_60,existing,overlap,305825,30,True,0.095491737108693686,0.095491737108693686,False,False,False,0.995
variance_ratio_60_5,realized_volatility_ratio_5_30,existing,overlap,305825,30,True,-0.062622580274245554,0.062622580274245554,False,False,False,0.995
variance_ratio_60_5,realized_volatility_ratio_15_60,existing,overlap,305825,30,True,-0.043139314353280812,0.043139314353280812,False,False,False,0.995
variance_ratio_60_5,current_range_over_atr,existing,overlap,305825,30,True,-0.042485123490495373,0.042485123490495373,False,False,False,0.995
variance_ratio_60_5,range_compression_ratio_5_30,existing,overlap,305825,30,True,-0.063551876819498657,0.063551876819498657,False,False,False,0.995
variance_ratio_60_5,signed_body_atr,existing,overlap,305825,30,True,-0.0001423283739567085,0.0001423283739567085,False,False,False,0.995
variance_ratio_60_5,body_to_range,existing,overlap,305336,30,True,-0.038694100431661854,0.038694100431661854,False,False,False,0.995
variance_ratio_60_5,upper_wick_to_range,existing,overlap,305336,30,True,0.026144304185343463,0.026144304185343463,False,False,False,0.995
variance_ratio_60_5,lower_wick_to_range,existing,overlap,305336,30,True,0.029057591252431063,0.029057591252431063,False,False,False,0.995
variance_ratio_60_5,close_location_value,existing,overlap,305336,30,True,0.00057354960725635232,0.00057354960725635232,False,False,False,0.995
variance_ratio_60_5,range_relative_to_previous_bar,existing,overlap,305334,30,True,-0.0093537908148823342,0.0093537908148823342,False,False,False,0.995
variance_ratio_60_5,two_bar_directional_balance,existing,overlap,302326,30,True,-0.00027830984921189061,0.00027830984921189061,False,False,False,0.995
variance_ratio_60_5,three_bar_directional_balance,existing,overlap,305376,30,True,-0.00024780659356551384,0.00024780659356551384,False,False,False,0.995
variance_ratio_60_5,inside_bar,existing,overlap,305825,30,True,-0.0071301249312398949,0.0071301249312398949,False,False,False,0.995
variance_ratio_60_5,outside_bar,existing,overlap,305825,30,True,-0.014335609033418878,0.014335609033418878,False,False,False,0.995
variance_ratio_60_5,log_volume,existing,overlap,305825,30,True,0.062758834629174656,0.062758834629174656,False,False,False,0.995
variance_ratio_60_5,relative_volume_20,existing,overlap,305825,30,True,-0.054756715309880806,0.054756715309880806,False,False,False,0.995
variance_ratio_60_5,relative_volume_60,existing,overlap,305825,30,True,-0.085674435683980685,0.085674435683980685,False,False,False,0.995
variance_ratio_60_5,volume_zscore_60,existing,overlap,305825,30,True,-0.07831344874294531,0.07831344874294531,False,False,False,0.995
variance_ratio_60_5,volume_acceleration_5_20,existing,overlap,305825,30,True,-0.064401602490330417,0.064401602490330417,False,False,False,0.995
variance_ratio_60_5,volume_per_tick_range,existing,overlap,305336,30,True,0.052326348454571722,0.052326348454571722,False,False,False,0.995
variance_ratio_60_5,signed_volume_proxy,existing,overlap,305336,30,True,0.00039907545678871475,0.00039907545678871475,False,False,False,0.995
variance_ratio_60_5,volume_price_alignment_10,existing,overlap,305825,30,True,-0.006007176181522903,0.006007176181522903,False,False,False,0.995
variance_ratio_60_5,tod_log_volume_z,existing,overlap,305825,30,True,0.050366853620938568,0.050366853620938568,False,False,False,0.995
variance_ratio_60_5,tod_relative_volume,existing,overlap,305825,30,True,0.050018341213496013,0.050018341213496013,False,False,False,0.995
variance_ratio_60_5,distance_from_research_day_vwap_atr,existing,overlap,305825,30,True,0.0086216910727205717,0.0086216910727205717,False,False,False,0.995
variance_ratio_60_5,distance_from_execution_session_vwap_atr,existing,overlap,304555,30,True,0.01369454747811482,0.01369454747811482,False,False,False,0.995
variance_ratio_60_5,distance_from_rolling_vwap_20_atr,existing,overlap,305825,30,True,0.00711150875954558,0.00711150875954558,False,False,False,0.995
variance_ratio_60_5,distance_from_rolling_vwap_60_atr,existing,overlap,305825,30,True,0.021860772136576539,0.021860772136576539,False,False,False,0.995
variance_ratio_60_5,vwap_slope_5_atr,existing,overlap,305825,30,True,0.014938894010817745,0.014938894010817745,False,False,False,0.995
variance_ratio_60_5,vwap_slope_15_atr,existing,overlap,305825,30,True,0.016269265443072174,0.016269265443072174,False,False,False,0.995
variance_ratio_60_5,fraction_above_vwap_15,existing,overlap,305825,30,True,0.013662088231838128,0.013662088231838128,False,False,False,0.995
variance_ratio_60_5,distance_from_session_open_atr,existing,overlap,304555,30,True,0.0071465044686919261,0.0071465044686919261,False,False,False,0.995
variance_ratio_60_5,session_range_position,existing,overlap,304555,30,True,0.018013318179199194,0.018013318179199194,False,False,False,0.995
variance_ratio_60_5,session_range_over_atr,existing,overlap,304555,30,True,0.12430822514346555,0.12430822514346555,False,False,False,0.995
variance_ratio_60_5,efficiency_ratio_15,existing,overlap,305825,30,True,0.16119570265435604,0.16119570265435604,False,False,False,0.995
variance_ratio_60_5,normalized_ols_slope_15,existing,overlap,305825,30,True,0.0079707389980721403,0.0079707389980721403,False,False,False,0.995
variance_ratio_60_5,efficiency_ratio_30,existing,overlap,305825,30,True,0.13178468519373648,0.13178468519373648,False,False,False,0.995
variance_ratio_60_5,normalized_ols_slope_30,existing,overlap,305825,30,True,0.016132349486731905,0.016132349486731905,False,False,False,0.995
variance_ratio_60_5,efficiency_ratio_60,existing,overlap,305825,30,True,0.045611295245852612,0.045611295245852612,False,False,False,0.995
variance_ratio_60_5,normalized_ols_slope_60,existing,overlap,305825,30,True,0.025382588045216401,0.025382588045216401,False,False,False,0.995
variance_ratio_60_5,ols_r_squared_30,existing,overlap,305825,30,True,0.025059623234011529,0.025059623234011529,False,False,False,0.995
variance_ratio_60_5,directional_persistence_15,existing,overlap,305825,30,True,0.11502469879588231,0.11502469879588231,False,False,False,0.995
variance_ratio_60_5,return_autocorrelation_15,existing,overlap,305825,30,True,0.22089521972266127,0.22089521972266127,False,False,False,0.995
variance_ratio_60_5,return_sign_change_rate_30,existing,overlap,305825,30,True,-0.27563699081606746,0.27563699081606746,False,False,False,0.995
variance_ratio_60_5,choppiness_14,existing,overlap,305825,30,True,-0.21728817440737735,0.21728817440737735,False,False,False,0.995
variance_ratio_60_5,entry_session,existing,overlap,0,30,False,__MLAT_CSV_NULL_V1__,__MLAT_CSV_NULL_V1__,False,False,False,0.995
variance_ratio_60_5,minute_from_execution_window_open,existing,overlap,305825,30,True,0.056251764549037006,0.056251764549037006,False,False,False,0.995
variance_ratio_60_5,session_progress_fraction,existing,overlap,305825,30,True,0.040743281426824235,0.040743281426824235,False,False,False,0.995
variance_ratio_60_5,minutes_to_noon_entry_cutoff,existing,overlap,305825,30,True,-0.051098598183255434,0.051098598183255434,False,False,False,0.995
variance_ratio_60_5,minutes_to_1530_forced_exit,existing,overlap,305825,30,True,-0.051098598183255434,0.051098598183255434,False,False,False,0.995
variance_ratio_60_5,new_york_minute_of_day,existing,overlap,305825,30,True,0.051098598183255434,0.051098598183255434,False,False,False,0.995
variance_ratio_60_5,time_of_day_sin,existing,overlap,305825,30,True,-0.069519754057634803,0.069519754057634803,False,False,False,0.995
variance_ratio_60_5,time_of_day_cos,existing,overlap,305825,30,True,-0.051098598183255434,0.051098598183255434,False,False,False,0.995
variance_ratio_60_5,day_of_week,existing,overlap,0,30,False,__MLAT_CSV_NULL_V1__,__MLAT_CSV_NULL_V1__,False,False,False,0.995
variance_ratio_60_5,directional_energy_balance_15_exp,existing,overlap,305825,30,True,0.0020119277910809067,0.0020119277910809067,False,False,False,0.995
variance_ratio_60_5,wick_pressure_balance_10_exp,existing,overlap,305825,30,True,8.0020829135274554e-05,8.0020829135274554e-05,False,False,False,0.995
variance_ratio_60_5,compression_age_exp,existing,overlap,305825,30,True,0.026591226403445002,0.026591226403445002,False,False,False,0.995
variance_ratio_60_5,vwap_elasticity_30_exp,existing,overlap,305825,30,True,0.22922313582782419,0.22922313582782419,False,False,False,0.995
variance_ratio_60_5,liquidity_vacuum_score_exp,existing,overlap,305336,30,True,-0.028729665913584179,0.028729665913584179,False,False,False,0.995
variance_ratio_60_5,pullback_tension_5_30_exp,existing,overlap,305825,30,True,0.011314931436225877,0.011314931436225877,False,False,False,0.995
return_sign_entropy_60,volatility_of_volatility_60,candidate,overlap,305765,30,True,-0.056844771585111142,0.056844771585111142,False,False,False,0.995
return_sign_entropy_60,return_1m_bps,existing,overlap,305853,30,True,0.0029851308895518717,0.0029851308895518717,False,False,False,0.995
return_sign_entropy_60,return_5m_bps,existing,overlap,305853,30,True,0.0018118953843746452,0.0018118953843746452,False,False,False,0.995
return_sign_entropy_60,return_15m_bps,existing,overlap,305853,30,True,0.0084534264670187674,0.0084534264670187674,False,False,False,0.995
return_sign_entropy_60,return_30m_bps,existing,overlap,305853,30,True,0.018318568812003531,0.018318568812003531,False,False,False,0.995
return_sign_entropy_60,return_60m_bps,existing,overlap,305853,30,True,0.033036514604400803,0.033036514604400803,False,False,False,0.995
return_sign_entropy_60,return_5m_atr,existing,overlap,305853,30,True,0.0027705547320275897,0.0027705547320275897,False,False,False,0.995
return_sign_entropy_60,return_15m_atr,existing,overlap,305853,30,True,0.010321406207375086,0.010321406207375086,False,False,False,0.995
return_sign_entropy_60,return_30m_atr,existing,overlap,305853,30,True,0.017074600767376744,0.017074600767376744,False,False,False,0.995
return_sign_entropy_60,return_60m_atr,existing,overlap,305853,30,True,0.029618647306506148,0.029618647306506148,False,False,False,0.995
return_sign_entropy_60,absolute_return_1m_atr,existing,overlap,305853,30,True,-0.0018020244380918832,0.0018020244380918832,False,False,False,0.995
return_sign_entropy_60,momentum_acceleration_5_15,existing,overlap,305853,30,True,0.00021948620312136401,0.00021948620312136401,False,False,False,0.995
return_sign_entropy_60,momentum_acceleration_15_30,existing,overlap,305853,30,True,0.0013666142733091058,0.0013666142733091058,False,False,False,0.995
return_sign_entropy_60,directional_streak,existing,overlap,305853,30,True,0.0021522324860149102,0.0021522324860149102,False,False,False,0.995
return_sign_entropy_60,rolling_range_position_15,existing,overlap,305853,30,True,0.0042238214184053954,0.0042238214184053954,False,False,False,0.995
return_sign_entropy_60,rolling_range_position_60,existing,overlap,305853,30,True,0.016191412304531614,0.016191412304531614,False,False,False,0.995
return_sign_entropy_60,momentum_alignment_5_30,existing,overlap,305853,30,True,-0.016901915865041667,0.016901915865041667,False,False,False,0.995
return_sign_entropy_60,atr_5,existing,overlap,305853,30,True,-0.57698845656565156,0.57698845656565156,False,False,False,0.995
return_sign_entropy_60,atr_20,existing,overlap,305853,30,True,-0.65404438716851476,0.65404438716851476,False,False,False,0.995
return_sign_entropy_60,atr_60,existing,overlap,305853,30,True,-0.7151616578699963,0.7151616578699963,False,False,False,0.995
return_sign_entropy_60,atr_ratio_5_20,existing,overlap,305853,30,True,0.050118394029619526,0.050118394029619526,False,False,False,0.995
return_sign_entropy_60,atr_ratio_20_60,existing,overlap,305853,30,True,0.080946028013917162,0.080946028013917162,False,False,False,0.995
return_sign_entropy_60,realized_volatility_5,existing,overlap,305853,30,True,-0.48382680035965159,0.48382680035965159,False,False,False,0.995
return_sign_entropy_60,realized_volatility_15,existing,overlap,305853,30,True,-0.58814623575996328,0.58814623575996328,False,False,False,0.995
return_sign_entropy_60,realized_volatility_30,existing,overlap,305853,30,True,-0.64337798092702414,0.64337798092702414,False,False,False,0.995
return_sign_entropy_60,realized_volatility_60,existing,overlap,305853,30,True,-0.69302420702621037,0.69302420702621037,False,False,False,0.995
return_sign_entropy_60,realized_volatility_ratio_5_30,existing,overlap,305853,30,True,0.039742236733397752,0.039742236733397752,False,False,False,0.995
return_sign_entropy_60,realized_volatility_ratio_15_60,existing,overlap,305853,30,True,0.083239103953567886,0.083239103953567886,False,False,False,0.995
return_sign_entropy_60,current_range_over_atr,existing,overlap,305853,30,True,0.0023088233869392283,0.0023088233869392283,False,False,False,0.995
return_sign_entropy_60,range_compression_ratio_5_30,existing,overlap,305853,30,True,0.067835089879762653,0.067835089879762653,False,False,False,0.995
return_sign_entropy_60,signed_body_atr,existing,overlap,305853,30,True,0.002488034649157245,0.002488034649157245,False,False,False,0.995
return_sign_entropy_60,body_to_range,existing,overlap,305363,30,True,0.012617438236825429,0.012617438236825429,False,False,False,0.995
return_sign_entropy_60,upper_wick_to_range,existing,overlap,305363,30,True,-0.04243754883041858,0.04243754883041858,False,False,False,0.995
return_sign_entropy_60,lower_wick_to_range,existing,overlap,305363,30,True,-0.045226417334141449,0.045226417334141449,False,False,False,0.995
return_sign_entropy_60,close_location_value,existing,overlap,305363,30,True,0.0013588590332455496,0.0013588590332455496,False,False,False,0.995
return_sign_entropy_60,range_relative_to_previous_bar,existing,overlap,305361,30,True,-0.0017685665312236515,0.0017685665312236515,False,False,False,0.995
return_sign_entropy_60,two_bar_directional_balance,existing,overlap,302353,30,True,0.0015971984534322934,0.0015971984534322934,False,False,False,0.995
return_sign_entropy_60,three_bar_directional_balance,existing,overlap,305404,30,True,0.0022760869601404915,0.0022760869601404915,False,False,False,0.995
return_sign_entropy_60,inside_bar,existing,overlap,305853,30,True,0.058913863524917953,0.058913863524917953,False,False,False,0.995
return_sign_entropy_60,outside_bar,existing,overlap,305853,30,True,0.071309733236927408,0.071309733236927408,False,False,False,0.995
return_sign_entropy_60,log_volume,existing,overlap,305853,30,True,-0.44096735611597215,0.44096735611597215,False,False,False,0.995
return_sign_entropy_60,relative_volume_20,existing,overlap,305853,30,True,0.0042408321295658137,0.0042408321295658137,False,False,False,0.995
return_sign_entropy_60,relative_volume_60,existing,overlap,305853,30,True,0.039111820526908918,0.039111820526908918,False,False,False,0.995
return_sign_entropy_60,volume_zscore_60,existing,overlap,305853,30,True,0.070736660128111375,0.070736660128111375,False,False,False,0.995
return_sign_entropy_60,volume_acceleration_5_20,existing,overlap,305853,30,True,0.04230167699052223,0.04230167699052223,False,False,False,0.995
return_sign_entropy_60,volume_per_tick_range,existing,overlap,305363,30,True,-0.1919218974458331,0.1919218974458331,False,False,False,0.995
return_sign_entropy_60,signed_volume_proxy,existing,overlap,305363,30,True,0.0020276454907509796,0.0020276454907509796,False,False,False,0.995
return_sign_entropy_60,volume_price_alignment_10,existing,overlap,305853,30,True,0.006765665484663945,0.006765665484663945,False,False,False,0.995
return_sign_entropy_60,tod_log_volume_z,existing,overlap,305853,30,True,-0.20081882221592709,0.20081882221592709,False,False,False,0.995
return_sign_entropy_60,tod_relative_volume,existing,overlap,305853,30,True,-0.20114057702415974,0.20114057702415974,False,False,False,0.995
return_sign_entropy_60,distance_from_research_day_vwap_atr,existing,overlap,305853,30,True,0.046160044086679737,0.046160044086679737,False,False,False,0.995
return_sign_entropy_60,distance_from_execution_session_vwap_atr,existing,overlap,304583,30,True,0.028103102153390139,0.028103102153390139,False,False,False,0.995
return_sign_entropy_60,distance_from_rolling_vwap_20_atr,existing,overlap,305853,30,True,0.0046296323128270193,0.0046296323128270193,False,False,False,0.995
return_sign_entropy_60,distance_from_rolling_vwap_60_atr,existing,overlap,305853,30,True,0.016241033733489837,0.016241033733489837,False,False,False,0.995
return_sign_entropy_60,vwap_slope_5_atr,existing,overlap,305853,30,True,0.040916754523192884,0.040916754523192884,False,False,False,0.995
return_sign_entropy_60,vwap_slope_15_atr,existing,overlap,305853,30,True,0.041567060330214005,0.041567060330214005,False,False,False,0.995
return_sign_entropy_60,fraction_above_vwap_15,existing,overlap,305853,30,True,0.04472341605999796,0.04472341605999796,False,False,False,0.995
return_sign_entropy_60,distance_from_session_open_atr,existing,overlap,304583,30,True,0.036828885900646584,0.036828885900646584,False,False,False,0.995
return_sign_entropy_60,session_range_position,existing,overlap,304583,30,True,0.025996613097010297,0.025996613097010297,False,False,False,0.995
return_sign_entropy_60,session_range_over_atr,existing,overlap,304583,30,True,-0.21547781824017828,0.21547781824017828,False,False,False,0.995
return_sign_entropy_60,efficiency_ratio_15,existing,overlap,305853,30,True,-0.0031282800618004612,0.0031282800618004612,False,False,False,0.995
return_sign_entropy_60,normalized_ols_slope_15,existing,overlap,305853,30,True,0.0094212793406908014,0.0094212793406908014,False,False,False,0.995
return_sign_entropy_60,efficiency_ratio_30,existing,overlap,305853,30,True,-0.035746601265170375,0.035746601265170375,False,False,False,0.995
return_sign_entropy_60,normalized_ols_slope_30,existing,overlap,305853,30,True,0.016329150567982963,0.016329150567982963,False,False,False,0.995
return_sign_entropy_60,efficiency_ratio_60,existing,overlap,305853,30,True,-0.095363437001450224,0.095363437001450224,False,False,False,0.995
return_sign_entropy_60,normalized_ols_slope_60,existing,overlap,305853,30,True,0.027838927006494596,0.027838927006494596,False,False,False,0.995
return_sign_entropy_60,ols_r_squared_30,existing,overlap,305853,30,True,-0.048125269283907403,0.048125269283907403,False,False,False,0.995
return_sign_entropy_60,directional_persistence_15,existing,overlap,305853,30,True,-0.066923535962066835,0.066923535962066835,False,False,False,0.995
return_sign_entropy_60,return_autocorrelation_15,existing,overlap,305853,30,True,-0.019298292895100204,0.019298292895100204,False,False,False,0.995
return_sign_entropy_60,return_sign_change_rate_30,existing,overlap,305853,30,True,0.39636227881146741,0.39636227881146741,False,False,False,0.995
return_sign_entropy_60,choppiness_14,existing,overlap,305853,30,True,-0.035226835718013771,0.035226835718013771,False,False,False,0.995
return_sign_entropy_60,entry_session,existing,overlap,0,30,False,__MLAT_CSV_NULL_V1__,__MLAT_CSV_NULL_V1__,False,False,False,0.995
return_sign_entropy_60,minute_from_execution_window_open,existing,overlap,305853,30,True,-0.34288539105744992,0.34288539105744992,False,False,False,0.995
return_sign_entropy_60,session_progress_fraction,existing,overlap,305853,30,True,-0.19903376936452827,0.19903376936452827,False,False,False,0.995
return_sign_entropy_60,minutes_to_noon_entry_cutoff,existing,overlap,305853,30,True,0.37663711357354629,0.37663711357354629,False,False,False,0.995
return_sign_entropy_60,minutes_to_1530_forced_exit,existing,overlap,305853,30,True,0.37663711357354629,0.37663711357354629,False,False,False,0.995
return_sign_entropy_60,new_york_minute_of_day,existing,overlap,305853,30,True,-0.37663711357354629,0.37663711357354629,False,False,False,0.995
return_sign_entropy_60,time_of_day_sin,existing,overlap,305853,30,True,0.43720904067201888,0.43720904067201888,False,False,False,0.995
return_sign_entropy_60,time_of_day_cos,existing,overlap,305853,30,True,0.37663711357354629,0.37663711357354629,False,False,False,0.995
return_sign_entropy_60,day_of_week,existing,overlap,0,30,False,__MLAT_CSV_NULL_V1__,__MLAT_CSV_NULL_V1__,False,False,False,0.995
return_sign_entropy_60,directional_energy_balance_15_exp,existing,overlap,305853,30,True,0.0088134025095529516,0.0088134025095529516,False,False,False,0.995
return_sign_entropy_60,wick_pressure_balance_10_exp,existing,overlap,305853,30,True,-0.0072595131327437062,0.0072595131327437062,False,False,False,0.995
return_sign_entropy_60,compression_age_exp,existing,overlap,305853,30,True,3.1356218272543159e-06,3.1356218272543159e-06,False,False,False,0.995
return_sign_entropy_60,vwap_elasticity_30_exp,existing,overlap,305853,30,True,0.24402038681934099,0.24402038681934099,False,False,False,0.995
return_sign_entropy_60,liquidity_vacuum_score_exp,existing,overlap,305363,30,True,0.033769049977342223,0.033769049977342223,False,False,False,0.995
return_sign_entropy_60,pullback_tension_5_30_exp,existing,overlap,305853,30,True,0.01331939861856098,0.01331939861856098,False,False,False,0.995
volatility_of_volatility_60,return_1m_bps,existing,overlap,305765,30,True,-0.0020254943064295329,0.0020254943064295329,False,False,False,0.995
volatility_of_volatility_60,return_5m_bps,existing,overlap,305765,30,True,-0.0026523648350612636,0.0026523648350612636,False,False,False,0.995
volatility_of_volatility_60,return_15m_bps,existing,overlap,305765,30,True,-0.0053521442521142024,0.0053521442521142024,False,False,False,0.995
volatility_of_volatility_60,return_30m_bps,existing,overlap,305765,30,True,-0.0086041830716929949,0.0086041830716929949,False,False,False,0.995
volatility_of_volatility_60,return_60m_bps,existing,overlap,305765,30,True,-0.011985905551677539,0.011985905551677539,False,False,False,0.995
volatility_of_volatility_60,return_5m_atr,existing,overlap,305765,30,True,-0.0034821062306822337,0.0034821062306822337,False,False,False,0.995
volatility_of_volatility_60,return_15m_atr,existing,overlap,305765,30,True,-0.0064986155838885739,0.0064986155838885739,False,False,False,0.995
volatility_of_volatility_60,return_30m_atr,existing,overlap,305765,30,True,-0.008084313471883842,0.008084313471883842,False,False,False,0.995
volatility_of_volatility_60,return_60m_atr,existing,overlap,305765,30,True,-0.0095957365135736512,0.0095957365135736512,False,False,False,0.995
volatility_of_volatility_60,absolute_return_1m_atr,existing,overlap,305765,30,True,-0.015006146865416766,0.015006146865416766,False,False,False,0.995
volatility_of_volatility_60,momentum_acceleration_5_15,existing,overlap,305765,30,True,-0.00023685527912586769,0.00023685527912586769,False,False,False,0.995
volatility_of_volatility_60,momentum_acceleration_15_30,existing,overlap,305765,30,True,-0.0028940356303410134,0.0028940356303410134,False,False,False,0.995
volatility_of_volatility_60,directional_streak,existing,overlap,305765,30,True,-0.0030894412588359688,0.0030894412588359688,False,False,False,0.995
volatility_of_volatility_60,rolling_range_position_15,existing,overlap,305765,30,True,0.0021494126634383722,0.0021494126634383722,False,False,False,0.995
volatility_of_volatility_60,rolling_range_position_60,existing,overlap,305765,30,True,0.0033674395273756209,0.0033674395273756209,False,False,False,0.995
volatility_of_volatility_60,momentum_alignment_5_30,existing,overlap,305765,30,True,0.0015683382425592156,0.0015683382425592156,False,False,False,0.995
volatility_of_volatility_60,atr_5,existing,overlap,305765,30,True,0.23916844852410973,0.23916844852410973,False,False,False,0.995
volatility_of_volatility_60,atr_20,existing,overlap,305765,30,True,0.26056161662185123,0.26056161662185123,False,False,False,0.995
volatility_of_volatility_60,atr_60,existing,overlap,305765,30,True,0.22176214003060823,0.22176214003060823,False,False,False,0.995
volatility_of_volatility_60,atr_ratio_5_20,existing,overlap,305765,30,True,-0.012979539321694005,0.012979539321694005,False,False,False,0.995
volatility_of_volatility_60,atr_ratio_20_60,existing,overlap,305765,30,True,0.090904549713357721,0.090904549713357721,False,False,False,0.995
volatility_of_volatility_60,realized_volatility_5,existing,overlap,305765,30,True,0.1972206101209,0.1972206101209,False,False,False,0.995
volatility_of_volatility_60,realized_volatility_15,existing,overlap,305765,30,True,0.24431962790459949,0.24431962790459949,False,False,False,0.995
volatility_of_volatility_60,realized_volatility_30,existing,overlap,305765,30,True,0.27007050398732541,0.27007050398732541,False,False,False,0.995
volatility_of_volatility_60,realized_volatility_60,existing,overlap,305765,30,True,0.28494369590293878,0.28494369590293878,False,False,False,0.995
volatility_of_volatility_60,realized_volatility_ratio_5_30,existing,overlap,305765,30,True,-0.032518650676975569,0.032518650676975569,False,False,False,0.995
volatility_of_volatility_60,realized_volatility_ratio_15_60,existing,overlap,305765,30,True,-0.028431150208014299,0.028431150208014299,False,False,False,0.995
volatility_of_volatility_60,current_range_over_atr,existing,overlap,305765,30,True,-0.0069428493137757997,0.0069428493137757997,False,False,False,0.995
volatility_of_volatility_60,range_compression_ratio_5_30,existing,overlap,305765,30,True,-0.0036356482763802321,0.0036356482763802321,False,False,False,0.995
volatility_of_volatility_60,signed_body_atr,existing,overlap,305765,30,True,-0.0016165174373390079,0.0016165174373390079,False,False,False,0.995
volatility_of_volatility_60,body_to_range,existing,overlap,305276,30,True,-0.0192856274934371,0.0192856274934371,False,False,False,0.995
volatility_of_volatility_60,upper_wick_to_range,existing,overlap,305276,30,True,0.024116797871958303,0.024116797871958303,False,False,False,0.995
volatility_of_volatility_60,lower_wick_to_range,existing,overlap,305276,30,True,0.026889120728997944,0.026889120728997944,False,False,False,0.995
volatility_of_volatility_60,close_location_value,existing,overlap,305276,30,True,-0.00064972914927709127,0.00064972914927709127,False,False,False,0.995
volatility_of_volatility_60,range_relative_to_previous_bar,existing,overlap,305274,30,True,-0.0047022921842923854,0.0047022921842923854,False,False,False,0.995
volatility_of_volatility_60,two_bar_directional_balance,existing,overlap,302267,30,True,-0.0028526638965247438,0.0028526638965247438,False,False,False,0.995
volatility_of_volatility_60,three_bar_directional_balance,existing,overlap,305316,30,True,-0.0026664005326361259,0.0026664005326361259,False,False,False,0.995
volatility_of_volatility_60,inside_bar,existing,overlap,305765,30,True,-0.012428381621602983,0.012428381621602983,False,False,False,0.995
volatility_of_volatility_60,outside_bar,existing,overlap,305765,30,True,-0.026255214827781849,0.026255214827781849,False,False,False,0.995
volatility_of_volatility_60,log_volume,existing,overlap,305765,30,True,0.2174188348933537,0.2174188348933537,False,False,False,0.995
volatility_of_volatility_60,relative_volume_20,existing,overlap,305765,30,True,-0.018833002320933222,0.018833002320933222,False,False,False,0.995
volatility_of_volatility_60,relative_volume_60,existing,overlap,305765,30,True,0.022741108653085023,0.022741108653085023,False,False,False,0.995
volatility_of_volatility_60,volume_zscore_60,existing,overlap,305765,30,True,0.068063413110803814,0.068063413110803814,False,False,False,0.995
volatility_of_volatility_60,volume_acceleration_5_20,existing,overlap,305765,30,True,-0.021635851093016627,0.021635851093016627,False,False,False,0.995
volatility_of_volatility_60,volume_per_tick_range,existing,overlap,305276,30,True,0.1409226048913291,0.1409226048913291,False,False,False,0.995
volatility_of_volatility_60,signed_volume_proxy,existing,overlap,305276,30,True,-0.00042053022728166377,0.00042053022728166377,False,False,False,0.995
volatility_of_volatility_60,volume_price_alignment_10,existing,overlap,305765,30,True,-0.0028884893725661591,0.0028884893725661591,False,False,False,0.995
volatility_of_volatility_60,tod_log_volume_z,existing,overlap,305765,30,True,0.11525640705393923,0.11525640705393923,False,False,False,0.995
volatility_of_volatility_60,tod_relative_volume,existing,overlap,305765,30,True,0.11537071294567627,0.11537071294567627,False,False,False,0.995
volatility_of_volatility_60,distance_from_research_day_vwap_atr,existing,overlap,305765,30,True,-0.0073216964079494216,0.0073216964079494216,False,False,False,0.995
volatility_of_volatility_60,distance_from_execution_session_vwap_atr,existing,overlap,304495,30,True,-0.0019842089657512866,0.0019842089657512866,False,False,False,0.995
volatility_of_volatility_60,distance_from_rolling_vwap_20_atr,existing,overlap,305765,30,True,-0.0011569544521012644,0.0011569544521012644,False,False,False,0.995
volatility_of_volatility_60,distance_from_rolling_vwap_60_atr,existing,overlap,305765,30,True,-0.00046962979992747262,0.00046962979992747262,False,False,False,0.995
volatility_of_volatility_60,vwap_slope_5_atr,existing,overlap,305765,30,True,-0.011620535452311129,0.011620535452311129,False,False,False,0.995
volatility_of_volatility_60,vwap_slope_15_atr,existing,overlap,305765,30,True,-0.012020341795423313,0.012020341795423313,False,False,False,0.995
volatility_of_volatility_60,fraction_above_vwap_15,existing,overlap,305765,30,True,-0.0056195436742538475,0.0056195436742538475,False,False,False,0.995
volatility_of_volatility_60,distance_from_session_open_atr,existing,overlap,304495,30,True,-0.00044661580229688738,0.00044661580229688738,False,False,False,0.995
volatility_of_volatility_60,session_range_position,existing,overlap,304495,30,True,0.0017769278549090621,0.0017769278549090621,False,False,False,0.995
volatility_of_volatility_60,session_range_over_atr,existing,overlap,304495,30,True,-0.0089334140095584953,0.0089334140095584953,False,False,False,0.995
volatility_of_volatility_60,efficiency_ratio_15,existing,overlap,305765,30,True,0.031881812608752981,0.031881812608752981,False,False,False,0.995
volatility_of_volatility_60,normalized_ols_slope_15,existing,overlap,305765,30,True,-0.0062088203204751875,0.0062088203204751875,False,False,False,0.995
volatility_of_volatility_60,efficiency_ratio_30,existing,overlap,305765,30,True,0.06658484738273561,0.06658484738273561,False,False,False,0.995
volatility_of_volatility_60,normalized_ols_slope_30,existing,overlap,305765,30,True,-0.0069364769759499359,0.0069364769759499359,False,False,False,0.995
volatility_of_volatility_60,efficiency_ratio_60,existing,overlap,305765,30,True,0.09837021374023576,0.09837021374023576,False,False,False,0.995
volatility_of_volatility_60,normalized_ols_slope_60,existing,overlap,305765,30,True,-0.0078484539377975011,0.0078484539377975011,False,False,False,0.995
volatility_of_volatility_60,ols_r_squared_30,existing,overlap,305765,30,True,0.029450941465658634,0.029450941465658634,False,False,False,0.995
volatility_of_volatility_60,directional_persistence_15,existing,overlap,305765,30,True,0.0090534637449178404,0.0090534637449178404,False,False,False,0.995
volatility_of_volatility_60,return_autocorrelation_15,existing,overlap,305765,30,True,0.019638860280382767,0.019638860280382767,False,False,False,0.995
volatility_of_volatility_60,return_sign_change_rate_30,existing,overlap,305765,30,True,-0.053099202304798081,0.053099202304798081,False,False,False,0.995
volatility_of_volatility_60,choppiness_14,existing,overlap,305765,30,True,-0.02182312505247188,0.02182312505247188,False,False,False,0.995
volatility_of_volatility_60,entry_session,existing,overlap,0,30,False,__MLAT_CSV_NULL_V1__,__MLAT_CSV_NULL_V1__,False,False,False,0.995
volatility_of_volatility_60,minute_from_execution_window_open,existing,overlap,305765,30,True,0.027228853250647004,0.027228853250647004,False,False,False,0.995
volatility_of_volatility_60,session_progress_fraction,existing,overlap,305765,30,True,-0.038044092688321832,0.038044092688321832,False,False,False,0.995
volatility_of_volatility_60,minutes_to_noon_entry_cutoff,existing,overlap,305765,30,True,-0.10829537681543874,0.10829537681543874,False,False,False,0.995
volatility_of_volatility_60,minutes_to_1530_forced_exit,existing,overlap,305765,30,True,-0.10829537681543874,0.10829537681543874,False,False,False,0.995
volatility_of_volatility_60,new_york_minute_of_day,existing,overlap,305765,30,True,0.10829537681543874,0.10829537681543874,False,False,False,0.995
volatility_of_volatility_60,time_of_day_sin,existing,overlap,305765,30,True,-0.079803038899462289,0.079803038899462289,False,False,False,0.995
volatility_of_volatility_60,time_of_day_cos,existing,overlap,305765,30,True,-0.10829537681543874,0.10829537681543874,False,False,False,0.995
volatility_of_volatility_60,day_of_week,existing,overlap,0,30,False,__MLAT_CSV_NULL_V1__,__MLAT_CSV_NULL_V1__,False,False,False,0.995
volatility_of_volatility_60,directional_energy_balance_15_exp,existing,overlap,305765,30,True,-0.0042981852264643867,0.0042981852264643867,False,False,False,0.995
volatility_of_volatility_60,wick_pressure_balance_10_exp,existing,overlap,305765,30,True,0.0055995414544992737,0.0055995414544992737,False,False,False,0.995
volatility_of_volatility_60,compression_age_exp,existing,overlap,305765,30,True,0.054799152043971351,0.054799152043971351,False,False,False,0.995
volatility_of_volatility_60,vwap_elasticity_30_exp,existing,overlap,305765,30,True,-0.0036875706308798595,0.0036875706308798595,False,False,False,0.995
volatility_of_volatility_60,liquidity_vacuum_score_exp,existing,overlap,305276,30,True,-0.01660155464758406,0.01660155464758406,False,False,False,0.995
volatility_of_volatility_60,pullback_tension_5_30_exp,existing,overlap,305765,30,True,-0.0049764670887540042,0.0049764670887540042,False,False,False,0.995
