feature_name,target_family,horizon_minutes,entry_session,research_partition,edges_fit_partition,observations,q1_mean,q2_mean,q3_mean,q4_mean,q5_mean,absolute_monotonicity,top_bottom_effect_size,top_bottom_tick_spread
bollinger_zscore_20,direction,5,London,Development,Development,113872,0.018237674026521301,0.019372363477167896,0.025614435731028881,-0.0045112279857846948,-0.032230150318340145,0.59999999999999998,-0.029939273524476621,-0.25599839358164
bollinger_zscore_20,direction,5,London,Validation,Development,43615,0.063623738093942644,0.027572712713749063,-0.0038863634279934505,0.0073635057211223808,0.044033501104747637,0.29999999999999999,-0.01189005713860632,-0.24557614826752622
bollinger_zscore_20,direction,15,London,Development,Development,113872,0.0085209484668368959,0.010339150365625801,0.037448029133467127,-0.011010758253327157,-0.041055062162231905,0.59999999999999998,-0.017644876004963683,-0.27549993869758488
bollinger_zscore_20,direction,15,London,Validation,Development,43615,0.13535304742378915,0.11928897182652295,0.1104276611525709,-0.0066994927695343074,0.061332899023271735,0.8999999999999998,-0.026049194331301279,-0.65682381962389758
bollinger_zscore_20,direction,30,London,Development,Development,113872,0.0072724510317486446,0.029020137840587542,0.094261569337354897,-0.0083150410083627259,-0.092242896042871864,0.59999999999999998,-0.025141113535629596,-0.62623359562512337
bollinger_zscore_20,direction,30,London,Validation,Development,43615,0.21399616173511979,0.13132560997232931,0.25096734476146326,0.14494176858569938,0.21259389166584813,0.099999999999999992,-0.00034502538242518012,-0.26920646740825127
bollinger_zscore_20,direction,60,London,Development,Development,113872,-0.025511704707444915,0.01008375169886905,0.041323688207671107,-0.038280708577794031,-0.12536455012451958,0.59999999999999998,-0.018321347025704447,-0.63906183910292524
bollinger_zscore_20,direction,60,London,Validation,Development,43615,0.28437077563997742,0.24012878428973666,0.44268369929277246,0.46748180891185326,0.54817392291102829,0.8999999999999998,0.045255611566693499,1.1905609924019993
bollinger_zscore_20,direction,120,London,Development,Development,113872,-0.015074576291867545,0.015364722582361833,-0.021550867680300907,0.06963099550570015,0.084094791218524201,0.69999999999999996,0.01306607577580503,0.27435543601214957
bollinger_zscore_20,direction,120,London,Validation,Development,43615,0.60683057914976568,0.55089183261696106,0.8013343626412831,0.73163771466935834,0.86761315047888521,0.79999999999999993,0.03080758514779805,1.0518809636277755
bollinger_zscore_20,direction,180,London,Development,Development,113872,-0.041431999384882914,0.00088533569955327241,-0.0011714686491684763,0.25599689932097036,0.22061278712471089,0.79999999999999993,0.024442698750730376,0.19244041799664557
bollinger_zscore_20,direction,180,London,Validation,Development,43615,1.0465877440833788,0.7907551555312996,0.95357022503946942,0.76999895441700994,1.0925503313222291,0.099999999999999992,0.0040820800006970614,1.3910101543372821
bollinger_zscore_20,expansion,5,London,Development,Development,113872,2.6237744994477019,2.3555821737514453,2.3229524007513764,2.3430465445864526,2.5382038485656411,0.29999999999999999,-0.06978031171304179,__MLAT_CSV_NULL_V1__
bollinger_zscore_20,expansion,5,London,Validation,Development,43615,2.6044955233143821,2.3657339424464436,2.3237788906839763,2.3837347902915242,2.5205195158897093,0.099999999999999992,-0.075554051973281605,__MLAT_CSV_NULL_V1__
bollinger_zscore_20,expansion,15,London,Development,Development,113872,4.5158304252432,4.2340230385276367,4.1816332444101389,4.1963052303256818,4.382665133722254,0.29999999999999999,-0.066648366301528372,__MLAT_CSV_NULL_V1__
bollinger_zscore_20,expansion,15,London,Validation,Development,43615,4.5287133852969612,4.2769091904911871,4.2437230585780545,4.2797855104474172,4.4333366050670859,0.099999999999999992,-0.051623468261813597,__MLAT_CSV_NULL_V1__
bollinger_zscore_20,expansion,30,London,Development,Development,113872,6.3448504965171884,6.0459024081034629,5.949523959141251,5.939768601045591,6.1266864379613235,0.39999999999999997,-0.077956257169981724,__MLAT_CSV_NULL_V1__
bollinger_zscore_20,expansion,30,London,Validation,Development,43615,6.4523008039738041,6.1820184000646563,6.0745905235274948,6.0846398963014607,6.2197338480275981,0.29999999999999999,-0.085496312738495769,__MLAT_CSV_NULL_V1__
bollinger_zscore_20,expansion,60,London,Development,Development,113872,8.7632379044590429,8.4779204861387374,8.4077946235981393,8.350589113660261,8.5201490531348725,0.39999999999999997,-0.063170498648766227,__MLAT_CSV_NULL_V1__
bollinger_zscore_20,expansion,60,London,Validation,Development,43615,9.1260801396434825,8.8118230895758103,8.6993989037693318,8.5644956488384079,8.6904190087978375,0.8999999999999998,-0.10849966013945554,__MLAT_CSV_NULL_V1__
bollinger_zscore_20,expansion,120,London,Development,Development,113872,12.132901447612776,11.829422971089063,11.767123386333843,11.640130805648793,11.878960145156757,0.39999999999999997,-0.047237744876780875,__MLAT_CSV_NULL_V1__
bollinger_zscore_20,expansion,120,London,Validation,Development,43615,12.751917217845579,12.361627872172882,12.225263392966884,12.156114012071873,12.223949189389565,0.8999999999999998,-0.090879571544220522,__MLAT_CSV_NULL_V1__
bollinger_zscore_20,expansion,180,London,Development,Development,113872,15.993213201403828,15.964266513882736,15.996836324815826,15.948071299107378,16.210375110565398,0.29999999999999999,0.024375709208470837,__MLAT_CSV_NULL_V1__
bollinger_zscore_20,expansion,180,London,Validation,Development,43615,16.745454978847174,16.391698231485517,16.327056164501098,16.196379027426723,16.414197427494685,0.39999999999999997,-0.036275402789462459,__MLAT_CSV_NULL_V1__
bollinger_zscore_20,volatility,5,London,Development,Development,113872,4.6188794734553493,4.1955908645708542,4.0739390964763684,4.0868124704676321,4.374236091710018,0.29999999999999999,-0.087620351907998148,__MLAT_CSV_NULL_V1__
bollinger_zscore_20,volatility,5,London,Validation,Development,43615,4.237562914199513,4.0246173115729018,3.9121022375466779,3.9950448415447197,4.1409060613031459,0.29999999999999999,-0.044126736377830433,__MLAT_CSV_NULL_V1__
bollinger_zscore_20,volatility,15,London,Development,Development,113872,8.1716624791916388,7.6918660017812464,7.4633573352652789,7.466147472216873,7.7618775655547996,0.29999999999999999,-0.10324239925595675,__MLAT_CSV_NULL_V1__
bollinger_zscore_20,volatility,15,London,Validation,Development,43615,7.5544944928040261,7.3048582637061514,7.1537053829498385,7.255243429209477,7.4413754648249473,0.29999999999999999,-0.037355572932069703,__MLAT_CSV_NULL_V1__
bollinger_zscore_20,volatility,30,London,Development,Development,113872,11.501967239665671,11.020462398011086,10.711785422797833,10.660201348562182,10.981345386974732,0.69999999999999996,-0.10215449966192397,__MLAT_CSV_NULL_V1__
bollinger_zscore_20,volatility,30,London,Validation,Development,43615,10.709684340462044,10.488356167823589,10.301663886601784,10.321644240248732,10.514169121315534,0.29999999999999999,-0.051831330736704866,__MLAT_CSV_NULL_V1__
bollinger_zscore_20,volatility,60,London,Development,Development,113872,15.931625251984389,15.50573376975689,15.223292753575173,15.074214886408996,15.348800340484887,0.69999999999999996,-0.089335352440071514,__MLAT_CSV_NULL_V1__
bollinger_zscore_20,volatility,60,London,Validation,Development,43615,15.043813634907828,14.85141024159458,14.613800895714583,14.583073207483194,14.737965235770424,0.69999999999999996,-0.063263673389475625,__MLAT_CSV_NULL_V1__
bollinger_zscore_20,volatility,120,London,Development,Development,113872,22.127531536956859,21.71731464074524,21.445666422764951,21.150226556153491,21.438388077314695,0.8999999999999998,-0.079935356597260351,__MLAT_CSV_NULL_V1__
bollinger_zscore_20,volatility,120,London,Validation,Development,43615,20.861701308160661,20.826949479706911,20.57619580838713,20.563007104374922,20.667485168962692,0.69999999999999996,-0.032285233873822559,__MLAT_CSV_NULL_V1__
bollinger_zscore_20,volatility,180,London,Development,Development,113872,28.621788134877015,28.512975970035562,28.366211332702669,28.208354241289378,28.299527369853141,0.8999999999999998,-0.027640704350565336,__MLAT_CSV_NULL_V1__
bollinger_zscore_20,volatility,180,London,Validation,Development,43615,26.866153327919758,27.110623071982435,26.94093839448373,26.828228512391792,26.94628999700177,0,0.0090423014374325268,__MLAT_CSV_NULL_V1__
bollinger_zscore_20,path_risk,5,London,Development,Development,113872,2.1040672478585618,1.9056905237128763,1.8731588448049381,1.8927259268478991,2.0409797523448407,0.29999999999999999,-0.052469353819534173,__MLAT_CSV_NULL_V1__
bollinger_zscore_20,path_risk,5,London,Validation,Development,43615,2.0850210598298968,1.91066233680412,1.8691621037087793,1.9344615836690304,2.026676510255871,0.099999999999999992,-0.053131140334351228,__MLAT_CSV_NULL_V1__
bollinger_zscore_20,path_risk,15,London,Development,Development,113872,3.5928903650319124,3.3819109650271288,3.332975780251922,3.3467725897427303,3.4792310219659841,0.29999999999999999,-0.057578831233472925,__MLAT_CSV_NULL_V1__
bollinger_zscore_20,path_risk,15,London,Validation,Development,43615,3.5894026171765048,3.4037508267420904,3.37969417436969,3.4285192860294886,3.5460508416000809,0.099999999999999992,-0.023356860089980124,__MLAT_CSV_NULL_V1__
bollinger_zscore_20,path_risk,30,London,Development,Development,113872,5.0409697821740895,4.812940651313097,4.725546697490878,4.7183448398792684,4.84245322476787,0.39999999999999997,-0.071414667746985336,__MLAT_CSV_NULL_V1__
bollinger_zscore_20,path_risk,30,London,Validation,Development,43615,5.1211452910642992,4.9100027842850649,4.8088596961316741,4.8329998119703586,4.9566894962850752,0.29999999999999999,-0.060601074072939375,__MLAT_CSV_NULL_V1__
bollinger_zscore_20,path_risk,60,London,Development,Development,113872,6.9753913079421332,6.7499215192029194,6.6805055165459581,6.6415379816460547,6.7251351978254359,0.69999999999999996,-0.065463444441419105,__MLAT_CSV_NULL_V1__
bollinger_zscore_20,path_risk,60,London,Validation,Development,43615,7.3106789577580757,7.0349350548461071,6.9334152833490954,6.7870839575921238,6.878269608722908,0.8999999999999998,-0.10794601052436795,__MLAT_CSV_NULL_V1__
bollinger_zscore_20,path_risk,120,London,Development,Development,113872,9.6399289338318468,9.4059526143569698,9.3486381384152182,9.2401316583908653,9.399728226997901,0.69999999999999996,-0.045568660108094183,__MLAT_CSV_NULL_V1__
bollinger_zscore_20,path_risk,120,London,Validation,Development,43615,10.241243209191001,9.8762169393321813,9.7262405998895254,9.6377370751390909,9.698068250758217,0.8999999999999998,-0.093370370922071552,__MLAT_CSV_NULL_V1__
bollinger_zscore_20,path_risk,180,London,Development,Development,113872,12.607595978744216,12.612157984081755,12.643250395250041,12.639400721772029,12.836424161655984,0.8999999999999998,0.028416371523200284,__MLAT_CSV_NULL_V1__
bollinger_zscore_20,path_risk,180,London,Validation,Development,43615,13.32416997897753,12.961299473573606,12.910109954285403,12.790192507831893,12.96596593869638,0.39999999999999997,-0.042674136051606394,__MLAT_CSV_NULL_V1__
bollinger_bandwidth_20,direction,5,London,Development,Development,113872,0.029453878462799149,0.010139805358862459,-0.006267384126057934,0.0011434625773271529,-0.0075893470991498365,0.8999999999999998,-0.023119067290698948,-0.12441946449710704
bollinger_bandwidth_20,direction,5,London,Validation,Development,43615,0.024316536706227441,-0.022096946979021394,0.034022734151364808,0.044873859542059906,0.064423454509738964,0.8999999999999998,0.023965500385035778,0.39197708030042394
bollinger_bandwidth_20,direction,15,London,Development,Development,113872,0.030136444673711519,0.035825468874777687,0.0099527292439661533,-0.041838154999055202,-0.02908140722685584,0.79999999999999993,-0.021413128238124531,-0.22068697198755002
bollinger_bandwidth_20,direction,15,London,Validation,Development,43615,0.034114252035417549,0.0048288119412904897,0.091672936037810182,0.15934717042439864,0.1231043441536699,0.79999999999999993,0.031097584573825294,0.82144028031641159
bollinger_bandwidth_20,direction,30,London,Development,Development,113872,0.1310156929096585,0.077311051456684751,-0.0089703170415867325,-0.06180913441764118,-0.10487736267334091,0.99999999999999989,-0.060593885887414392,-1.1233313399142013
bollinger_bandwidth_20,direction,30,London,Validation,Development,43615,0.17867972218530337,0.11838083625113707,0.23609403841188381,0.22115240231674516,0.19832089613714984,0.49999999999999994,0.0048581018197203507,0.52393809098497623
bollinger_bandwidth_20,direction,60,London,Development,Development,113872,0.019758717943077538,0.10714328045078257,0.069823307813228153,-0.12238388194242801,-0.20989687044521196,0.69999999999999996,-0.042106999258767201,-1.5306235472945151
bollinger_bandwidth_20,direction,60,London,Validation,Development,43615,0.494747572046913,0.41012593684768162,0.48158542443722752,0.42107995107156909,0.15605024413697935,0.69999999999999996,-0.058957760973575739,-2.2725626169287456
bollinger_bandwidth_20,direction,120,London,Development,Development,113872,-0.039960104191644183,0.20545695903197383,0.19978856548810253,-0.078133736180236182,-0.15387664681299812,0.69999999999999996,-0.014971138871039281,-1.4948707544786406
bollinger_bandwidth_20,direction,120,London,Validation,Development,43615,0.90417134518366526,0.98986656565129894,0.95824799484392664,0.63526629368584409,-0.013148227224140982,0.69999999999999996,-0.1124084983808819,-6.3738905124188516
bollinger_bandwidth_20,direction,180,London,Development,Development,113872,0.40101109614483732,0.25878404379238384,0.084406814025628399,-0.047767290530974386,-0.25438669642522926,0.99999999999999989,-0.059204406093918006,-4.4698974105144273
bollinger_bandwidth_20,direction,180,London,Validation,Development,43615,0.93489860290333315,1.3706556794443829,1.484965388964044,1.1153163598201785,-0.50102048751821437,0.29999999999999999,-0.12492256968088029,-12.169960271769181
bollinger_bandwidth_20,expansion,5,London,Development,Development,113872,2.5976273837270925,2.4723260277104595,2.4383030018116516,2.383233733292589,2.2951465006756089,0.99999999999999989,-0.26333366476027359,__MLAT_CSV_NULL_V1__
bollinger_bandwidth_20,expansion,5,London,Validation,Development,43615,2.6249659381460004,2.4789515868149246,2.4371896301236555,2.3608368914382356,2.3237792736158189,0.99999999999999989,-0.26225490886033737,__MLAT_CSV_NULL_V1__
bollinger_bandwidth_20,expansion,15,London,Development,Development,113872,4.6996707852467958,4.4316220169919642,4.2975368001221241,4.1406158535666,3.9490185409200942,0.99999999999999989,-0.39024686143706921,__MLAT_CSV_NULL_V1__
bollinger_bandwidth_20,expansion,15,London,Validation,Development,43615,4.8170349623564173,4.4682465294119238,4.3535520732270854,4.1854987272481399,3.9734038583059643,0.99999999999999989,-0.43288710989461343,__MLAT_CSV_NULL_V1__
bollinger_bandwidth_20,expansion,30,London,Development,Development,113872,6.7043959408792162,6.3121940395651235,6.113001315988754,5.7860738405207517,5.5039833373313254,0.99999999999999989,-0.44097270689902685,__MLAT_CSV_NULL_V1__
bollinger_bandwidth_20,expansion,30,London,Validation,Development,43615,6.9733456864258576,6.4342751558664446,6.1905235789896169,5.9564778627563308,5.4922940201200419,0.99999999999999989,-0.52769397307214527,__MLAT_CSV_NULL_V1__
bollinger_bandwidth_20,expansion,60,London,Development,Development,113872,9.5142337853787868,8.8943635422895415,8.5243382694488723,8.0245725722196397,7.5832749556185508,0.99999999999999989,-0.49757713204480575,__MLAT_CSV_NULL_V1__
bollinger_bandwidth_20,expansion,60,London,Validation,Development,43615,9.9777292875495469,9.2935800161826982,8.8133660872241464,8.2943073363170789,7.5359624448988338,0.99999999999999989,-0.62000774708186734,__MLAT_CSV_NULL_V1__
bollinger_bandwidth_20,expansion,120,London,Development,Development,113872,13.514983934571163,12.346439810744439,11.86138416103274,11.131907860921656,10.4277800896568,0.99999999999999989,-0.5732816179347362,__MLAT_CSV_NULL_V1__
bollinger_bandwidth_20,expansion,120,London,Validation,Development,43615,13.794143591366675,13.225389119767188,12.463620138811242,11.645534946976062,10.5762093393623,0.99999999999999989,-0.58110386102596512,__MLAT_CSV_NULL_V1__
bollinger_bandwidth_20,expansion,180,London,Development,Development,113872,19.734407792520901,16.908412890327977,15.859197026196769,14.581542122758773,13.103451321536998,0.99999999999999989,-0.70650725241211665,__MLAT_CSV_NULL_V1__
bollinger_bandwidth_20,expansion,180,London,Validation,Development,43615,19.45126770279731,17.411223644674042,16.468746890103336,15.171344258191249,13.703000720769115,0.99999999999999989,-0.59640327454493725,__MLAT_CSV_NULL_V1__
bollinger_bandwidth_20,volatility,5,London,Development,Development,113872,3.115883624431024,3.7087492159634263,4.1143673081223673,4.6172329626136586,5.7662373095942403,0.99999999999999989,1.0110749247311077,__MLAT_CSV_NULL_V1__
bollinger_bandwidth_20,volatility,5,London,Validation,Development,43615,3.2114782960240857,3.6517442749603837,3.9556013648285417,4.3088737172555058,5.2369805615109053,0.99999999999999989,0.89288416402475823,__MLAT_CSV_NULL_V1__
bollinger_bandwidth_20,volatility,15,London,Development,Development,113872,5.7563680415153886,6.8189005459412053,7.4277504096872073,8.2725083257326322,10.234007974636025,0.99999999999999989,1.1975268913624357,__MLAT_CSV_NULL_V1__
bollinger_bandwidth_20,volatility,15,London,Validation,Development,43615,5.9130180434097888,6.6365668047420563,7.1626676647278664,7.8397565765554384,9.2246834805729971,0.99999999999999989,1.0821547453462841,__MLAT_CSV_NULL_V1__
bollinger_bandwidth_20,volatility,30,London,Development,Development,113872,8.2978941153099299,9.8172354306941916,10.611671334386966,11.72377481725832,14.363716153415574,0.99999999999999989,1.2530577362298487,__MLAT_CSV_NULL_V1__
bollinger_bandwidth_20,volatility,30,London,Validation,Development,43615,8.5599086957926378,9.5312141569403135,10.223871769476315,11.162708574415749,12.929212464942534,0.99999999999999989,1.1431417253594793,__MLAT_CSV_NULL_V1__
bollinger_bandwidth_20,volatility,60,London,Development,Development,113872,11.806578376373606,13.863134485289773,14.94668391942114,16.426430410696813,19.958376276409243,0.99999999999999989,1.2684685716645212,__MLAT_CSV_NULL_V1__
bollinger_bandwidth_20,volatility,60,London,Validation,Development,43615,12.155177603201796,13.625259813456019,14.525619361852421,15.711400322315816,17.852182128048735,0.99999999999999989,1.1951354757872146,__MLAT_CSV_NULL_V1__
bollinger_bandwidth_20,volatility,120,London,Development,Development,113872,16.864273371211858,19.393221819126826,20.991113171115252,22.971192989586303,27.551104835567923,0.99999999999999989,1.2468312336526619,__MLAT_CSV_NULL_V1__
bollinger_bandwidth_20,volatility,120,London,Validation,Development,43615,17.247863858916052,19.348119486390843,20.374069987550797,21.928402458892243,24.616817054370578,0.99999999999999989,1.2089772333641835,__MLAT_CSV_NULL_V1__
bollinger_bandwidth_20,volatility,180,London,Development,Development,113872,23.866355654179856,26.117860079693784,27.662710670635636,29.726985386529726,34.528735939494631,0.99999999999999989,0.89557383769846044,__MLAT_CSV_NULL_V1__
bollinger_bandwidth_20,volatility,180,London,Validation,Development,43615,23.571215290799756,25.349452664397656,26.558504177440575,28.16747496085307,31.119157420564868,0.99999999999999989,0.77506110281185026,__MLAT_CSV_NULL_V1__
bollinger_bandwidth_20,path_risk,5,London,Development,Development,113872,2.0995626502524529,1.9909247357637625,1.9672013662240626,1.921491350377144,1.8400679113706111,0.99999999999999989,-0.23049815044871116,__MLAT_CSV_NULL_V1__
bollinger_bandwidth_20,path_risk,5,London,Validation,Development,43615,2.1375403764794494,2.0030126636255701,1.9555874757903231,1.8917506497027545,1.8626923083895579,0.99999999999999989,-0.24044441235634728,__MLAT_CSV_NULL_V1__
bollinger_bandwidth_20,path_risk,15,London,Development,Development,113872,3.751657630197144,3.5216896158566415,3.4232175087785288,3.3082337463240759,3.1354805727590569,0.99999999999999989,-0.32289079272570365,__MLAT_CSV_NULL_V1__
bollinger_bandwidth_20,path_risk,15,London,Validation,Development,43615,3.8857640509498279,3.5586845084450398,3.4698276396695782,3.307781475420108,3.1621160904411121,0.99999999999999989,-0.36788965179044586,__MLAT_CSV_NULL_V1__
bollinger_bandwidth_20,path_risk,30,London,Development,Development,113872,5.3349609853606834,5.0220189318156354,4.8547684858352191,4.5904927397854305,4.348564600850052,0.99999999999999989,-0.36282407934897337,__MLAT_CSV_NULL_V1__
bollinger_bandwidth_20,path_risk,30,London,Validation,Development,43615,5.5794240454405442,5.1087053530492348,4.9232564446589553,4.6934607505973043,4.3611614214037324,0.99999999999999989,-0.43034500483662702,__MLAT_CSV_NULL_V1__
bollinger_bandwidth_20,path_risk,60,London,Development,Development,113872,7.5751057425693169,7.0612551646381148,6.7878375623695781,6.3559123151634864,6.0094563916119661,0.99999999999999989,-0.40394731755558921,__MLAT_CSV_NULL_V1__
bollinger_bandwidth_20,path_risk,60,London,Validation,Development,43615,7.9685612558867005,7.4363220845894258,7.0644456709421304,6.527058359810944,5.9655940507536576,0.99999999999999989,-0.50753973547890496,__MLAT_CSV_NULL_V1__
bollinger_bandwidth_20,path_risk,120,London,Development,Development,113872,10.774817557407445,9.7624151474174976,9.4244731575274479,8.8187197013598659,8.2814857734974296,0.99999999999999989,-0.47007598120777244,__MLAT_CSV_NULL_V1__
bollinger_bandwidth_20,path_risk,120,London,Validation,Development,43615,10.913063545279284,10.524006558734884,10.003002738638431,9.2573377154148702,8.4621720408101169,0.99999999999999989,-0.44111473254316202,__MLAT_CSV_NULL_V1__
bollinger_bandwidth_20,path_risk,180,London,Development,Development,113872,15.607373542320893,13.321260562574009,12.536023587682331,11.511241474036112,10.42136903967056,0.99999999999999989,-0.62171384769942384,__MLAT_CSV_NULL_V1__
bollinger_bandwidth_20,path_risk,180,London,Validation,Development,43615,15.24141896826889,13.669166728869291,13.122251025851201,12.035796925021112,10.981085368485971,0.99999999999999989,-0.4886417548975685,__MLAT_CSV_NULL_V1__
cutler_rsi_14,direction,5,London,Development,Development,113892,0.014178623276275303,0.011813489696211158,0.02058664815687087,-0.002173193397082458,-0.018418469733086529,0.69999999999999996,-0.019871719923912238,-0.17617368741715522
cutler_rsi_14,direction,5,London,Validation,Development,43615,0.050398664550398681,0.00027268540086860643,0.02070564147189052,0.033208740671165853,0.035190962362494776,0,-0.0093360948982127035,-0.21549398740895254
cutler_rsi_14,direction,15,London,Development,Development,113892,0.0047995633920118602,0.02752462547946416,0.0020950217370939881,-0.0034270557836708375,-0.029874366131171184,0.8999999999999998,-0.012498641374464797,-0.239684857452404
cutler_rsi_14,direction,15,London,Validation,Development,43615,0.10525917305563466,0.14520819382470074,0.076446167736090864,0.039766767957833675,0.05370111609321921,0.79999999999999993,-0.018557936046370502,-0.57889691759160167
cutler_rsi_14,direction,30,London,Development,Development,113892,-0.015956490358892694,0.058491503640969653,0.056272869133411826,0.0028569433557428144,-0.074535827348375952,0.39999999999999997,-0.015170613547580333,-0.54010933092464364
cutler_rsi_14,direction,30,London,Validation,Development,43615,0.11776129530925161,0.21137975764212916,0.19199885421376181,0.22207940324006403,0.21314203093799969,0.79999999999999993,0.023721289627855916,0.360009911700371
cutler_rsi_14,direction,60,London,Development,Development,113892,-0.042694596014056049,0.06238383588295264,-0.032904327583421857,-0.025353338740838515,-0.10160876673140415,0.29999999999999999,-0.011160586050335352,-0.47008025188678082
cutler_rsi_14,direction,60,London,Validation,Development,43615,0.19061132340638565,0.32379543175294245,0.39584100030419028,0.46985434008395033,0.60002282294686193,0.99999999999999989,0.070831942055061783,2.2685469432765268
cutler_rsi_14,direction,120,London,Development,Development,113892,0.040763959936328115,-0.0082910362780454112,-0.097658541809618776,0.048056345698031439,0.14246432582936935,0.59999999999999998,0.013810982113070771,0.5016637380600496
cutler_rsi_14,direction,120,London,Validation,Development,43615,0.53783496087142191,0.63370893808634354,0.73878728986029485,0.68619995029375858,0.95475206133805102,0.8999999999999998,0.048928093831696905,2.1054523771054217
cutler_rsi_14,direction,180,London,Development,Development,113892,-0.12254616036232249,0.043233776649026098,0.026688988313644087,0.22204908994072858,0.25479788278538995,0.8999999999999998,0.036080005363761908,0.79703385538301486
cutler_rsi_14,direction,180,London,Validation,Development,43615,0.97860734589826071,0.90230831467249029,0.76855599484016912,0.77325621764221553,1.2186019731217828,0.099999999999999992,0.02116831369213517,2.3481086258601196
cutler_rsi_14,expansion,5,London,Development,Development,113892,2.5473879256540726,2.3977733354272925,2.3727735682447184,2.3871577785260163,2.4781563359299685,0.29999999999999999,-0.058012418614355847,__MLAT_CSV_NULL_V1__
cutler_rsi_14,expansion,5,London,Validation,Development,43615,2.552770043036094,2.3827777517936677,2.3902075937667977,2.3993678568026877,2.4785537449372117,0,-0.066814706870756538,__MLAT_CSV_NULL_V1__
cutler_rsi_14,expansion,15,London,Development,Development,113892,4.4090539135856108,4.282729753666656,4.28339990554234,4.2367767903677427,4.3006592306542659,0.29999999999999999,-0.05552298698583237,__MLAT_CSV_NULL_V1__
cutler_rsi_14,expansion,15,London,Validation,Development,43615,4.4482296306256641,4.3270464969558136,4.3159640387974596,4.3149710723103833,4.3647231891000446,0.39999999999999997,-0.046338444566528428,__MLAT_CSV_NULL_V1__
cutler_rsi_14,expansion,30,London,Development,Development,113892,6.2165559815701004,6.0920661455967542,6.1051697482017122,5.9919630823834309,6.0035052565411728,0.79999999999999993,-0.078648226478560887,__MLAT_CSV_NULL_V1__
cutler_rsi_14,expansion,30,London,Validation,Development,43615,6.3522369892837665,6.2572857687871357,6.1793874168874456,6.0754596420735254,6.157940865250521,0.8999999999999998,-0.072276554598366891,__MLAT_CSV_NULL_V1__
cutler_rsi_14,expansion,60,London,Development,Development,113892,8.5623665295484379,8.5572081245445322,8.6068752391863494,8.4785074492309587,8.3179975752046005,0.69999999999999996,-0.066091331416492413,__MLAT_CSV_NULL_V1__
cutler_rsi_14,expansion,60,London,Validation,Development,43615,8.9632427487367554,8.9596388046320943,8.7882657989901087,8.6225945807421791,8.574741769267245,0.99999999999999989,-0.096759714697027321,__MLAT_CSV_NULL_V1__
cutler_rsi_14,expansion,120,London,Development,Development,113892,11.876498783744788,11.943038117691859,12.040988650833631,11.826303592610913,11.56520978572091,0.59999999999999998,-0.059767723817802348,__MLAT_CSV_NULL_V1__
cutler_rsi_14,expansion,120,London,Validation,Development,43615,12.563847854360816,12.525576737558472,12.344807657707168,12.174546547751525,12.12709756794521,0.99999999999999989,-0.074243164572148912,__MLAT_CSV_NULL_V1__
cutler_rsi_14,expansion,180,London,Development,Development,113892,15.724310850843137,16.026001888815635,16.416647249125361,16.104511001540171,15.843436586145586,0.29999999999999999,0.013605517429303719,__MLAT_CSV_NULL_V1__
cutler_rsi_14,expansion,180,London,Validation,Development,43615,16.566807663356176,16.552380681113402,16.41017779249059,16.328755713991999,16.237557846578817,0.99999999999999989,-0.035887099523459302,__MLAT_CSV_NULL_V1__
cutler_rsi_14,volatility,5,London,Development,Development,113892,4.6225094796447994,4.2039968709874991,4.0467729826770302,4.1188540673981757,4.3551083833469004,0.29999999999999999,-0.095883886728483511,__MLAT_CSV_NULL_V1__
cutler_rsi_14,volatility,5,London,Validation,Development,43615,4.2802796063679489,3.965492843597648,3.9302304790849325,3.9695966090536423,4.1611421186877049,0.099999999999999992,-0.051909531268301105,__MLAT_CSV_NULL_V1__
cutler_rsi_14,volatility,15,London,Development,Development,113892,8.1882887172852978,7.6792807097888209,7.4496233507034111,7.4607299955721338,7.7744484580582158,0.29999999999999999,-0.10340836180184478,__MLAT_CSV_NULL_V1__
cutler_rsi_14,volatility,15,London,Validation,Development,43615,7.5825106438080558,7.259412785718947,7.1727269537970368,7.2192605153272247,7.4714279682111586,0.29999999999999999,-0.03579470872879887,__MLAT_CSV_NULL_V1__
cutler_rsi_14,volatility,30,London,Development,Development,113892,11.543820167341471,10.992325327380202,10.681565277763207,10.675984288463194,10.979099095716007,0.69999999999999996,-0.11131007562797966,__MLAT_CSV_NULL_V1__
cutler_rsi_14,volatility,30,London,Validation,Development,43615,10.768772307156917,10.429726223012979,10.319532014631692,10.26776823106208,10.544254313517394,0.39999999999999997,-0.058031294930275396,__MLAT_CSV_NULL_V1__
cutler_rsi_14,volatility,60,London,Development,Development,113892,16.00355269762893,15.478967057440913,15.132268476503153,15.109292279244929,15.354801780938427,0.69999999999999996,-0.099408168828347618,__MLAT_CSV_NULL_V1__
cutler_rsi_14,volatility,60,London,Validation,Development,43615,15.09593737142337,14.815463429005336,14.581435404063731,14.559775502141392,14.771882114679661,0.69999999999999996,-0.065911148574156156,__MLAT_CSV_NULL_V1__
cutler_rsi_14,volatility,120,London,Development,Development,113892,22.259254294729125,21.697367925482794,21.265846272619914,21.248187426792356,21.402238325372359,0.69999999999999996,-0.099846940719788696,__MLAT_CSV_NULL_V1__
cutler_rsi_14,volatility,120,London,Validation,Development,43615,20.945463836565352,20.763590227231042,20.531924218107413,20.539629822252547,20.706931565284343,0.59999999999999998,-0.038748460065186334,__MLAT_CSV_NULL_V1__
cutler_rsi_14,volatility,180,London,Development,Development,113892,28.822214961110024,28.427583493671705,28.200062364006598,28.257494331234387,28.292786637395633,0.59999999999999998,-0.045840311037349903,__MLAT_CSV_NULL_V1__
cutler_rsi_14,volatility,180,London,Validation,Development,43615,27.106400385055569,26.945195294447302,26.801815376257348,26.905004334734947,26.923774245898347,0.59999999999999998,-0.020203108835114655,__MLAT_CSV_NULL_V1__
cutler_rsi_14,path_risk,5,London,Development,Development,113892,2.0481951044866844,1.9344647537148527,1.912477903941979,1.9256219399605798,1.9957033990972486,0.29999999999999999,-0.044842234403421201,__MLAT_CSV_NULL_V1__
cutler_rsi_14,path_risk,5,London,Validation,Development,43615,2.0454296974631077,1.9153474230763652,1.9283705759997036,1.9452555385092536,1.9957454961904151,0,-0.04527214755336445,__MLAT_CSV_NULL_V1__
cutler_rsi_14,path_risk,15,London,Development,Development,113892,3.5126859758896445,3.4125551017106943,3.4155993051905229,3.3783242432543292,3.416796712468726,0.29999999999999999,-0.049696452945025324,__MLAT_CSV_NULL_V1__
cutler_rsi_14,path_risk,15,London,Validation,Development,43615,3.5256459578412458,3.4486661651963715,3.4309111101473113,3.4548925683835603,3.4936637799910288,0.099999999999999992,-0.017673503432397857,__MLAT_CSV_NULL_V1__
cutler_rsi_14,path_risk,30,London,Development,Development,113892,4.940448447078527,4.8447973938885429,4.8628743543098158,4.7555355470420633,4.7394740662771628,0.8999999999999998,-0.074547071023295997,__MLAT_CSV_NULL_V1__
cutler_rsi_14,path_risk,30,London,Validation,Development,43615,5.0393857068040528,4.9729914211720159,4.9002629189168925,4.8241237054057207,4.9004544657779459,0.69999999999999996,-0.051862606044853481,__MLAT_CSV_NULL_V1__
cutler_rsi_14,path_risk,60,London,Development,Development,113892,6.8021151389729342,6.8156918991019735,6.8665862784664533,6.7319729603831764,6.5592436713630446,0.59999999999999998,-0.06592760816666425,__MLAT_CSV_NULL_V1__
cutler_rsi_14,path_risk,60,London,Validation,Development,43615,7.1665204383275336,7.1735274859536053,6.9870582092280582,6.8426544554755786,6.7881677030468195,0.8999999999999998,-0.094509582894910057,__MLAT_CSV_NULL_V1__
cutler_rsi_14,path_risk,120,London,Development,Development,113892,9.419571303885709,9.4922764411244334,9.5998712481534394,9.391901984558217,9.1341843801559826,0.59999999999999998,-0.055950986356340784,__MLAT_CSV_NULL_V1__
cutler_rsi_14,path_risk,120,London,Validation,Development,43615,10.103112619902767,10.025709032559805,9.7699202366276197,9.6341672149150153,9.6567760809733549,0.8999999999999998,-0.075875460168211506,__MLAT_CSV_NULL_V1__
cutler_rsi_14,path_risk,180,London,Development,Development,113892,12.387581136933063,12.630828271302681,13.040763105458609,12.740428706302271,12.5417577367023,0.29999999999999999,0.019489600639560331,__MLAT_CSV_NULL_V1__
cutler_rsi_14,path_risk,180,London,Validation,Development,43615,13.200634480569921,13.126662976862876,12.888563890081898,12.85276578941718,12.893458746138357,0.69999999999999996,-0.036250292884466684,__MLAT_CSV_NULL_V1__
chaikin_money_flow_20,direction,5,London,Development,Development,113872,0.020380886149453617,0.02775609808086282,0.011760367120422182,-0.020508661421367896,-0.012991515192644475,0.79999999999999993,-0.020452018244794885,-0.1164105555145912
chaikin_money_flow_20,direction,5,London,Validation,Development,43615,0.038563109646216322,-0.01175394044844371,0.044107710715967273,0.060954092293601415,0.0090428580190434447,0.19999999999999998,-0.018343365219071713,-0.24142982381263434
chaikin_money_flow_20,direction,15,London,Development,Development,113872,0.030054910858989918,0.044920990036569158,0.0055303582906825978,-0.036997091977122816,-0.039396110517769194,0.8999999999999998,-0.02477231850095038,-0.24328135909006909
chaikin_money_flow_20,direction,15,London,Validation,Development,43615,0.010422350366138661,-0.0024874196574629229,0.18979748384827932,0.20491207098876629,0.0090677970716314584,0.19999999999999998,-0.00049166907909112744,-0.14654927254916639
chaikin_money_flow_20,direction,30,London,Development,Development,113872,0.01282136024313223,0.077921010858099132,0.02519983593388703,-0.0020133830779023583,-0.084117277092195158,0.69999999999999996,-0.024810951878226108,-0.45885775495703734
chaikin_money_flow_20,direction,30,London,Validation,Development,43615,-0.14035432619798252,0.14490501913277637,0.3417759942775363,0.45804505376908938,0.11842785394938768,0.39999999999999997,0.065126702611703738,1.3328792655542463
chaikin_money_flow_20,direction,60,London,Development,Development,113872,-0.086093518655616097,0.14625071329257119,0.054909687426077602,-0.073101865683073738,-0.17992348334274283,0.39999999999999997,-0.01705151273857226,-0.51349495156420222
chaikin_money_flow_20,direction,60,London,Validation,Development,43615,-0.29997698019280677,0.37274483651470774,0.46810857350333002,0.90709910447555864,0.45958068200923946,0.69999999999999996,0.13319084267556874,4.1911756517319505
chaikin_money_flow_20,direction,120,London,Development,Development,113872,0.02845918868359739,0.12042370673407271,0.056798868476487567,0.024219993332689586,-0.097596939093594126,0.69999999999999996,-0.016464828970209882,-1.0724477956536589
chaikin_money_flow_20,direction,120,London,Validation,Development,43615,-0.25743913890995868,0.68088450756366392,0.83842853911967585,1.4138067062501711,0.77692222272788636,0.69999999999999996,0.12600764030801812,6.2779558985727846
chaikin_money_flow_20,direction,180,London,Development,Development,113872,-0.00080075605562752279,0.086898532659981154,0.14694460706467402,0.29570571796050199,-0.093887930633179517,0,-0.0085948132307438006,-1.5550209545488061
chaikin_money_flow_20,direction,180,London,Validation,Development,43615,0.26508834883866433,0.68411433003304012,0.94796564855244236,1.8142487829599561,0.85964310694335899,0.69999999999999996,0.053278867250881552,5.5197211610558314
chaikin_money_flow_20,expansion,5,London,Development,Development,113872,2.4797065212734837,2.4143505887059189,2.4005113460526548,2.4103799335337341,2.4784332608026838,0.29999999999999999,-0.0010585991328212535,__MLAT_CSV_NULL_V1__
chaikin_money_flow_20,expansion,5,London,Validation,Development,43615,2.47970333960926,2.4449290654028681,2.3991444991017539,2.4146074552952306,2.4737028549656404,0.29999999999999999,-0.0056344254430992988,__MLAT_CSV_NULL_V1__
chaikin_money_flow_20,expansion,15,London,Development,Development,113872,4.357098406388265,4.2532204312065813,4.2460308785525447,4.2651049958434317,4.3888330147029686,0.29999999999999999,0.01581735096382644,__MLAT_CSV_NULL_V1__
chaikin_money_flow_20,expansion,15,London,Validation,Development,43615,4.4174206825340256,4.3645864820368807,4.3482456528413067,4.2911885930727802,4.3611817630542804,0.69999999999999996,-0.030902759167317623,__MLAT_CSV_NULL_V1__
chaikin_money_flow_20,expansion,30,London,Development,Development,113872,6.1515543398924368,6.0335702086071956,6.0282618816212352,6.0285415323382319,6.1645193575486283,0.099999999999999992,0.0046817741683582324,__MLAT_CSV_NULL_V1__
chaikin_money_flow_20,expansion,30,London,Validation,Development,43615,6.2970688491192996,6.254075768945528,6.1845588144691108,6.0824539074769159,6.2181280976262681,0.69999999999999996,-0.029291835533326135,__MLAT_CSV_NULL_V1__
chaikin_money_flow_20,expansion,60,London,Development,Development,113872,8.6608371693243935,8.4140718017989329,8.3877758266845817,8.4498281758757585,8.6068103126983253,0.099999999999999992,-0.013908855213320515,__MLAT_CSV_NULL_V1__
chaikin_money_flow_20,expansion,60,London,Validation,Development,43615,8.9122512404381489,8.9189591581846592,8.7450434387074889,8.6141172387708966,8.7299725756469382,0.79999999999999993,-0.045800600047121366,__MLAT_CSV_NULL_V1__
chaikin_money_flow_20,expansion,120,London,Development,Development,113872,12.151941375163599,11.732944737511325,11.639508887115605,11.773489640885606,11.95008668609051,0.099999999999999992,-0.036996450594024795,__MLAT_CSV_NULL_V1__
chaikin_money_flow_20,expansion,120,London,Validation,Development,43615,12.399256083529723,12.563142731243163,12.293594494770364,12.166208746026792,12.319642947408312,0.59999999999999998,-0.014022233859626794,__MLAT_CSV_NULL_V1__
chaikin_money_flow_20,expansion,180,London,Development,Development,113872,16.456299216841863,15.844510416707228,15.84549805608235,15.997119634036304,15.968806368337257,0.099999999999999992,-0.052925805089844909,__MLAT_CSV_NULL_V1__
chaikin_money_flow_20,expansion,180,London,Validation,Development,43615,16.362503983547612,16.629389999651277,16.352364566810841,16.179880620048504,16.562856148866711,0.19999999999999998,0.02241801742817786,__MLAT_CSV_NULL_V1__
chaikin_money_flow_20,volatility,5,London,Development,Development,113872,4.3910875743228273,4.2417910095808473,4.2164528704723576,4.2066361478342342,4.2929430790529581,0.39999999999999997,-0.035828702362298223,__MLAT_CSV_NULL_V1__
chaikin_money_flow_20,volatility,5,London,Validation,Development,43615,4.0705836050442032,4.0763388163313836,4.0123376794522549,4.0699922143599583,4.0908018480072306,0.19999999999999998,0.0094672451252939566,__MLAT_CSV_NULL_V1__
chaikin_money_flow_20,volatility,15,London,Development,Development,113872,7.9056700892402665,7.6343561935265321,7.6280227789478738,7.6521166957182887,7.7338920632523358,0.099999999999999992,-0.042733870639792733,__MLAT_CSV_NULL_V1__
chaikin_money_flow_20,volatility,15,London,Validation,Development,43615,7.3161137187294525,7.3800418489893653,7.3267192202599807,7.3468014346481993,7.3520936374491601,0.39999999999999997,0.012306336061951398,__MLAT_CSV_NULL_V1__
chaikin_money_flow_20,volatility,30,London,Development,Development,113872,11.183109424368832,10.905576453987607,10.881050681084121,10.899233841540408,11.005832884589916,0.29999999999999999,-0.034300570804857412,__MLAT_CSV_NULL_V1__
chaikin_money_flow_20,volatility,30,London,Validation,Development,43615,10.463272524150067,10.560109765508544,10.433164163217933,10.43859075956539,10.454106182311619,0.49999999999999994,-0.0024475954822845993,__MLAT_CSV_NULL_V1__
chaikin_money_flow_20,volatility,60,London,Development,Development,113872,15.661340940173698,15.367723308930344,15.302046203755193,15.353144619648713,15.39832917061927,0.29999999999999999,-0.039248502235876864,__MLAT_CSV_NULL_V1__
chaikin_money_flow_20,volatility,60,London,Validation,Development,43615,14.742528535811152,14.885117662526577,14.754858370661839,14.740955295934825,14.716805754512519,0.69999999999999996,-0.0053409334200542275,__MLAT_CSV_NULL_V1__
chaikin_money_flow_20,volatility,120,London,Development,Development,113872,22.003298520669045,21.528769301528811,21.384244103155108,21.478468487230408,21.482840069983219,0.59999999999999998,-0.059006940589421547,__MLAT_CSV_NULL_V1__
chaikin_money_flow_20,volatility,120,London,Validation,Development,43615,20.588516630475556,20.820810741972515,20.672224247942026,20.759518916157976,20.648500385214209,0.099999999999999992,0.0097828382129744509,__MLAT_CSV_NULL_V1__
chaikin_money_flow_20,volatility,180,London,Development,Development,113872,29.029299260191479,28.27579572689276,28.19948110861894,28.370369110448504,28.132205404310785,0.69999999999999996,-0.075221950919401689,__MLAT_CSV_NULL_V1__
chaikin_money_flow_20,volatility,180,London,Validation,Development,43615,26.649332829882535,27.016634476986674,27.06604007194646,27.007112306930861,26.926283927821377,0.099999999999999992,0.031070467206707433,__MLAT_CSV_NULL_V1__
chaikin_money_flow_20,path_risk,5,London,Development,Development,113872,1.999625482344197,1.9459755078009946,1.9321387160592611,1.9398609779927947,1.9988877121317696,0.29999999999999999,-0.00062823051565674074,__MLAT_CSV_NULL_V1__
chaikin_money_flow_20,path_risk,5,London,Validation,Development,43615,1.9936766537073667,1.9749599654710863,1.9259612816554168,1.9437169274777104,1.9976327986456699,0.099999999999999992,0.003769003692778587,__MLAT_CSV_NULL_V1__
chaikin_money_flow_20,path_risk,15,London,Development,Development,113872,3.4711033098209065,3.4004637523768384,3.3687497083393985,3.3906040773245523,3.5027340417170048,0.099999999999999992,0.01593543688765197,__MLAT_CSV_NULL_V1__
chaikin_money_flow_20,path_risk,15,London,Validation,Development,43615,3.5072232919029833,3.5004078958786904,3.4744978591431863,3.4037932318169766,3.4780336774720082,0.69999999999999996,-0.01610095425654531,__MLAT_CSV_NULL_V1__
chaikin_money_flow_20,path_risk,30,London,Development,Development,113872,4.873971535948713,4.8096753402684271,4.7911324456494899,4.7722455430682276,4.8929949189691495,0,0.0068851398444496684,__MLAT_CSV_NULL_V1__
chaikin_money_flow_20,path_risk,30,London,Validation,Development,43615,4.9705256166675582,5.0040356706573581,4.9285325712495496,4.8064063911023487,4.9392840210173601,0.59999999999999998,-0.011719817006777173,__MLAT_CSV_NULL_V1__
chaikin_money_flow_20,path_risk,60,London,Development,Development,113872,6.9022328029843836,6.6943388796641585,6.6489328233089049,6.6821257733294308,6.8444920053606362,0.29999999999999999,-0.014887348311821456,__MLAT_CSV_NULL_V1__
chaikin_money_flow_20,path_risk,60,London,Validation,Development,43615,7.070238629156794,7.1812710455296598,6.9946035865514391,6.8311697681522139,6.8926099826639948,0.79999999999999993,-0.045063865408520594,__MLAT_CSV_NULL_V1__
chaikin_money_flow_20,path_risk,120,London,Development,Development,113872,9.6511406692170425,9.3361208852412894,9.2274525099767253,9.3273454934899842,9.4918437283497621,0.29999999999999999,-0.029904076465867575,__MLAT_CSV_NULL_V1__
chaikin_money_flow_20,path_risk,120,London,Validation,Development,43615,9.865206333601229,10.131424286735527,9.8446734488189147,9.633543683617134,9.7321707624991607,0.79999999999999993,-0.023652283502700752,__MLAT_CSV_NULL_V1__
chaikin_money_flow_20,path_risk,180,London,Development,Development,113872,13.01338410898572,12.515697000218815,12.495662909113133,12.650752834781406,12.663027854673276,0.099999999999999992,-0.04191843587404618,__MLAT_CSV_NULL_V1__
chaikin_money_flow_20,path_risk,180,London,Validation,Development,43615,12.885945465554828,13.290350445725281,12.968976187968815,12.744461323982087,13.075328900906493,0,0.023276678016664498,__MLAT_CSV_NULL_V1__
amihud_illiquidity_60,direction,5,London,Development,Development,113793,-0.014658340284083035,-0.0088558853138504916,0.0021512696963681519,0.00088364276364186743,0.047351110667955318,0.8999999999999998,0.038482069033433111,0.2487905456042761
amihud_illiquidity_60,direction,5,London,Validation,Development,43615,0.036526610919964828,0.0065213052294021065,0.031248237624558525,-0.027853122819701346,0.1306778716272276,0.099999999999999992,0.059959870583774187,0.64106093924149776
amihud_illiquidity_60,direction,15,London,Development,Development,113793,-0.049552159783434406,-0.005097448120093947,-0.040166428847297868,0.0083854899893677642,0.089941329113780485,0.8999999999999998,0.050438993558114632,0.45563614746253239
amihud_illiquidity_60,direction,15,London,Validation,Development,43615,0.083708641436202422,0.031722714324526315,0.15291001430939141,-0.0053829334851807648,0.30198433354979448,0.29999999999999999,0.080976479834877324,1.6043362352019761
amihud_illiquidity_60,direction,30,London,Development,Development,113793,-0.084623970701911466,0.040782500252594819,-0.079231250108029186,0.0087154274664409948,0.13906872702014939,0.69999999999999996,0.057184753693338392,0.85775561743950179
amihud_illiquidity_60,direction,30,London,Validation,Development,43615,0.18252838301821486,0.015049269593613258,0.31749720848350527,0.28792987786754293,0.52914289781960078,0.79999999999999993,0.09165748717226252,2.2132152378226948
amihud_illiquidity_60,direction,60,London,Development,Development,113793,-0.21312238304757339,0.084810165541762503,-0.24400411850882087,0.03637788274668724,0.19721234731943202,0.49999999999999994,0.075161830220335013,1.836929872959816
amihud_illiquidity_60,direction,60,London,Validation,Development,43615,0.41087298313131482,-0.12234534056255235,0.61690874588761091,0.89212160569439847,0.92610966913412329,0.8999999999999998,0.096286995228053271,3.0726589563816007
amihud_illiquidity_60,direction,120,London,Development,Development,113793,-0.26766095920787236,0.16560903910794633,-0.20250466280546958,0.16438028083529263,0.28411545866789872,0.69999999999999996,0.073270735386546146,2.9078839590890184
amihud_illiquidity_60,direction,120,London,Validation,Development,43615,0.68681125606059779,-0.15825621761116782,1.2027260068054881,1.1922388904021517,2.5950737314531067,0.79999999999999993,0.24424960959449568,8.6233881261861001
amihud_illiquidity_60,direction,180,London,Development,Development,113793,-0.56139392133252575,-0.049486914209858776,-0.064384873193321521,0.67460018536954747,0.44457834888596498,0.79999999999999993,0.094509908324795736,4.8594406033876965
amihud_illiquidity_60,direction,180,London,Validation,Development,43615,0.84744458124329836,0.28057697794243813,1.3067328355284562,0.8735262096412002,4.1192105757629003,0.79999999999999993,0.30970401098152617,13.151444972437268
amihud_illiquidity_60,expansion,5,London,Development,Development,113793,2.3850900810969748,2.3925538045485744,2.4449270614698748,2.4622948148938466,2.4978403129156148,0.99999999999999989,0.096107321975508378,__MLAT_CSV_NULL_V1__
amihud_illiquidity_60,expansion,5,London,Validation,Development,43615,2.3929579439059183,2.4767756997203052,2.5356482218506664,2.4639970909469082,2.5899916563964225,0.69999999999999996,0.192186655058217,__MLAT_CSV_NULL_V1__
amihud_illiquidity_60,expansion,15,London,Development,Development,113793,4.2004699178959832,4.1919467195059719,4.2808944835835963,4.4019727109182289,4.434876975077688,0.8999999999999998,0.12028836866382633,__MLAT_CSV_NULL_V1__
amihud_illiquidity_60,expansion,15,London,Validation,Development,43615,4.2369469830254785,4.4502191760086394,4.5446575298026826,4.457095988271659,4.6596684870553169,0.8999999999999998,0.24494559869894292,__MLAT_CSV_NULL_V1__
amihud_illiquidity_60,expansion,30,London,Development,Development,113793,5.8884282246512338,5.8955337101762249,6.0417393338133563,6.2263377705335063,6.3562318618036882,0.99999999999999989,0.17076377764996284,__MLAT_CSV_NULL_V1__
amihud_illiquidity_60,expansion,30,London,Validation,Development,43615,5.9839870601155667,6.3945232305193,6.6271088951791155,6.4063408070459698,6.4785923670802896,0.69999999999999996,0.20124512856023785,__MLAT_CSV_NULL_V1__
amihud_illiquidity_60,expansion,60,London,Development,Development,113793,8.1879665238278481,8.1920780013365952,8.3425845376430647,8.752144933164784,9.0528859742992349,0.99999999999999989,0.22633053957993501,__MLAT_CSV_NULL_V1__
amihud_illiquidity_60,expansion,60,London,Validation,Development,43615,8.3490447803532639,9.3371272302551738,9.3587169023872843,9.2266374779988531,9.0925207482358967,0.099999999999999992,0.21574355538867579,__MLAT_CSV_NULL_V1__
amihud_illiquidity_60,expansion,120,London,Development,Development,113793,11.170073939832166,11.526110515270585,11.637539864420262,12.154561569961288,12.778575914548707,0.99999999999999989,0.30431279390632804,__MLAT_CSV_NULL_V1__
amihud_illiquidity_60,expansion,120,London,Validation,Development,43615,11.764671904232081,12.90977812904514,13.027617597301134,13.029068779937354,13.791161803507366,0.99999999999999989,0.37949362132549552,__MLAT_CSV_NULL_V1__
amihud_illiquidity_60,expansion,180,London,Development,Development,113793,14.845961933195676,15.70296212708841,15.727823913436518,16.542445689661896,17.326411235423002,0.99999999999999989,0.27689992775590921,__MLAT_CSV_NULL_V1__
amihud_illiquidity_60,expansion,180,London,Validation,Development,43615,15.383572127122205,17.12007318366269,17.78624787890627,17.973177013180596,19.210311991255281,0.99999999999999989,0.44991826014527275,__MLAT_CSV_NULL_V1__
amihud_illiquidity_60,volatility,5,London,Development,Development,113793,4.3251347921785683,4.1327184507190706,4.2267561056142595,4.3137186955183378,4.3544946427471807,0.39999999999999997,0.011242190650998796,__MLAT_CSV_NULL_V1__
amihud_illiquidity_60,volatility,5,London,Validation,Development,43615,4.216706892738002,4.0521380350178484,3.7695150384732332,3.6804753052417656,3.8529245230962852,0.69999999999999996,-0.17005625786933576,__MLAT_CSV_NULL_V1__
amihud_illiquidity_60,volatility,15,London,Development,Development,113793,7.7711058570246676,7.4393623726799873,7.5967116606625646,7.8303505319899385,7.925537709622624,0.69999999999999996,0.040345976086390616,__MLAT_CSV_NULL_V1__
amihud_illiquidity_60,volatility,15,London,Validation,Development,43615,7.5789201501536239,7.3843934735882133,6.8758611086574817,6.6720207987075666,6.9715910253399027,0.69999999999999996,-0.20731891643914188,__MLAT_CSV_NULL_V1__
amihud_illiquidity_60,volatility,30,London,Development,Development,113793,10.984231686960333,10.596832380405612,10.761402826372503,11.171903656330379,11.376072902142058,0.69999999999999996,0.078678700344932129,__MLAT_CSV_NULL_V1__
amihud_illiquidity_60,volatility,30,London,Validation,Development,43615,10.741345964238688,10.597320521349767,9.9334716332033057,9.5290846738271782,9.9589199016012007,0.69999999999999996,-0.21589089809161874,__MLAT_CSV_NULL_V1__
amihud_illiquidity_60,volatility,60,London,Development,Development,113793,15.281844239499984,14.888112007359506,15.074380057053379,15.741050008051999,16.12142242548882,0.69999999999999996,0.12949464903557215,__MLAT_CSV_NULL_V1__
amihud_illiquidity_60,volatility,60,London,Validation,Development,43615,14.997136030933435,15.183473824728587,14.171954991356721,13.672161630661479,13.982549305823655,0.79999999999999993,-0.22493651319096569,__MLAT_CSV_NULL_V1__
amihud_illiquidity_60,volatility,120,London,Development,Development,113793,21.046155465815669,20.877893935224417,21.207158972219947,21.943220696288062,22.842156192807799,0.8999999999999998,0.20477070879120302,__MLAT_CSV_NULL_V1__
amihud_illiquidity_60,volatility,120,London,Validation,Development,43615,20.876889950087957,21.427308019265329,19.973835967069927,19.395750917845305,20.00838021618674,0.59999999999999998,-0.15047787905288423,__MLAT_CSV_NULL_V1__
amihud_illiquidity_60,volatility,180,London,Development,Development,113793,27.028225846228317,27.506759306031995,27.940059452958863,29.023526492523132,30.570096023537118,0.99999999999999989,0.29426630643650958,__MLAT_CSV_NULL_V1__
amihud_illiquidity_60,volatility,180,London,Validation,Development,43615,26.978954660673022,27.585772677184398,26.943284437780807,25.687133601780086,25.993764411922786,0.79999999999999993,-0.114935552787714,__MLAT_CSV_NULL_V1__
amihud_illiquidity_60,path_risk,5,London,Development,Development,113793,1.9194731511191172,1.923483562318637,1.9706505432741661,1.9872403841189423,2.0144493885694597,0.99999999999999989,0.082616308070234429,__MLAT_CSV_NULL_V1__
amihud_illiquidity_60,path_risk,5,London,Validation,Development,43615,1.9249802581958566,1.9948938768810447,2.0507790551320206,1.9780832795308256,2.107320284703512,0.69999999999999996,0.1790059245258116,__MLAT_CSV_NULL_V1__
amihud_illiquidity_60,path_risk,15,London,Development,Development,113793,3.3434677727983004,3.3304292343851505,3.4039946509937988,3.5241082649834374,3.530768731037865,0.8999999999999998,0.097083244222776019,__MLAT_CSV_NULL_V1__
amihud_illiquidity_60,path_risk,15,London,Validation,Development,43615,3.3738267364007624,3.5462460390210984,3.6368349196937091,3.5542511085182911,3.72047075462915,0.8999999999999998,0.19904321727408134,__MLAT_CSV_NULL_V1__
amihud_illiquidity_60,path_risk,30,London,Development,Development,113793,4.6665459868593153,4.6626273307715635,4.7851916346218744,4.9508757810124102,5.0758486872902502,0.8999999999999998,0.14937519502732591,__MLAT_CSV_NULL_V1__
amihud_illiquidity_60,path_risk,30,London,Validation,Development,43615,4.7525759375237167,5.0525945273923103,5.3205760933608142,5.0759468649615211,5.109666884401233,0.69999999999999996,0.14542999661415149,__MLAT_CSV_NULL_V1__
amihud_illiquidity_60,path_risk,60,London,Development,Development,113793,6.5149219630405213,6.4778093303251625,6.5881755272254088,6.9484244540871174,7.2520472669689626,0.8999999999999998,0.19217517409625498,__MLAT_CSV_NULL_V1__
amihud_illiquidity_60,path_risk,60,London,Validation,Development,43615,6.6287893549115084,7.4803083443220366,7.5483638548379748,7.2366570459508246,7.1789253207223371,0.099999999999999992,0.16012183451451051,__MLAT_CSV_NULL_V1__
amihud_illiquidity_60,path_risk,120,London,Development,Development,113793,8.8697890934664958,9.1710897243765217,9.1947122131244985,9.6302853632733338,10.187095893395982,0.99999999999999989,0.25223399220534698,__MLAT_CSV_NULL_V1__
amihud_illiquidity_60,path_risk,120,London,Validation,Development,43615,9.3158381197679478,10.356946032858913,10.592303066765743,10.182856873929046,11.195532402960183,0.69999999999999996,0.35408311983368268,__MLAT_CSV_NULL_V1__
amihud_illiquidity_60,path_risk,180,London,Development,Development,113793,11.800206962064397,12.49715142278027,12.329076360242935,13.047901595185197,13.694528584648177,0.8999999999999998,0.23534665963785104,__MLAT_CSV_NULL_V1__
amihud_illiquidity_60,path_risk,180,London,Validation,Development,43615,12.110841821205106,13.577496565635954,14.284338104944032,14.083346920498201,15.553918882207151,0.8999999999999998,0.43507935919569551,__MLAT_CSV_NULL_V1__
parkinson_volatility_30,direction,5,London,Development,Development,113850,0.038904237101229276,0.00067466954145669808,0.010623564401207044,-0.0084228276690316694,-0.0130818878367959,0.8999999999999998,-0.032203994323915047,-0.20991181131820405
parkinson_volatility_30,direction,5,London,Validation,Development,43615,0.04029001559510504,-0.02690623847115069,0.032034010537083199,0.064829065528709748,0.045898065438384837,0.59999999999999998,0.0034329132849477044,0.29308108924643927
parkinson_volatility_30,direction,15,London,Development,Development,113850,0.050920947164292699,0.01862810790034004,-0.018099744792354464,-0.00023641923473874285,-0.04287689773287516,0.8999999999999998,-0.03372836763465354,-0.42987432646755275
parkinson_volatility_30,direction,15,London,Validation,Development,43615,0.10370679804598777,-0.023179579660802561,0.10491775075380246,0.17730759109729555,0.066779510026247518,0.19999999999999998,-0.013047430136870571,0.15686991105181614
parkinson_volatility_30,direction,30,London,Development,Development,113850,0.13325986931755096,0.06284037837034262,0.002190454093477609,-0.047138899194683219,-0.1179870570330821,0.99999999999999989,-0.063902822937201217,-1.2988672306458184
parkinson_volatility_30,direction,30,London,Validation,Development,43615,0.26663875230036044,0.078508024350588401,0.22430414113312802,0.35107120696148914,-0.0041063401117866251,0.29999999999999999,-0.067568830635206495,-1.5079164269897458
parkinson_volatility_30,direction,60,London,Development,Development,113850,0.17014892989830949,0.07728497404310776,0.086595971226213389,-0.16317271461410976,-0.30482493504586128,0.8999999999999998,-0.086973512583634935,-3.0683073246030808
parkinson_volatility_30,direction,60,London,Validation,Development,43615,0.69130478172210275,0.30598387263022225,0.34774004033255401,0.46467985841341702,0.16232019277703499,0.59999999999999998,-0.094980813128924341,-2.1891676757136951
parkinson_volatility_30,direction,120,London,Development,Development,113850,0.10942569520584361,0.26496835912990763,0.20047797668942835,0.14532510540817864,-0.57993441453611116,0.39999999999999997,-0.089267156058958963,-5.2262027909085464
parkinson_volatility_30,direction,120,London,Validation,Development,43615,1.5598048895757395,0.70609601992441151,0.23447097526582703,0.90173663907903767,0.15887604467912858,0.69999999999999996,-0.16918983238246157,-6.625160849616365
parkinson_volatility_30,direction,180,London,Development,Development,113850,0.36860604300562783,0.23046180667666394,0.47060505057076513,0.24902899659384747,-0.86971961737228842,0.49999999999999994,-0.10810099855767188,-8.8291376077849861
parkinson_volatility_30,direction,180,London,Validation,Development,43615,2.2043752748284837,1.2948916280994642,0.50163117732169293,0.80255374483110309,-0.40553861577453926,0.8999999999999998,-0.20799280455880337,-16.717190273929042
parkinson_volatility_30,expansion,5,London,Development,Development,113850,2.6263585690182203,2.5079921246545362,2.4396290215652487,2.3589827467332323,2.2538706884480608,0.99999999999999989,-0.3165805502274226,__MLAT_CSV_NULL_V1__
parkinson_volatility_30,expansion,5,London,Validation,Development,43615,2.6935903115478239,2.5198663258480507,2.4180020171037171,2.3510220767124856,2.1579465106649263,0.99999999999999989,-0.48926376491025758,__MLAT_CSV_NULL_V1__
parkinson_volatility_30,expansion,15,London,Development,Development,113850,4.7088523256170012,4.4747282301085098,4.2977336675282398,4.1291722561318185,3.9085842973155529,0.99999999999999989,-0.40292791474530665,__MLAT_CSV_NULL_V1__
parkinson_volatility_30,expansion,15,London,Validation,Development,43615,4.9548708502679286,4.5214859444395268,4.3090444807474562,4.1391262797052599,3.688169734779442,0.99999999999999989,-0.68380728363497056,__MLAT_CSV_NULL_V1__
parkinson_volatility_30,expansion,30,London,Development,Development,113850,6.6965428112880705,6.3679898988113646,6.082113694957501,5.7990505949458058,5.4762643736996761,0.99999999999999989,-0.43581812482777743,__MLAT_CSV_NULL_V1__
parkinson_volatility_30,expansion,30,London,Validation,Development,43615,7.1828037548613271,6.5815034968739239,6.1400916169109143,5.780020414486823,5.0279630297170739,0.99999999999999989,-0.81345953981605224,__MLAT_CSV_NULL_V1__
parkinson_volatility_30,expansion,60,London,Development,Development,113850,9.386901134741251,8.945456456076867,8.4854368043801056,8.087132996898081,7.6380919703827495,0.99999999999999989,-0.44398841280728324,__MLAT_CSV_NULL_V1__
parkinson_volatility_30,expansion,60,London,Validation,Development,43615,10.183988069901718,9.5487842331908208,8.688460531912984,8.040667127276663,6.8893420812084507,0.99999999999999989,-0.89171912028524514,__MLAT_CSV_NULL_V1__
parkinson_volatility_30,expansion,120,London,Development,Development,113850,13.463429369449159,12.498186229670967,11.77544149040736,10.937313691130612,10.618652326158237,0.99999999999999989,-0.51079874125636193,__MLAT_CSV_NULL_V1__
parkinson_volatility_30,expansion,120,London,Validation,Development,43615,14.320075623136869,13.714358034746311,12.271475355382465,10.942965635666996,9.6380891613324309,0.99999999999999989,-0.82079417930442511,__MLAT_CSV_NULL_V1__
parkinson_volatility_30,expansion,180,London,Development,Development,113850,20.542260834329671,16.95279218610861,15.562149538789049,13.999281669053923,13.176775141383104,0.99999999999999989,-0.73769028926170499,__MLAT_CSV_NULL_V1__
parkinson_volatility_30,expansion,180,London,Validation,Development,43615,21.257320991014073,17.865428014099205,15.700575583059646,14.023498383301959,12.388743783014444,0.99999999999999989,-0.81505780288266216,__MLAT_CSV_NULL_V1__
parkinson_volatility_30,volatility,5,London,Development,Development,113850,2.7827600182627354,3.5298288890903806,4.0721645380724487,4.6828358182866827,6.2381442240528546,0.99999999999999989,1.3235146797112045,__MLAT_CSV_NULL_V1__
parkinson_volatility_30,volatility,5,London,Validation,Development,43615,2.8995524319985893,3.5273484102564998,4.0599330771479787,4.5426594435598453,5.7910482407796513,0.99999999999999989,1.3522625783466313,__MLAT_CSV_NULL_V1__
parkinson_volatility_30,volatility,15,London,Development,Development,113850,5.0859026730852062,6.463586478093327,7.3460106498515794,8.4384611035223749,11.144196704836109,0.99999999999999989,1.660015984350756,__MLAT_CSV_NULL_V1__
parkinson_volatility_30,volatility,15,London,Validation,Development,43615,5.3192860234872921,6.4662757516008051,7.3138430659893832,8.2130602917623161,10.239435540344884,0.99999999999999989,1.7689110954190135,__MLAT_CSV_NULL_V1__
parkinson_volatility_30,volatility,30,London,Development,Development,113850,7.292416741354085,9.2885328382327401,10.472016801753792,11.980233457254064,15.736856210691752,0.99999999999999989,1.8256917710516347,__MLAT_CSV_NULL_V1__
parkinson_volatility_30,volatility,30,London,Validation,Development,43615,7.6742912607113993,9.3206612127143789,10.466146542274686,11.650958012844786,14.313138035207272,0.99999999999999989,1.9636163971517901,__MLAT_CSV_NULL_V1__
parkinson_volatility_30,volatility,60,London,Development,Development,113850,10.327744865078246,13.041868621026858,14.711887671791001,16.823469323864501,22.033826319104591,0.99999999999999989,1.9474285120702122,__MLAT_CSV_NULL_V1__
parkinson_volatility_30,volatility,60,London,Validation,Development,43615,10.876444449411723,13.407648674621932,14.796903554297243,16.370401942213579,19.717828256728026,0.99999999999999989,2.1044196091250549,__MLAT_CSV_NULL_V1__
parkinson_volatility_30,volatility,120,London,Development,Development,113850,14.916639622071845,18.337651948879348,20.555848959465941,23.210458800550587,30.669167663008903,0.99999999999999989,1.9311699776555471,__MLAT_CSV_NULL_V1__
parkinson_volatility_30,volatility,120,London,Validation,Development,43615,15.596316610952471,19.065745963208997,20.730049032097277,22.669826310609846,27.14600024878213,0.99999999999999989,2.0496901574048492,__MLAT_CSV_NULL_V1__
parkinson_volatility_30,volatility,180,London,Development,Development,113850,22.080871133790534,24.854324183224385,26.988353293595136,29.518427278706135,38.385616134013162,0.99999999999999989,1.3858305529051269,__MLAT_CSV_NULL_V1__
parkinson_volatility_30,volatility,180,London,Validation,Development,43615,22.128988852902697,25.243871208747123,26.627461352074857,28.528873288928619,34.225875682019442,0.99999999999999989,1.2108091720630263,__MLAT_CSV_NULL_V1__
parkinson_volatility_30,path_risk,5,London,Development,Development,113850,2.1222615349615475,2.0219114429262941,1.9643145065113234,1.9008545907025602,1.8097241719269817,0.99999999999999989,-0.27057101635442005,__MLAT_CSV_NULL_V1__
parkinson_volatility_30,path_risk,5,London,Validation,Development,43615,2.1927790299409424,2.0311299917141423,1.9404290381963614,1.8934158557546605,1.7182219927273674,0.99999999999999989,-0.43662972537479777,__MLAT_CSV_NULL_V1__
parkinson_volatility_30,path_risk,15,London,Development,Development,113850,3.7559538634257836,3.5626969138408389,3.415693485417159,3.2912762362076697,3.1148649170997751,0.99999999999999989,-0.3241871084381347,__MLAT_CSV_NULL_V1__
parkinson_volatility_30,path_risk,15,London,Validation,Development,43615,4.0039706828119748,3.5988589198964021,3.4274165080308729,3.2796337170814187,2.9202339515274751,0.99999999999999989,-0.57671658141933024,__MLAT_CSV_NULL_V1__
parkinson_volatility_30,path_risk,30,London,Development,Development,113850,5.3264090996654661,5.0590681585409669,4.8129203678009942,4.5891385715317048,4.3650199034298316,0.99999999999999989,-0.34160820134169401,__MLAT_CSV_NULL_V1__
parkinson_volatility_30,path_risk,30,London,Validation,Development,43615,5.7615838480595052,5.2513282126680352,4.8640419157264789,4.5497770414915824,3.9584759818705622,0.99999999999999989,-0.67478743192023394,__MLAT_CSV_NULL_V1__
parkinson_volatility_30,path_risk,60,London,Development,Development,113850,7.4359503764604753,7.1144971016014891,6.7120069146104413,6.4303792756613847,6.0986365216995591,0.99999999999999989,-0.3389071704896276,__MLAT_CSV_NULL_V1__
parkinson_volatility_30,path_risk,60,London,Validation,Development,43615,8.1138963463586471,7.6606183534841055,6.9239497612972771,6.3815439709526984,5.3940140364035294,0.99999999999999989,-0.73411824222732291,__MLAT_CSV_NULL_V1__
parkinson_volatility_30,path_risk,120,London,Development,Development,113850,10.696988333596899,9.9217724309386739,9.2858376621833916,8.6550161493500752,8.5110268434382821,0.99999999999999989,-0.39971139265132327,__MLAT_CSV_NULL_V1__
parkinson_volatility_30,path_risk,120,London,Validation,Development,43615,11.348268700622743,11.053653214741933,9.7865127854314178,8.6466316619204413,7.640337539224979,0.99999999999999989,-0.64789942644456344,__MLAT_CSV_NULL_V1__
parkinson_volatility_30,path_risk,180,London,Development,Development,113850,16.110886600895974,13.499943218918476,12.232207182503858,11.055610537814848,10.53348530969102,0.99999999999999989,-0.63634213645599724,__MLAT_CSV_NULL_V1__
parkinson_volatility_30,path_risk,180,London,Validation,Development,43615,16.78196223423889,14.205949121193717,12.406826261891871,10.951135929188474,9.9873040440704877,0.99999999999999989,-0.70022880674537191,__MLAT_CSV_NULL_V1__
rogers_satchell_volatility_30,direction,5,London,Development,Development,113850,0.033767680765313716,0.01911820886674644,0.01081628731044708,-0.018770119812217691,-0.016276825694305972,0.8999999999999998,-0.031178095044776317,-0.19120044609796868
rogers_satchell_volatility_30,direction,5,London,Validation,Development,43615,0.033334026532009169,-0.041733638412793046,0.043151205919736396,0.089560830732966432,0.017542310941591595,0.19999999999999998,-0.0096618796897284063,0.065832068500460708
rogers_satchell_volatility_30,direction,15,London,Development,Development,113850,0.044252595668511953,0.035723721286466462,0.0062526428512967389,-0.026262433087501775,-0.051682875165422013,0.99999999999999989,-0.034581700555910297,-0.40418363675991353
rogers_satchell_volatility_30,direction,15,London,Validation,Development,43615,0.093637306587757207,-0.03225298109983285,0.080197313264997475,0.24773843293240835,0.024295623617237347,0,-0.024584087101501631,-0.23710867897819771
rogers_satchell_volatility_30,direction,30,London,Development,Development,113850,0.12530679836351991,0.096296798854107246,0.044215192730797867,-0.12460241868781935,-0.10806306023946115,0.8999999999999998,-0.059307368042147118,-1.1308272092687897
rogers_satchell_volatility_30,direction,30,London,Validation,Development,43615,0.21607003323302088,0.17169796136901147,0.11460130710829645,0.41052138669344485,0.0098253647253267306,0.39999999999999997,-0.052193639411687219,-1.1454196647208228
rogers_satchell_volatility_30,direction,60,London,Development,Development,113850,0.10644737124794637,0.17615710686593986,0.14150124810468362,-0.2840421923732302,-0.27476117797888028,0.59999999999999998,-0.069458313436892835,-2.5344869538646102
rogers_satchell_volatility_30,direction,60,London,Validation,Development,43615,0.59568137523990494,0.46953621885769664,0.22540924759887601,0.49152365490818334,0.19738165949677344,0.69999999999999996,-0.072427212913062977,-1.4862925511534169
rogers_satchell_volatility_30,direction,120,London,Development,Development,113850,0.046270517219969019,0.38609168469729788,0.23798713660487755,-0.021090755824744935,-0.50935402724302214,0.69999999999999996,-0.071558367384199448,-4.4055240462065122
rogers_satchell_volatility_30,direction,120,London,Validation,Development,43615,1.464186611721773,0.69663580238479472,0.23828319114112737,0.92570435436342768,0.28595271394624727,0.49999999999999994,-0.14502789494007512,-5.0872873467504336
rogers_satchell_volatility_30,direction,180,London,Development,Development,113850,0.27089124336010589,0.45327373393068565,0.33258410953721618,0.1066944075284301,-0.71586139734384724,0.69999999999999996,-0.087015942490645787,-7.2737322688022079
rogers_satchell_volatility_30,direction,180,London,Validation,Development,43615,2.1840169688046998,1.2297622253852163,0.45935901525073175,0.72365503050607838,-0.011670745779784412,0.8999999999999998,-0.17962478532158471,-12.847023397173629
rogers_satchell_volatility_30,expansion,5,London,Development,Development,113850,2.6131385169451291,2.502225063677137,2.4416218956949303,2.3677633961843738,2.2614090766889112,0.99999999999999989,-0.30234655986195091,__MLAT_CSV_NULL_V1__
rogers_satchell_volatility_30,expansion,5,London,Validation,Development,43615,2.6925204765032329,2.4933655085860313,2.4416756102443662,2.3474495379753155,2.1804577936714766,0.99999999999999989,-0.46107001627018945,__MLAT_CSV_NULL_V1__
rogers_satchell_volatility_30,expansion,15,London,Development,Development,113850,4.6772277535937556,4.4650725055114577,4.3041470100233958,4.1415393703857415,3.9296030531896387,0.99999999999999989,-0.37870763850994105,__MLAT_CSV_NULL_V1__
rogers_satchell_volatility_30,expansion,15,London,Validation,Development,43615,4.937590621185497,4.4997358301944024,4.3266426591120668,4.1417278053776938,3.7436007406894065,0.99999999999999989,-0.64200139429119729,__MLAT_CSV_NULL_V1__
rogers_satchell_volatility_30,expansion,30,London,Development,Development,113850,6.6583675131911795,6.3653610334955646,6.0432480197800675,5.8316634199786597,5.5212782762238843,0.99999999999999989,-0.40745120921524974,__MLAT_CSV_NULL_V1__
rogers_satchell_volatility_30,expansion,30,London,Validation,Development,43615,7.0910481638515686,6.5724587812725144,6.1844333549609711,5.7841180690411722,5.1453360531363597,0.99999999999999989,-0.73555996191583684,__MLAT_CSV_NULL_V1__
rogers_satchell_volatility_30,expansion,60,London,Development,Development,113850,9.3668333994798907,8.9208009110042497,8.4545089091918033,8.1021569658709183,7.696518239331346,0.99999999999999989,-0.4207018138524658,__MLAT_CSV_NULL_V1__
rogers_satchell_volatility_30,expansion,60,London,Validation,Development,43615,10.063686787225643,9.5001316196762104,8.8507315815528411,8.0404642253163878,6.970990048859929,0.99999999999999989,-0.83748049690378412,__MLAT_CSV_NULL_V1__
rogers_satchell_volatility_30,expansion,120,London,Development,Development,113850,13.481294493246562,12.437572906194509,11.635906547047769,11.074295958352007,10.660754004003694,0.99999999999999989,-0.50490997673548177,__MLAT_CSV_NULL_V1__
rogers_satchell_volatility_30,expansion,120,London,Validation,Development,43615,14.243403499461815,13.603766537714478,12.510898830958729,10.991901923252062,9.6401795149541289,0.99999999999999989,-0.82383169222343078,__MLAT_CSV_NULL_V1__
rogers_satchell_volatility_30,expansion,180,London,Development,Development,113850,20.330556610911632,16.972591350891907,15.444521131586898,14.208362857013817,13.263313538500505,0.99999999999999989,-0.71936552251510322,__MLAT_CSV_NULL_V1__
rogers_satchell_volatility_30,expansion,180,London,Validation,Development,43615,21.227243974259938,17.640852690047911,16.035527325525717,14.291734421027765,12.086023846762256,0.99999999999999989,-0.86246478064212473,__MLAT_CSV_NULL_V1__
rogers_satchell_volatility_30,volatility,5,London,Development,Development,113850,2.8105380615359259,3.5513797142721715,4.0580620488101751,4.7038181488601696,6.1851746526055686,0.99999999999999989,1.2980982922010045,__MLAT_CSV_NULL_V1__
rogers_satchell_volatility_30,volatility,5,London,Validation,Development,43615,2.9554722844412646,3.4908086086854984,4.0671201163803152,4.5134727672972028,5.7093846624963023,0.99999999999999989,1.2755725849449464,__MLAT_CSV_NULL_V1__
rogers_satchell_volatility_30,volatility,15,London,Development,Development,113850,5.1281311295007637,6.4930151774056037,7.324305076883773,8.4790087156840581,11.059244301809828,0.99999999999999989,1.6251627047520234,__MLAT_CSV_NULL_V1__
rogers_satchell_volatility_30,volatility,15,London,Validation,Development,43615,5.4159319854755346,6.42690702218641,7.320927485024832,8.1127981379846332,10.150188361615015,0.99999999999999989,1.6794657866923104,__MLAT_CSV_NULL_V1__
rogers_satchell_volatility_30,volatility,30,London,Development,Development,113850,7.3559293770322958,9.305058502888393,10.427714689030498,12.031298013321228,15.657754411131451,0.99999999999999989,1.7754663970257389,__MLAT_CSV_NULL_V1__
rogers_satchell_volatility_30,volatility,30,London,Validation,Development,43615,7.7943094825782842,9.3027736319275665,10.436493121213292,11.532524362787308,14.19846260621264,0.99999999999999989,1.8663314582589989,__MLAT_CSV_NULL_V1__
rogers_satchell_volatility_30,volatility,60,London,Development,Development,113850,10.426012103490489,13.052499318832201,14.670257907444951,16.862327846174065,21.938478293348396,0.99999999999999989,1.8898453790277128,__MLAT_CSV_NULL_V1__
rogers_satchell_volatility_30,volatility,60,London,Validation,Development,43615,11.046163222072375,13.38047929801102,14.815969991734482,16.183055437642579,19.52449928164507,0.99999999999999989,1.9884577665197334,__MLAT_CSV_NULL_V1__
rogers_satchell_volatility_30,volatility,120,London,Development,Development,113850,15.087842563830497,18.342469723969558,20.397835350837727,23.387235631046224,30.489047929341254,0.99999999999999989,1.8512483536442597,__MLAT_CSV_NULL_V1__
rogers_satchell_volatility_30,volatility,120,London,Validation,Development,43615,15.864074587848732,19.00147579981866,20.762766529756394,22.501498532657237,26.774545507296985,0.99999999999999989,1.931490617497688,__MLAT_CSV_NULL_V1__
rogers_satchell_volatility_30,volatility,180,London,Development,Development,113850,22.244994129148441,24.76642778428112,26.845605217631718,29.747896321470918,38.235496965943575,0.99999999999999989,1.3500248189250947,__MLAT_CSV_NULL_V1__
rogers_satchell_volatility_30,volatility,180,London,Validation,Development,43615,22.4748902545284,25.078304783343011,26.684365918196296,28.624140850649415,33.479709136375334,0.99999999999999989,1.1207171192241094,__MLAT_CSV_NULL_V1__
rogers_satchell_volatility_30,path_risk,5,London,Development,Development,113850,2.110484296280144,2.0217007990494755,1.9647447502648119,1.9035663151974309,1.8180154488271698,0.99999999999999989,-0.2561206296983346,__MLAT_CSV_NULL_V1__
rogers_satchell_volatility_30,path_risk,5,London,Validation,Development,43615,2.1899672314219845,2.0067634643894641,1.9646193964467096,1.8886062576369913,1.738464230664561,0.99999999999999989,-0.41031369927544947,__MLAT_CSV_NULL_V1__
rogers_satchell_volatility_30,path_risk,15,London,Development,Development,113850,3.7306455933245508,3.5586626691756562,3.424985794229507,3.2917188626644727,3.1333102941683557,0.99999999999999989,-0.30441131138663596,__MLAT_CSV_NULL_V1__
rogers_satchell_volatility_30,path_risk,15,London,Validation,Development,43615,3.9811205890032104,3.5821232466897888,3.4405048124420627,3.2915637331535685,2.9624890368493775,0.99999999999999989,-0.54174699106681024,__MLAT_CSV_NULL_V1__
rogers_satchell_volatility_30,path_risk,30,London,Development,Development,113850,5.2943140630149159,5.0648229904240498,4.7949712961275637,4.5992191950291179,4.3976481974828303,0.99999999999999989,-0.32075604705267396,__MLAT_CSV_NULL_V1__
rogers_satchell_volatility_30,path_risk,30,London,Validation,Development,43615,5.6756680640912647,5.2345534834241745,4.9044432120668482,4.571052975803986,4.0523627658538377,0.99999999999999989,-0.60947625681574624,__MLAT_CSV_NULL_V1__
rogers_satchell_volatility_30,path_risk,60,London,Development,Development,113850,7.4216323638627602,7.1076474515034258,6.708890501370445,6.4091695376739537,6.1426197508357676,0.99999999999999989,-0.32307624624552733,__MLAT_CSV_NULL_V1__
rogers_satchell_volatility_30,path_risk,60,London,Validation,Development,43615,7.9815762432715482,7.6123939663285283,7.0800236399236463,6.3917142642112594,5.4687019966529169,0.99999999999999989,-0.67888736174313291,__MLAT_CSV_NULL_V1__
rogers_satchell_volatility_30,path_risk,120,London,Development,Development,113850,10.710352188203359,9.8741933641041246,9.2239266508229125,8.7159945959976604,8.5437315878571649,0.99999999999999989,-0.3942084887467146,__MLAT_CSV_NULL_V1__
rogers_satchell_volatility_30,path_risk,120,London,Validation,Development,43615,11.282569344164614,10.938794576607723,10.017429935333931,8.7069764969286627,7.6058973953073625,0.99999999999999989,-0.65469033641944141,__MLAT_CSV_NULL_V1__
rogers_satchell_volatility_30,path_risk,180,London,Development,Development,113850,15.942771691750764,13.489430395027389,12.234209428086523,11.159325025155924,10.595839527175603,0.99999999999999989,-0.61975840111568803,__MLAT_CSV_NULL_V1__
rogers_satchell_volatility_30,path_risk,180,London,Validation,Development,43615,16.797077839030251,14.024494348797912,12.699788006140816,11.183679409291811,9.631249909759978,0.99999999999999989,-0.76182362694322026,__MLAT_CSV_NULL_V1__
realized_semivariance_balance_60,direction,5,London,Development,Development,113793,0.020479403418967618,0.028406363894533056,0.00051302775615650448,0.0052638087319382123,-0.028119223610472203,0.79999999999999993,-0.030537514053893485,-0.27432655264122707
realized_semivariance_balance_60,direction,5,London,Validation,Development,43615,0.0043932648965405345,0.0096267658393750007,0.048917103415669287,0.036878491010416015,0.040254875172144176,0.69999999999999996,0.023151945522118564,0.071823724095251645
realized_semivariance_balance_60,direction,15,London,Development,Development,113793,-0.0049907489273004531,0.052491457332428181,-0.0006861456696171447,-0.0021135984293150353,-0.042050579189979523,0.39999999999999997,-0.013767319941545324,-0.15026615702855664
realized_semivariance_balance_60,direction,15,London,Validation,Development,43615,-0.020979678327918916,0.054500109243204038,0.081720771549058158,0.16178456200470523,0.13992757956555116,0.8999999999999998,0.060701398814273486,0.50717752371534019
realized_semivariance_balance_60,direction,30,London,Development,Development,113793,0.011093481626783959,0.080901328960959196,0.035904728939550816,0.0038780155672546637,-0.10836119539249547,0.69999999999999996,-0.032216958809356669,-0.60127982679828329
realized_semivariance_balance_60,direction,30,London,Validation,Development,43615,-0.07842856471609172,0.15435730350512231,0.21894936806178514,0.30111571075657456,0.35808062543800334,0.99999999999999989,0.11372824993970522,2.1620010406702646
realized_semivariance_balance_60,direction,60,London,Development,Development,113793,0.057924132829565253,-0.068810131023397447,-0.087929063543294661,-0.0057145924846754475,-0.036752711302317019,0.19999999999999998,-0.018601465255675263,-0.40784527695205075
realized_semivariance_balance_60,direction,60,London,Validation,Development,43615,-0.081151338946146304,0.39953582575600882,0.59579167552947099,0.5224034481485359,0.53766410645572316,0.69999999999999996,0.10970370649532432,3.8549339232635038
realized_semivariance_balance_60,direction,120,London,Development,Development,113793,-0.11033809862480294,-0.019357783880985757,-0.03494523222443828,0.13899522308135939,0.16591718920019793,0.8999999999999998,0.038588025717902021,1.0137791828663276
realized_semivariance_balance_60,direction,120,London,Validation,Development,43615,0.46071531034918239,0.50506533613901239,0.91466216454223215,1.0816586132265478,0.57109783341846609,0.69999999999999996,0.013376555074442744,1.5446254623606837
realized_semivariance_balance_60,direction,180,London,Development,Development,113793,0.09388311451733225,-0.058903470137314708,0.045683477219060561,0.062300259116726694,0.29539005333302892,0.39999999999999997,0.019177379553234834,-0.44669011132396291
realized_semivariance_balance_60,direction,180,London,Validation,Development,43615,0.78432002034499837,0.41863894434476001,0.97451533988312233,1.7399683806536013,0.7106175950999567,0.19999999999999998,-0.006799631416193554,0.22466921368743531
realized_semivariance_balance_60,expansion,5,London,Development,Development,113793,2.4563141067074801,2.4620365770516255,2.4370914954799239,2.4240463173427584,2.4026523947121028,0.8999999999999998,-0.045386194445556576,__MLAT_CSV_NULL_V1__
realized_semivariance_balance_60,expansion,5,London,Validation,Development,43615,2.4642493751806445,2.4747786361139239,2.468105858746644,2.4026361054363208,2.3986718352286038,0.69999999999999996,-0.061835878458952477,__MLAT_CSV_NULL_V1__
realized_semivariance_balance_60,expansion,15,London,Development,Development,113793,4.3261965835964302,4.3650888567504351,4.3238074790267271,4.2967011447588837,4.197036821495038,0.8999999999999998,-0.066297266518795583,__MLAT_CSV_NULL_V1__
realized_semivariance_balance_60,expansion,15,London,Validation,Development,43615,4.3362524176801625,4.5079384018897279,4.4566971514803972,4.2726320395179824,4.1888580712163028,0.69999999999999996,-0.083821842726039084,__MLAT_CSV_NULL_V1__
realized_semivariance_balance_60,expansion,30,London,Development,Development,113793,6.0547702286795904,6.1998313937020244,6.1900789941443719,6.093782164704094,5.8670223400558132,0.39999999999999997,-0.070638047483873992,__MLAT_CSV_NULL_V1__
realized_semivariance_balance_60,expansion,30,London,Validation,Development,43615,6.1819306829468257,6.4466185995448289,6.3203779276716352,6.1646442346608383,5.8860098264072631,0.69999999999999996,-0.11206832257787314,__MLAT_CSV_NULL_V1__
realized_semivariance_balance_60,expansion,60,London,Development,Development,113793,8.4188214814578668,8.7367426104921364,8.6955785177784222,8.5856873596339867,8.0852729150357217,0.39999999999999997,-0.092313216484814026,__MLAT_CSV_NULL_V1__
realized_semivariance_balance_60,expansion,60,London,Validation,Development,43615,8.6786428533280233,9.1595043823973086,9.0451805530164435,8.7179283654731439,8.2520397083461461,0.39999999999999997,-0.11071639890633587,__MLAT_CSV_NULL_V1__
realized_semivariance_balance_60,expansion,120,London,Development,Development,113793,11.601522012927626,12.112011114101758,12.173331605107458,12.130408702719114,11.239701300159217,0.099999999999999992,-0.071446929485566121,__MLAT_CSV_NULL_V1__
realized_semivariance_balance_60,expansion,120,London,Validation,Development,43615,12.058927942209671,12.675213712149628,12.75342409089286,12.359351963773678,11.821218950877249,0.29999999999999999,-0.041883061474096969,__MLAT_CSV_NULL_V1__
realized_semivariance_balance_60,expansion,180,London,Development,Development,113793,15.245905960688786,16.197198456512663,16.482182897527512,16.571887383666478,15.632735800870197,0.39999999999999997,0.043146787673060197,__MLAT_CSV_NULL_V1__
realized_semivariance_balance_60,expansion,180,London,Validation,Development,43615,15.60073192483785,16.899136876467761,16.950800088889565,16.921680274283087,15.605210836981254,0.29999999999999999,0.00052157035399716747,__MLAT_CSV_NULL_V1__
realized_semivariance_balance_60,volatility,5,London,Development,Development,113793,4.7144843029248484,4.156735685822265,4.042288131027723,4.0361745360743022,4.4031150969979924,0.39999999999999997,-0.11010532042500705,__MLAT_CSV_NULL_V1__
realized_semivariance_balance_60,volatility,5,London,Validation,Development,43615,4.3179950683113111,4.0094874772477365,3.9046062677533717,3.9188992664542468,4.1967482831543848,0.29999999999999999,-0.052889654830214884,__MLAT_CSV_NULL_V1__
realized_semivariance_balance_60,volatility,15,London,Development,Development,113793,8.4781830517550016,7.5064464519046359,7.3717349214842498,7.2962237008613426,7.9096881667329528,0.39999999999999997,-0.13600172447585004,__MLAT_CSV_NULL_V1__
realized_semivariance_balance_60,volatility,15,London,Validation,Development,43615,7.7347511736755576,7.3543565188628595,7.0841369067434314,7.0721999832619895,7.5179724822346614,0.39999999999999997,-0.069808874868855633,__MLAT_CSV_NULL_V1__
realized_semivariance_balance_60,volatility,30,London,Development,Development,113793,12.005521186956777,10.748647055237777,10.504701524371933,10.456907378527402,11.172445142990867,0.39999999999999997,-0.15440396692561359,__MLAT_CSV_NULL_V1__
realized_semivariance_balance_60,volatility,30,London,Validation,Development,43615,11.015139180283905,10.47846839461196,10.112976357574073,10.202322247439572,10.581057823801705,0.29999999999999999,-0.11261051271265893,__MLAT_CSV_NULL_V1__
realized_semivariance_balance_60,volatility,60,London,Development,Development,113793,16.78529299172628,15.183512383825201,14.777503773430503,14.7640087393559,15.591720927525538,0.39999999999999997,-0.17181330097323427,__MLAT_CSV_NULL_V1__
realized_semivariance_balance_60,volatility,60,London,Validation,Development,43615,15.394733713436681,14.812476369246776,14.403916344522129,14.476574628747301,14.789953065205902,0.59999999999999998,-0.12597694838837969,__MLAT_CSV_NULL_V1__
realized_semivariance_balance_60,volatility,120,London,Development,Development,113793,23.215219391178767,21.397671376927651,20.853326970506036,20.823163394868015,21.61742176335315,0.39999999999999997,-0.17928525494340963,__MLAT_CSV_NULL_V1__
realized_semivariance_balance_60,volatility,120,London,Validation,Development,43615,21.140575060645844,20.611355107808034,20.280402974204531,20.61469571855811,20.892769179136089,0.099999999999999992,-0.040985660761811128,__MLAT_CSV_NULL_V1__
realized_semivariance_balance_60,volatility,180,London,Development,Development,113793,29.878113282832587,27.961611149728142,27.631513895596516,27.734740495131092,28.842308962390511,0.29999999999999999,-0.085160495692745364,__MLAT_CSV_NULL_V1__
realized_semivariance_balance_60,volatility,180,London,Validation,Development,43615,27.056304539603968,27.214619433847176,26.512462521700577,27.087725446533529,26.823720399636617,0.29999999999999999,-0.026630166714111149,__MLAT_CSV_NULL_V1__
realized_semivariance_balance_60,path_risk,5,London,Development,Development,113793,1.9822394513897579,1.9861571245152281,1.9591519651121492,1.9594997286126217,1.9277788803547533,0.79999999999999993,-0.047086668065218142,__MLAT_CSV_NULL_V1__
realized_semivariance_balance_60,path_risk,5,London,Validation,Development,43615,1.9646811010286391,2.0059284572669585,2.0107738690226218,1.9317756292223021,1.9181937202402271,0.59999999999999998,-0.044846782297443141,__MLAT_CSV_NULL_V1__
realized_semivariance_balance_60,path_risk,15,London,Development,Development,113793,3.4544152806504345,3.4735978305029147,3.4357073384760075,3.4352494156709916,3.3327305728667826,0.8999999999999998,-0.063487943280515421,__MLAT_CSV_NULL_V1__
realized_semivariance_balance_60,path_risk,15,London,Validation,Development,43615,3.4226649506422646,3.6241645403468072,3.5877001567895483,3.3862955802420411,3.324048819858028,0.69999999999999996,-0.056398415315580278,__MLAT_CSV_NULL_V1__
realized_semivariance_balance_60,path_risk,30,London,Development,Development,113793,4.8055948287830885,4.9253002432838677,4.9144899204433949,4.8479744335160788,4.6452295526283578,0.39999999999999997,-0.061092041334157486,__MLAT_CSV_NULL_V1__
realized_semivariance_balance_60,path_risk,30,London,Validation,Development,43615,4.8997009898013903,5.1418311825593657,5.0414330297415386,4.8662398441125916,4.6700645925334721,0.69999999999999996,-0.087206767862423096,__MLAT_CSV_NULL_V1__
realized_semivariance_balance_60,path_risk,60,London,Development,Development,113793,6.7174471224473891,6.9367099151468414,6.9176320476630249,6.8377370289228852,6.3669716714920748,0.39999999999999997,-0.098673747260297318,__MLAT_CSV_NULL_V1__
realized_semivariance_balance_60,path_risk,60,London,Validation,Development,43615,6.9123221148438221,7.3327638594388844,7.1983278895278326,6.8778400106612327,6.5938359084445715,0.69999999999999996,-0.082635058058115149,__MLAT_CSV_NULL_V1__
realized_semivariance_balance_60,path_risk,120,London,Development,Development,113793,9.2869009182974072,9.6198032658080699,9.6705084030152566,9.6793643357283461,8.7883513226127405,0,-0.10119338810495371,__MLAT_CSV_NULL_V1__
realized_semivariance_balance_60,path_risk,120,London,Validation,Development,43615,9.6240194004875406,10.161570840277339,10.12137853033904,9.7843105527569794,9.4528189382085355,0.39999999999999997,-0.030051311690522022,__MLAT_CSV_NULL_V1__
realized_semivariance_balance_60,path_risk,180,London,Development,Development,113793,12.186165065662649,12.709605635178313,12.94900111704043,13.214335629549995,12.297547815834832,0.39999999999999997,0.013753156410849666,__MLAT_CSV_NULL_V1__
realized_semivariance_balance_60,path_risk,180,London,Validation,Development,43615,12.279670192736164,13.372155089185927,13.36953392449464,13.298238648973573,12.571726016697149,0,0.035873774579957683,__MLAT_CSV_NULL_V1__
bipower_jump_ratio_60,direction,5,London,Development,Development,113792,__MLAT_CSV_NULL_V1__,__MLAT_CSV_NULL_V1__,0.0055681029661266484,0.01731991003680693,-0.0075774887318012726,0.5,__MLAT_CSV_NULL_V1__,__MLAT_CSV_NULL_V1__
bipower_jump_ratio_60,direction,5,London,Validation,Development,43615,__MLAT_CSV_NULL_V1__,__MLAT_CSV_NULL_V1__,0.03964909792865904,0.026662675429669033,-0.016064196558485858,1,__MLAT_CSV_NULL_V1__,__MLAT_CSV_NULL_V1__
bipower_jump_ratio_60,direction,15,London,Development,Development,113792,__MLAT_CSV_NULL_V1__,__MLAT_CSV_NULL_V1__,0.0060340391785863416,0.025562077712875022,-0.041172510546115149,0.5,__MLAT_CSV_NULL_V1__,__MLAT_CSV_NULL_V1__
bipower_jump_ratio_60,direction,15,London,Validation,Development,43615,__MLAT_CSV_NULL_V1__,__MLAT_CSV_NULL_V1__,0.07596216880350605,0.17434095187458148,0.0056189647557124594,0.5,__MLAT_CSV_NULL_V1__,__MLAT_CSV_NULL_V1__
bipower_jump_ratio_60,direction,30,London,Development,Development,113792,__MLAT_CSV_NULL_V1__,__MLAT_CSV_NULL_V1__,0.0079548435754973681,0.043588355324620097,-0.044414977119775108,0.5,__MLAT_CSV_NULL_V1__,__MLAT_CSV_NULL_V1__
bipower_jump_ratio_60,direction,30,London,Validation,Development,43615,__MLAT_CSV_NULL_V1__,__MLAT_CSV_NULL_V1__,0.15409890044525104,0.35242593430388408,0.14602049289063246,0.5,__MLAT_CSV_NULL_V1__,__MLAT_CSV_NULL_V1__
bipower_jump_ratio_60,direction,60,London,Development,Development,113792,__MLAT_CSV_NULL_V1__,__MLAT_CSV_NULL_V1__,-0.017744305519015454,0.071267416551871313,-0.1600036117583844,0.5,__MLAT_CSV_NULL_V1__,__MLAT_CSV_NULL_V1__
bipower_jump_ratio_60,direction,60,London,Validation,Development,43615,__MLAT_CSV_NULL_V1__,__MLAT_CSV_NULL_V1__,0.33903228409470071,0.62966994402901877,0.35692079092172868,0.5,__MLAT_CSV_NULL_V1__,__MLAT_CSV_NULL_V1__
bipower_jump_ratio_60,direction,120,London,Development,Development,113792,__MLAT_CSV_NULL_V1__,__MLAT_CSV_NULL_V1__,-0.027776086903050379,0.26584500568699443,-0.04186109240368812,0.5,__MLAT_CSV_NULL_V1__,__MLAT_CSV_NULL_V1__
bipower_jump_ratio_60,direction,120,London,Validation,Development,43615,__MLAT_CSV_NULL_V1__,__MLAT_CSV_NULL_V1__,0.76956054179054478,0.90707118472685833,0.25216056500470291,0.5,__MLAT_CSV_NULL_V1__,__MLAT_CSV_NULL_V1__
bipower_jump_ratio_60,direction,180,London,Development,Development,113792,__MLAT_CSV_NULL_V1__,__MLAT_CSV_NULL_V1__,0.10276498072316767,0.23017213042960089,-0.10095877438602957,0.5,__MLAT_CSV_NULL_V1__,__MLAT_CSV_NULL_V1__
bipower_jump_ratio_60,direction,180,London,Validation,Development,43615,__MLAT_CSV_NULL_V1__,__MLAT_CSV_NULL_V1__,0.99050811650588622,0.96839531434487847,0.66237187863148383,1,__MLAT_CSV_NULL_V1__,__MLAT_CSV_NULL_V1__
bipower_jump_ratio_60,expansion,5,London,Development,Development,113792,__MLAT_CSV_NULL_V1__,__MLAT_CSV_NULL_V1__,2.4225210534859851,2.4540497955437766,2.4605960177471426,1,__MLAT_CSV_NULL_V1__,__MLAT_CSV_NULL_V1__
bipower_jump_ratio_60,expansion,5,London,Validation,Development,43615,__MLAT_CSV_NULL_V1__,__MLAT_CSV_NULL_V1__,2.4429830427954777,2.4157271960071633,2.4702186525450318,0.5,__MLAT_CSV_NULL_V1__,__MLAT_CSV_NULL_V1__
bipower_jump_ratio_60,expansion,15,London,Development,Development,113792,__MLAT_CSV_NULL_V1__,__MLAT_CSV_NULL_V1__,4.2783201914762747,4.3426793786636519,4.3312245367769737,0.5,__MLAT_CSV_NULL_V1__,__MLAT_CSV_NULL_V1__
bipower_jump_ratio_60,expansion,15,London,Validation,Development,43615,__MLAT_CSV_NULL_V1__,__MLAT_CSV_NULL_V1__,4.3565662553773992,4.3072942447584168,4.4060627467155298,0.5,__MLAT_CSV_NULL_V1__,__MLAT_CSV_NULL_V1__
bipower_jump_ratio_60,expansion,30,London,Development,Development,113792,__MLAT_CSV_NULL_V1__,__MLAT_CSV_NULL_V1__,6.0435998879460593,6.1186862984089467,6.1562872561981203,1,__MLAT_CSV_NULL_V1__,__MLAT_CSV_NULL_V1__
bipower_jump_ratio_60,expansion,30,London,Validation,Development,43615,__MLAT_CSV_NULL_V1__,__MLAT_CSV_NULL_V1__,6.2121767494416904,6.1486030186808449,6.241889034220673,0.5,__MLAT_CSV_NULL_V1__,__MLAT_CSV_NULL_V1__
bipower_jump_ratio_60,expansion,60,London,Development,Development,113792,__MLAT_CSV_NULL_V1__,__MLAT_CSV_NULL_V1__,8.4598586519701815,8.529279298521848,8.6137513942615449,1,__MLAT_CSV_NULL_V1__,__MLAT_CSV_NULL_V1__
bipower_jump_ratio_60,expansion,60,London,Validation,Development,43615,__MLAT_CSV_NULL_V1__,__MLAT_CSV_NULL_V1__,8.8233075060401767,8.7095194506719178,8.6868671374780337,1,__MLAT_CSV_NULL_V1__,__MLAT_CSV_NULL_V1__
bipower_jump_ratio_60,expansion,120,London,Development,Development,113792,__MLAT_CSV_NULL_V1__,__MLAT_CSV_NULL_V1__,11.872564989482505,11.775711253831927,11.863717329743334,0.5,__MLAT_CSV_NULL_V1__,__MLAT_CSV_NULL_V1__
bipower_jump_ratio_60,expansion,120,London,Validation,Development,43615,__MLAT_CSV_NULL_V1__,__MLAT_CSV_NULL_V1__,12.396676281089439,12.411785891577392,12.05529314557727,0.5,__MLAT_CSV_NULL_V1__,__MLAT_CSV_NULL_V1__
bipower_jump_ratio_60,expansion,180,London,Development,Development,113792,__MLAT_CSV_NULL_V1__,__MLAT_CSV_NULL_V1__,15.900400194902277,16.024376306682747,16.408139789244931,1,__MLAT_CSV_NULL_V1__,__MLAT_CSV_NULL_V1__
bipower_jump_ratio_60,expansion,180,London,Validation,Development,43615,__MLAT_CSV_NULL_V1__,__MLAT_CSV_NULL_V1__,16.458113035822038,16.474528872515918,16.182145026357677,0.5,__MLAT_CSV_NULL_V1__,__MLAT_CSV_NULL_V1__
bipower_jump_ratio_60,volatility,5,London,Development,Development,113792,__MLAT_CSV_NULL_V1__,__MLAT_CSV_NULL_V1__,4.2911878319151118,4.2400683653049676,4.2383527063495317,1,__MLAT_CSV_NULL_V1__,__MLAT_CSV_NULL_V1__
bipower_jump_ratio_60,volatility,5,London,Validation,Development,43615,__MLAT_CSV_NULL_V1__,__MLAT_CSV_NULL_V1__,4.113575297084374,4.0081401812409183,3.9344250178486559,1,__MLAT_CSV_NULL_V1__,__MLAT_CSV_NULL_V1__
bipower_jump_ratio_60,volatility,15,London,Development,Development,113792,__MLAT_CSV_NULL_V1__,__MLAT_CSV_NULL_V1__,7.76029631574331,7.6675788924518065,7.6121140013156161,1,__MLAT_CSV_NULL_V1__,__MLAT_CSV_NULL_V1__
bipower_jump_ratio_60,volatility,15,London,Validation,Development,43615,__MLAT_CSV_NULL_V1__,__MLAT_CSV_NULL_V1__,7.4400173516296899,7.2391896348309697,7.0890057865315059,1,__MLAT_CSV_NULL_V1__,__MLAT_CSV_NULL_V1__
bipower_jump_ratio_60,volatility,30,London,Development,Development,113792,__MLAT_CSV_NULL_V1__,__MLAT_CSV_NULL_V1__,11.037824684245026,10.896487604600148,10.876004701114246,1,__MLAT_CSV_NULL_V1__,__MLAT_CSV_NULL_V1__
bipower_jump_ratio_60,volatility,30,London,Validation,Development,43615,__MLAT_CSV_NULL_V1__,__MLAT_CSV_NULL_V1__,10.614065487075351,10.300543966528236,10.089679500909567,1,__MLAT_CSV_NULL_V1__,__MLAT_CSV_NULL_V1__
bipower_jump_ratio_60,volatility,60,London,Development,Development,113792,__MLAT_CSV_NULL_V1__,__MLAT_CSV_NULL_V1__,15.511270287307939,15.290537949797525,15.274572240730395,1,__MLAT_CSV_NULL_V1__,__MLAT_CSV_NULL_V1__
bipower_jump_ratio_60,volatility,60,London,Validation,Development,43615,__MLAT_CSV_NULL_V1__,__MLAT_CSV_NULL_V1__,14.999492979969482,14.495474371991854,14.159531188412256,1,__MLAT_CSV_NULL_V1__,__MLAT_CSV_NULL_V1__
bipower_jump_ratio_60,volatility,120,London,Development,Development,113792,__MLAT_CSV_NULL_V1__,__MLAT_CSV_NULL_V1__,21.789511287866773,21.292907173097824,21.240467825112091,1,__MLAT_CSV_NULL_V1__,__MLAT_CSV_NULL_V1__
bipower_jump_ratio_60,volatility,120,London,Validation,Development,43615,__MLAT_CSV_NULL_V1__,__MLAT_CSV_NULL_V1__,21.0198288075098,20.387094125805739,19.785135931448806,1,__MLAT_CSV_NULL_V1__,__MLAT_CSV_NULL_V1__
bipower_jump_ratio_60,volatility,180,London,Development,Development,113792,__MLAT_CSV_NULL_V1__,__MLAT_CSV_NULL_V1__,28.502767379094564,28.09755560003887,28.440761907662818,0.5,__MLAT_CSV_NULL_V1__,__MLAT_CSV_NULL_V1__
bipower_jump_ratio_60,volatility,180,London,Validation,Development,43615,__MLAT_CSV_NULL_V1__,__MLAT_CSV_NULL_V1__,27.359136269306028,26.600340793023836,25.644826655682984,1,__MLAT_CSV_NULL_V1__,__MLAT_CSV_NULL_V1__
bipower_jump_ratio_60,path_risk,5,London,Development,Development,113792,__MLAT_CSV_NULL_V1__,__MLAT_CSV_NULL_V1__,1.9534623759821723,1.9767962379965693,1.9776581413363061,1,__MLAT_CSV_NULL_V1__,__MLAT_CSV_NULL_V1__
bipower_jump_ratio_60,path_risk,5,London,Validation,Development,43615,__MLAT_CSV_NULL_V1__,__MLAT_CSV_NULL_V1__,1.9684931728594355,1.942618372266333,1.9905716878455999,0.5,__MLAT_CSV_NULL_V1__,__MLAT_CSV_NULL_V1__
bipower_jump_ratio_60,path_risk,15,London,Development,Development,113792,__MLAT_CSV_NULL_V1__,__MLAT_CSV_NULL_V1__,3.4089386472499088,3.4616786457161881,3.44316215319455,0.5,__MLAT_CSV_NULL_V1__,__MLAT_CSV_NULL_V1__
bipower_jump_ratio_60,path_risk,15,London,Validation,Development,43615,__MLAT_CSV_NULL_V1__,__MLAT_CSV_NULL_V1__,3.4725157788984204,3.4189845147128644,3.5308853697742602,0.5,__MLAT_CSV_NULL_V1__,__MLAT_CSV_NULL_V1__
bipower_jump_ratio_60,path_risk,30,London,Development,Development,113792,__MLAT_CSV_NULL_V1__,__MLAT_CSV_NULL_V1__,4.7972540144056968,4.8714445017673658,4.8755064592310395,1,__MLAT_CSV_NULL_V1__,__MLAT_CSV_NULL_V1__
bipower_jump_ratio_60,path_risk,30,London,Validation,Development,43615,__MLAT_CSV_NULL_V1__,__MLAT_CSV_NULL_V1__,4.9380064145514657,4.8638975052339957,4.9633740297194233,0.5,__MLAT_CSV_NULL_V1__,__MLAT_CSV_NULL_V1__
bipower_jump_ratio_60,path_risk,60,London,Development,Development,113792,__MLAT_CSV_NULL_V1__,__MLAT_CSV_NULL_V1__,6.7187829185919909,6.7787677868694107,6.8416715307443381,1,__MLAT_CSV_NULL_V1__,__MLAT_CSV_NULL_V1__
bipower_jump_ratio_60,path_risk,60,London,Validation,Development,43615,__MLAT_CSV_NULL_V1__,__MLAT_CSV_NULL_V1__,7.0206919114882025,6.935967279717774,6.927372652404479,1,__MLAT_CSV_NULL_V1__,__MLAT_CSV_NULL_V1__
bipower_jump_ratio_60,path_risk,120,London,Development,Development,113792,__MLAT_CSV_NULL_V1__,__MLAT_CSV_NULL_V1__,9.4313128139343831,9.3257312433207833,9.4251557320720636,0.5,__MLAT_CSV_NULL_V1__,__MLAT_CSV_NULL_V1__
bipower_jump_ratio_60,path_risk,120,London,Validation,Development,43615,__MLAT_CSV_NULL_V1__,__MLAT_CSV_NULL_V1__,9.871380431449797,9.9089127089297584,9.6095139662508764,0.5,__MLAT_CSV_NULL_V1__,__MLAT_CSV_NULL_V1__
bipower_jump_ratio_60,path_risk,180,London,Development,Development,113792,__MLAT_CSV_NULL_V1__,__MLAT_CSV_NULL_V1__,12.571333546875495,12.613255243779143,13.032552152737949,1,__MLAT_CSV_NULL_V1__,__MLAT_CSV_NULL_V1__
bipower_jump_ratio_60,path_risk,180,London,Validation,Development,43615,__MLAT_CSV_NULL_V1__,__MLAT_CSV_NULL_V1__,13.003867698581663,13.083045646904008,12.835459279217522,0.5,__MLAT_CSV_NULL_V1__,__MLAT_CSV_NULL_V1__
variance_ratio_60_5,direction,5,London,Development,Development,113789,0.0084827132781051702,0.021039725936604348,0.005635952483301036,0.010273538650315795,-0.018810360658246299,0.49999999999999994,-0.017126428660968206,-0.084163488654631566
variance_ratio_60_5,direction,5,London,Validation,Development,43615,0.026573772594408844,0.037578734665767922,0.088393829326034429,-0.029158434395594832,0.020703442152878108,0.49999999999999994,-0.0035752852905965049,-0.037932289776272998
variance_ratio_60_5,direction,15,London,Development,Development,113789,-0.028625004609830883,0.030935418092171943,-0.016297618300832251,0.039524317021244891,-0.022704529530570113,0.29999999999999999,0.0021765150824437094,0.038282155757012659
variance_ratio_60_5,direction,15,London,Validation,Development,43615,0.093295574307558249,0.1211982009259267,0.1770323018320733,0.052596128439351318,-0.011453152578344799,0.59999999999999998,-0.036427648753113911,-0.79185525204901808
variance_ratio_60_5,direction,30,London,Development,Development,113789,-0.072799243327173815,-0.00070174923696084926,-0.052703214505484493,0.13789830598160266,0.011039540365669637,0.79999999999999993,0.021946133391336338,0.37163090672451943
variance_ratio_60_5,direction,30,London,Validation,Development,43615,0.30423959992860872,0.34316781689974707,0.22530474743404255,0.15249525976284128,-0.0090150743761495764,0.8999999999999998,-0.078557231303957184,-2.2565253622828001
variance_ratio_60_5,direction,60,London,Development,Development,113789,-0.20915934714349957,-0.029836208282073107,-0.093200382621405134,0.12195828398059066,0.067848894397153039,0.79999999999999993,0.051930683577095765,1.0746107256135553
variance_ratio_60_5,direction,60,London,Validation,Development,43615,0.87179989428538951,0.63772372935043375,0.23301781661844967,0.24983979077196983,0.17348288482207627,0.8999999999999998,-0.12416380728879965,-5.461238032470761
variance_ratio_60_5,direction,120,London,Development,Development,113789,-0.054954905495175801,0.13678297765252173,-0.12724192986537694,0.099368818507389878,0.086927714730183236,0.099999999999999992,0.018938266820638452,0.10007708507806212
variance_ratio_60_5,direction,120,London,Validation,Development,43615,1.420750094330284,1.2986563108366469,0.44305444797035654,0.31825964691945929,0.37129644625538899,0.8999999999999998,-0.12681179064544737,-9.0556660512537714
variance_ratio_60_5,direction,180,London,Development,Development,113789,0.073588432213396365,0.27914217982630379,0.182422796070559,-0.077540161803909852,-0.018393549625581207,0.59999999999999998,-0.0086374212981998114,-0.45797032304907548
variance_ratio_60_5,direction,180,London,Validation,Development,43615,1.6313649954704554,1.8324389124392018,0.97480486975433267,0.17989468652858723,0.38590722035702441,0.79999999999999993,-0.10817728097384001,-12.418145496686632
variance_ratio_60_5,expansion,5,London,Development,Development,113789,2.4615574144714931,2.4625784814694667,2.4188847605759407,2.4319170320440584,2.4073970138684144,0.79999999999999993,-0.047483393263639137,__MLAT_CSV_NULL_V1__
variance_ratio_60_5,expansion,5,London,Validation,Development,43615,2.4821984090881846,2.3955100723088525,2.4544069159953188,2.4324391331598409,2.4531957440921324,0.29999999999999999,-0.025968622593286379,__MLAT_CSV_NULL_V1__
variance_ratio_60_5,expansion,15,London,Development,Development,113789,4.3467097785058533,4.3638971396845356,4.2866309762899588,4.296193831533591,4.2157794464741549,0.79999999999999993,-0.06858452390305339,__MLAT_CSV_NULL_V1__
variance_ratio_60_5,expansion,15,London,Validation,Development,43615,4.4365598231329244,4.2755286061223474,4.3692103008317256,4.321425094235221,4.3880127459887817,0.099999999999999992,-0.024814654673515232,__MLAT_CSV_NULL_V1__
variance_ratio_60_5,expansion,30,London,Development,Development,113789,6.150919064454806,6.1510503327995476,6.1499012370539896,6.0533145322879713,5.9011050175509165,0.8999999999999998,-0.092720612531001056,__MLAT_CSV_NULL_V1__
variance_ratio_60_5,expansion,30,London,Validation,Development,43615,6.3788239641002553,6.1081764991018241,6.2086506959335983,6.1853576434160003,6.1863491725228927,0.29999999999999999,-0.068936657663930645,__MLAT_CSV_NULL_V1__
variance_ratio_60_5,expansion,60,London,Development,Development,113789,8.6565090419472455,8.5916684300788901,8.577934705558766,8.4745092642560458,8.2232202335785765,0.99999999999999989,-0.11318242817394637,__MLAT_CSV_NULL_V1__
variance_ratio_60_5,expansion,60,London,Validation,Development,43615,8.79510890502109,8.7170800397811465,8.9313211767223475,8.7211172618934985,8.7376259337924669,0.099999999999999992,-0.01444584473912121,__MLAT_CSV_NULL_V1__
variance_ratio_60_5,expansion,120,London,Development,Development,113789,12.200798102155025,11.954779759970396,11.887439273393685,11.779410021603431,11.437918327126873,0.99999999999999989,-0.14324130315641731,__MLAT_CSV_NULL_V1__
variance_ratio_60_5,expansion,120,London,Validation,Development,43615,11.912933254012307,12.108156515960316,12.482789072637164,12.508860853558826,12.549621839236252,0.99999999999999989,0.11008671874665243,__MLAT_CSV_NULL_V1__
variance_ratio_60_5,expansion,180,London,Development,Development,113789,16.724464021348158,16.428407805081459,15.932211662887928,15.886420028062131,15.166278819951804,0.99999999999999989,-0.1732441539062817,__MLAT_CSV_NULL_V1__
variance_ratio_60_5,expansion,180,London,Validation,Development,43615,16.257542077419469,16.383127443519179,16.867598602157628,16.183590676300565,16.359313890011084,0.099999999999999992,0.011216021740990692,__MLAT_CSV_NULL_V1__
variance_ratio_60_5,volatility,5,London,Development,Development,113789,4.099748514238633,4.1713175662495114,4.1901936352396874,4.3509975435234054,4.5386242013309062,0.99999999999999989,0.17012809252571623,__MLAT_CSV_NULL_V1__
variance_ratio_60_5,volatility,5,London,Validation,Development,43615,4.0409452866504818,3.9483610209262343,4.0541545429926025,4.0705655858782972,4.183527506050245,0.8999999999999998,0.066065351620762325,__MLAT_CSV_NULL_V1__
variance_ratio_60_5,volatility,15,London,Development,Development,113789,7.4267670679556952,7.5528005976938681,7.5762971153471872,7.8552199173118575,8.147744140447756,0.99999999999999989,0.18935903257211845,__MLAT_CSV_NULL_V1__
variance_ratio_60_5,volatility,15,London,Validation,Development,43615,7.333595385705503,7.1576734276165039,7.3204313248151065,7.3395793209514597,7.5410932764281799,0.69999999999999996,0.067417364705212035,__MLAT_CSV_NULL_V1__
variance_ratio_60_5,volatility,30,London,Development,Development,113789,10.578636651643947,10.709597917720902,10.899048852189168,11.188918403994073,11.506917005863771,0.99999999999999989,0.18731570689763935,__MLAT_CSV_NULL_V1__
variance_ratio_60_5,volatility,30,London,Validation,Development,43615,10.46947092143817,10.186522327709213,10.376500067648154,10.476198887004745,10.791838571405147,0.69999999999999996,0.083335599698120877,__MLAT_CSV_NULL_V1__
variance_ratio_60_5,volatility,60,London,Development,Development,113789,14.837665888008706,14.995989696505703,15.349457397745287,15.765964120550938,16.145909568597876,0.99999999999999989,0.20115512361249843,__MLAT_CSV_NULL_V1__
variance_ratio_60_5,volatility,60,London,Validation,Development,43615,14.582814032751429,14.337916725929764,14.729559006390483,14.815221380549765,15.247902716128452,0.8999999999999998,0.13720470320051828,__MLAT_CSV_NULL_V1__
variance_ratio_60_5,volatility,120,London,Development,Development,113789,20.888857001945635,21.069289386664593,21.434207091342799,21.98956460464397,22.516413451245992,0.99999999999999989,0.1844925461842386,__MLAT_CSV_NULL_V1__
variance_ratio_60_5,volatility,120,London,Validation,Development,43615,20.361988220619828,20.109510116114372,20.611509454465711,20.820148431535838,21.396301163699366,0.8999999999999998,0.16440933274908132,__MLAT_CSV_NULL_V1__
variance_ratio_60_5,volatility,180,London,Development,Development,113789,27.931664311466861,28.175717396590471,28.126943438289693,28.79478699312893,29.014105250061846,0.8999999999999998,0.091230873087312744,__MLAT_CSV_NULL_V1__
variance_ratio_60_5,volatility,180,London,Validation,Development,43615,26.75631028537855,26.385348682793239,27.216414255003418,26.842991537517015,27.364548068678506,0.79999999999999993,0.068292040311641392,__MLAT_CSV_NULL_V1__
variance_ratio_60_5,path_risk,5,London,Development,Development,113789,1.9824563977441767,1.9860362065136739,1.9468361496319071,1.9583651246898144,1.9413200552677836,0.79999999999999993,-0.036664072793362694,__MLAT_CSV_NULL_V1__
variance_ratio_60_5,path_risk,5,London,Validation,Development,43615,2.0013672867831227,1.9322823541740781,1.9721712082982046,1.9581952540007734,1.9777387039280547,0.099999999999999992,-0.021288088385390938,__MLAT_CSV_NULL_V1__
variance_ratio_60_5,path_risk,15,London,Development,Development,113789,3.4661673886268236,3.4829705264531796,3.411278269045019,3.4178250317857475,3.3537867082530082,0.79999999999999993,-0.059480375311153279,__MLAT_CSV_NULL_V1__
variance_ratio_60_5,path_risk,15,London,Validation,Development,43615,3.5449707729088873,3.4134299219390605,3.4709374635145722,3.4317332059621419,3.5114235616490821,0.099999999999999992,-0.017069702520231919,__MLAT_CSV_NULL_V1__
variance_ratio_60_5,path_risk,30,London,Development,Development,113789,4.896175282615407,4.9074944097301536,4.8898049101001417,4.7870172051733313,4.6588742288942786,0.8999999999999998,-0.088602394630213993,__MLAT_CSV_NULL_V1__
variance_ratio_60_5,path_risk,30,London,Validation,Development,43615,5.0601945923224205,4.8815227378226096,4.9177873745945959,4.908758007888169,4.9067176219650692,0.39999999999999997,-0.055107934821313063,__MLAT_CSV_NULL_V1__
variance_ratio_60_5,path_risk,60,London,Development,Development,113789,6.8989644812490036,6.8603691311112858,6.8219625046175523,6.7028332854891124,6.4939215043209408,0.99999999999999989,-0.10693901033149388,__MLAT_CSV_NULL_V1__
variance_ratio_60_5,path_risk,60,London,Validation,Development,43615,6.9015575444368107,6.9520740204608025,7.1546074177095038,6.9941045295909774,6.9216127965784793,0.29999999999999999,0.0051075167160434948,__MLAT_CSV_NULL_V1__
variance_ratio_60_5,path_risk,120,London,Development,Development,113789,9.7547403482750976,9.5255112357587883,9.4129037487564133,9.3093522470540062,9.0452441096563962,0.99999999999999989,-0.13541808008134473,__MLAT_CSV_NULL_V1__
variance_ratio_60_5,path_risk,120,London,Validation,Development,43615,9.2959083072607491,9.6105004877580633,10.037012835569842,10.083476304628656,9.96682390795225,0.69999999999999996,0.11670859880681549,__MLAT_CSV_NULL_V1__
variance_ratio_60_5,path_risk,180,London,Development,Development,113789,13.328044322039759,12.928162336302941,12.542304949884036,12.555803377518721,12.008689440167153,0.8999999999999998,-0.16227866497518875,__MLAT_CSV_NULL_V1__
variance_ratio_60_5,path_risk,180,London,Validation,Development,43615,12.69704238198233,12.908394510010712,13.275464364465874,12.869591297354294,13.116112070737168,0.49999999999999994,0.050104382106007199,__MLAT_CSV_NULL_V1__
return_sign_entropy_60,direction,5,London,Development,Development,113793,-0.0024444833501141711,0.012808824385955608,-0.010549007284924477,0.016883973007561004,0.010192356976642955,0.29999999999999999,0.0078280981571297349,0.15318369195219675
return_sign_entropy_60,direction,5,London,Validation,Development,43615,0.018203808427335388,-0.0051130747470673086,0.053792809812910417,0.059264239997275266,0.071389764167907557,0.8999999999999998,0.03375741078599389,0.10808678297224811
return_sign_entropy_60,direction,15,London,Development,Development,113793,-0.0371017677537991,0.081031719907703831,-0.014780938744099833,-0.057268310206023215,0.027787708753703823,0,0.023499115299902135,0.49034960562501018
return_sign_entropy_60,direction,15,London,Validation,Development,43615,0.045575688960767267,-0.033489424470445818,0.15133238484980535,0.18444857946075791,0.29946060478986636,0.8999999999999998,0.093275804649802271,0.9064877534057787
return_sign_entropy_60,direction,30,London,Development,Development,113793,-0.070987972075169326,0.096963210296202848,-0.02507356961194852,-0.069429053344267688,0.086074170178380552,0.29999999999999999,0.040310706103446517,0.95353744251424111
return_sign_entropy_60,direction,30,London,Validation,Development,43615,0.012999436857034303,0.04896474126518216,0.30221751987802764,0.47600434489125798,0.72758814178287157,0.99999999999999989,0.184024909297377,3.1684032818526058
return_sign_entropy_60,direction,60,London,Development,Development,113793,-0.2950203452138998,-0.015469085321038616,0.037019786547583214,-0.0012483894152556941,0.12263244588141844,0.8999999999999998,0.076831268179170339,2.776399871585721
return_sign_entropy_60,direction,60,London,Validation,Development,43615,0.063654899887138378,0.34948131704980862,0.46173472875104904,0.72416036425384811,1.3468234513614508,0.99999999999999989,0.2263789086842512,5.7669637075790261
return_sign_entropy_60,direction,120,London,Development,Development,113793,-0.36034057254591018,-0.13242224993302187,0.2167574809123553,0.21889594687478392,0.18668487153728797,0.69999999999999996,0.071351899463113572,3.7244069754281326
return_sign_entropy_60,direction,120,London,Validation,Development,43615,0.22848063926069342,0.56716667208683946,0.78973301374145144,1.4513209792287913,1.9954352907246689,0.99999999999999989,0.2187121397261339,7.1024909860093297
return_sign_entropy_60,direction,180,London,Development,Development,113793,-0.1801445916458623,-0.27088583913329056,0.11777000305114473,0.27590689966959198,0.48119811119597,0.8999999999999998,0.059785576051295232,3.9938094868147349
return_sign_entropy_60,direction,180,London,Validation,Development,43615,0.10089339081169071,0.95020851657316319,1.2831946592788435,2.0045453199101422,2.2612322391660959,0.99999999999999989,0.19813796038819051,10.800463788110171
return_sign_entropy_60,expansion,5,London,Development,Development,113793,2.3447956557627108,2.4022568851635855,2.4355976564400561,2.4628470393115482,2.5322230919708204,0.99999999999999989,0.1606250975151271,__MLAT_CSV_NULL_V1__
return_sign_entropy_60,expansion,5,London,Validation,Development,43615,2.3870555608140895,2.4263547172824254,2.4974884166574887,2.4838664459417479,2.5495831564081288,0.8999999999999998,0.15836702136746003,__MLAT_CSV_NULL_V1__
return_sign_entropy_60,expansion,15,London,Development,Development,113793,4.1016874191484662,4.2148307074053859,4.2851742398045891,4.3642053964783623,4.532932597075602,0.99999999999999989,0.21639438351901291,__MLAT_CSV_NULL_V1__
return_sign_entropy_60,expansion,15,London,Validation,Development,43615,4.220044392537698,4.3054339473262351,4.4538517040467021,4.5113239357627073,4.6510221248821573,0.99999999999999989,0.24652994783239912,__MLAT_CSV_NULL_V1__
return_sign_entropy_60,expansion,30,London,Development,Development,113793,5.7852756231184523,5.9143552991362398,6.0469888288400782,6.1832538405120232,6.4599480334725854,0.99999999999999989,0.24335604622951265,__MLAT_CSV_NULL_V1__
return_sign_entropy_60,expansion,30,London,Validation,Development,43615,5.9799208201049288,6.1474489981959186,6.3039171580646816,6.5560010418350769,6.6416263136971248,0.99999999999999989,0.25299827663617197,__MLAT_CSV_NULL_V1__
return_sign_entropy_60,expansion,60,London,Development,Development,113793,8.1042336260424133,8.2748666816340144,8.4622510370018809,8.6002680690658106,9.0563978556418583,0.99999999999999989,0.24155220551754261,__MLAT_CSV_NULL_V1__
return_sign_entropy_60,expansion,60,London,Validation,Development,43615,8.442555012574898,8.6956962934450086,8.9103357460665347,9.4453700130144931,9.2936988158121352,0.8999999999999998,0.22427749852553575,__MLAT_CSV_NULL_V1__
return_sign_entropy_60,expansion,120,London,Development,Development,113793,11.323768887501915,11.445340755792287,11.706329349116627,11.897160541609788,12.842453533273879,0.99999999999999989,0.27155467302448821,__MLAT_CSV_NULL_V1__
return_sign_entropy_60,expansion,120,London,Validation,Development,43615,11.742888388046659,12.152077278142814,12.470355710820796,13.66757390212006,13.419016068100698,0.8999999999999998,0.30677380137402671,__MLAT_CSV_NULL_V1__
return_sign_entropy_60,expansion,180,London,Development,Development,113793,14.290244183695885,14.979413777392924,15.731223261692445,16.513968543603049,18.514075488438245,0.99999999999999989,0.44931904957543362,__MLAT_CSV_NULL_V1__
return_sign_entropy_60,expansion,180,London,Validation,Development,43615,14.885651539621767,15.955214453611401,17.033245598908739,18.149248166163503,20.500703749533901,0.99999999999999989,0.64710127650390648,__MLAT_CSV_NULL_V1__
return_sign_entropy_60,volatility,5,London,Development,Development,113793,5.4595202175830293,4.6165052687615766,4.2195265471326842,3.8338169632890549,3.268376904910212,0.99999999999999989,-0.86356494430922437,__MLAT_CSV_NULL_V1__
return_sign_entropy_60,volatility,5,London,Validation,Development,43615,4.6339969042965077,4.1376559098987382,3.7976297477456229,3.3887693347431722,2.9147639292024712,0.99999999999999989,-0.82949559083795343,__MLAT_CSV_NULL_V1__
return_sign_entropy_60,volatility,15,London,Development,Development,113793,9.7915897170275805,8.3104678853119918,7.6167812974957867,6.967006450288868,5.9558803317867657,0.99999999999999989,-1.0474901175655593,__MLAT_CSV_NULL_V1__
return_sign_entropy_60,volatility,15,London,Validation,Development,43615,8.3380170009699572,7.4547996976247504,6.8615117700481338,6.2669766007004775,5.2991940361527616,0.99999999999999989,-1.1000557635525201,__MLAT_CSV_NULL_V1__
return_sign_entropy_60,volatility,30,London,Development,Development,113793,13.874441064973857,11.786326659699684,10.835382505205503,9.968182466523416,8.5354310526589146,0.99999999999999989,-1.1350243133588365,__MLAT_CSV_NULL_V1__
return_sign_entropy_60,volatility,30,London,Validation,Development,43615,11.861685615576194,10.623203667521079,9.7493493886590255,9.0387190337072134,7.5825884719137324,0.99999999999999989,-1.2082763524272953,__MLAT_CSV_NULL_V1__
return_sign_entropy_60,volatility,60,London,Development,Development,113793,19.523249992629243,16.540250341524267,15.170759642641098,13.917342922941234,12.102005288900914,0.99999999999999989,-1.1808946371525244,__MLAT_CSV_NULL_V1__
return_sign_entropy_60,volatility,60,London,Validation,Development,43615,16.598199355110921,15.092318594676753,13.807190999232159,12.804502905124748,10.769483585700941,0.99999999999999989,-1.2863139063212929,__MLAT_CSV_NULL_V1__
return_sign_entropy_60,volatility,120,London,Development,Development,113793,27.343698211500801,23.058686598468316,21.028733994362661,19.453490736385476,17.227765298412162,0.99999999999999989,-1.1734998684367002,__MLAT_CSV_NULL_V1__
return_sign_entropy_60,volatility,120,London,Validation,Development,43615,23.029068422119085,21.179879957955713,19.506149280168188,18.225971526215496,15.353867911237034,0.99999999999999989,-1.3108914979983146,__MLAT_CSV_NULL_V1__
return_sign_entropy_60,volatility,180,London,Development,Development,113793,34.449553515942164,29.842317274792524,27.720589117751484,26.088860849704886,24.151461739022075,0.99999999999999989,-0.85172164506982562,__MLAT_CSV_NULL_V1__
return_sign_entropy_60,volatility,180,London,Validation,Development,43615,29.388431554597052,27.277621110182668,25.806599712981672,24.179205848259027,21.710027995661974,0.99999999999999989,-0.85628854724800729,__MLAT_CSV_NULL_V1__
return_sign_entropy_60,path_risk,5,London,Development,Development,113793,1.8886690908692385,1.9316753817378101,1.9615665913390512,1.9839077990547331,2.0452374711642101,0.99999999999999989,0.13628769139420213,__MLAT_CSV_NULL_V1__
return_sign_entropy_60,path_risk,5,London,Validation,Development,43615,1.9153270114101211,1.953517352022462,2.0163967253997543,2.0034875464088833,2.0730886906541861,0.8999999999999998,0.15488406131319202,__MLAT_CSV_NULL_V1__
return_sign_entropy_60,path_risk,15,London,Development,Development,113793,3.2719489389832508,3.3561337599393859,3.4029654673540266,3.4756627887367557,3.617062166499176,0.99999999999999989,0.17504009581727056,__MLAT_CSV_NULL_V1__
return_sign_entropy_60,path_risk,15,London,Validation,Development,43615,3.3478917644745545,3.421586465214483,3.554284900808129,3.6355236598595342,3.7441866546667892,0.99999999999999989,0.22575704034197913,__MLAT_CSV_NULL_V1__
return_sign_entropy_60,path_risk,30,London,Development,Development,113793,4.5983844383435644,4.6991014293184712,4.7919395958474542,4.9093835641673502,5.1276830366257657,0.99999999999999989,0.19139702530662533,__MLAT_CSV_NULL_V1__
return_sign_entropy_60,path_risk,30,London,Validation,Development,43615,4.7353288166052492,4.8732259489980674,5.0143226438579953,5.2807343352766898,5.2504460655364866,0.8999999999999998,0.19702463376422033,__MLAT_CSV_NULL_V1__
return_sign_entropy_60,path_risk,60,London,Development,Development,113793,6.4798071447480634,6.5868776472181239,6.7195966750717231,6.8294883582332213,7.1440990596395633,0.99999999999999989,0.1695783187567769,__MLAT_CSV_NULL_V1__
return_sign_entropy_60,path_risk,60,London,Validation,Development,43615,6.7254805933117838,6.9174811487268739,7.0672886207453143,7.5998722897686006,7.3466952719824299,0.8999999999999998,0.1633246882745355,__MLAT_CSV_NULL_V1__
return_sign_entropy_60,path_risk,120,London,Development,Development,113793,9.1112493113388862,9.1107987844591722,9.2762495043283035,9.4107602271435535,10.107107033211674,0.8999999999999998,0.18243957429640895,__MLAT_CSV_NULL_V1__
return_sign_entropy_60,path_risk,120,London,Validation,Development,43615,9.3932940929378894,9.6143176141343947,9.8124963439788591,11.016389074461166,10.807829561672014,0.8999999999999998,0.25736554823093133,__MLAT_CSV_NULL_V1__
return_sign_entropy_60,path_risk,180,London,Development,Development,113793,11.488879072643702,11.900388484590913,12.407501969412303,12.987316245766909,14.499603273304245,0.99999999999999989,0.35708303715141776,__MLAT_CSV_NULL_V1__
return_sign_entropy_60,path_risk,180,London,Validation,Development,43615,11.774305142658669,12.581919937810582,13.334524181734665,14.457214526185231,16.521465052351068,0.99999999999999989,0.59053294360129449,__MLAT_CSV_NULL_V1__
volatility_of_volatility_60,direction,5,London,Development,Development,113779,0.010083060679756107,0.018406542193645872,0.0086165553405128242,0.013653848536971417,-0.023814724667774453,0.49999999999999994,-0.021388423290668462,-0.10913163064755657
volatility_of_volatility_60,direction,5,London,Validation,Development,43615,0.037558184165893745,0.00031956741300939566,0.020266928523467342,0.00084928082916837957,0.10224586133299771,0.29999999999999999,0.041314856643400406,0.2038270093839249
volatility_of_volatility_60,direction,15,London,Development,Development,113779,0.025369292782151498,0.034839354743062594,0.0029903761692167529,0.0023654839185525823,-0.062541275066666499,0.8999999999999998,-0.032903791541271044,-0.32862785170615683
volatility_of_volatility_60,direction,15,London,Validation,Development,43615,0.091354389886860246,0.035265526361440848,0.038935942486911242,0.057887797213830687,0.24720381075594561,0.39999999999999997,0.057629939933914548,0.47313020924404048
volatility_of_volatility_60,direction,30,London,Development,Development,113779,0.014336064535295106,0.028885854180056,0.078599680141315256,0.0063062598695739214,-0.1040730674613794,0.59999999999999998,-0.032061640632886725,-0.42399173112197674
volatility_of_volatility_60,direction,30,London,Validation,Development,43615,0.052773243788390996,0.2069194256000236,0.23878146356726387,0.21613174180107111,0.32751467276623386,0.8999999999999998,0.069672136335844098,0.76766188727633022
volatility_of_volatility_60,direction,60,London,Development,Development,113779,-0.027775711175529547,-0.0041451807687728649,0.14162566092855294,-0.10920418471770509,-0.14159029512865129,0.59999999999999998,-0.021762988050067943,0.064662879657201855
volatility_of_volatility_60,direction,60,London,Validation,Development,43615,0.067254311135785172,0.42640058189669561,0.47623685858676507,0.56563551645539234,0.65925501724405555,0.99999999999999989,0.10446468047111426,3.2630258786501134
volatility_of_volatility_60,direction,120,London,Development,Development,113779,-0.048426410483042782,0.14677626207695921,0.15554450793969227,0.15811757114722705,-0.26821931139547223,0,-0.030018683873571813,-0.5797659472930452
volatility_of_volatility_60,direction,120,London,Validation,Development,43615,0.56195995003540511,0.37176865870852466,0.57526503854397948,1.226672805024716,1.1435043312821986,0.79999999999999993,0.073564035765906949,3.3677743778049778
volatility_of_volatility_60,direction,180,London,Development,Development,113779,-0.40345887468144742,0.29695861471858043,0.35370491004517074,0.33918095533921205,-0.14816642861016308,0.29999999999999999,0.023978557807154348,2.0746555696100009
volatility_of_volatility_60,direction,180,London,Validation,Development,43615,1.1819559066416834,0.78237465956642471,0.95870160481549294,0.7993673800914175,0.84499118021832809,0.29999999999999999,-0.032571437808208176,-0.25602611179110557
volatility_of_volatility_60,expansion,5,London,Development,Development,113779,2.4172233420957694,2.4663805825122314,2.4515594230029745,2.4482652798286098,2.3988020471169658,0.39999999999999997,-0.015682182704708239,__MLAT_CSV_NULL_V1__
volatility_of_volatility_60,expansion,5,London,Validation,Development,43615,2.4225232268375634,2.4639259651859668,2.489390244863801,2.4314422753494664,2.386839676513707,0.29999999999999999,-0.034221171161804266,__MLAT_CSV_NULL_V1__
volatility_of_volatility_60,expansion,15,London,Development,Development,113779,4.2567264413222938,4.3531087947459515,4.3262526518430695,4.3649657289534698,4.2073197853102871,0.099999999999999992,-0.025720460453821863,__MLAT_CSV_NULL_V1__
volatility_of_volatility_60,expansion,15,London,Validation,Development,43615,4.3427841100109994,4.410893585765387,4.4358619148315759,4.3127595834949393,4.2185985019859888,0.59999999999999998,-0.070649348108203294,__MLAT_CSV_NULL_V1__
volatility_of_volatility_60,expansion,30,London,Development,Development,113779,5.9706555901653262,6.1281976669248213,6.2072262803646581,6.1836198578975088,5.9162868226403393,0.099999999999999992,-0.020753072250951885,__MLAT_CSV_NULL_V1__
volatility_of_volatility_60,expansion,30,London,Validation,Development,43615,6.2453764928427695,6.247344951826209,6.336710985851262,6.1012635953716527,5.9908926488961214,0.59999999999999998,-0.096105055906795106,__MLAT_CSV_NULL_V1__
volatility_of_volatility_60,expansion,60,London,Development,Development,113779,8.3744401153408905,8.5662778203924645,8.6783542167819689,8.6315516470517757,8.2734655398975914,0.099999999999999992,-0.027376283669995508,__MLAT_CSV_NULL_V1__
volatility_of_volatility_60,expansion,60,London,Validation,Development,43615,8.9636899503511724,8.8079490718163189,9.0059025227116276,8.7648582640353343,8.0718827108728313,0.69999999999999996,-0.23317905286438548,__MLAT_CSV_NULL_V1__
volatility_of_volatility_60,expansion,120,London,Development,Development,113779,11.8231002702521,11.992797786156617,12.02469703454287,11.88782280968789,11.530643501304658,0.29999999999999999,-0.055132642837308697,__MLAT_CSV_NULL_V1__
volatility_of_volatility_60,expansion,120,London,Validation,Development,43615,12.505305465037422,12.597413184037315,12.668332251497196,12.309561562963571,11.191936418011963,0.59999999999999998,-0.24335863448744988,__MLAT_CSV_NULL_V1__
volatility_of_volatility_60,expansion,180,London,Development,Development,113779,15.989840839625581,16.006581618588534,16.332902801559491,16.051280906164173,15.755306635520954,0.099999999999999992,-0.025542174448924603,__MLAT_CSV_NULL_V1__
volatility_of_volatility_60,expansion,180,London,Validation,Development,43615,16.29677008594517,17.074794100826587,16.792124242914706,16.652990351064048,14.709384549074727,0.39999999999999997,-0.1938466655538455,__MLAT_CSV_NULL_V1__
volatility_of_volatility_60,volatility,5,London,Development,Development,113779,4.1147971448398133,4.1789880038896516,4.1950331324952739,4.2323297233614712,4.6324599569771685,0.99999999999999989,0.19692191524762595,__MLAT_CSV_NULL_V1__
volatility_of_volatility_60,volatility,5,London,Validation,Development,43615,3.9465561210771667,4.0158202693991889,4.0374340422015429,3.9899943638646795,4.4995340208905912,0.69999999999999996,0.25172391082001622,__MLAT_CSV_NULL_V1__
volatility_of_volatility_60,volatility,15,London,Development,Development,113779,7.4390668275670659,7.5457675769881565,7.5655784930631311,7.667151507120729,8.3449147823799663,0.99999999999999989,0.2386145747645646,__MLAT_CSV_NULL_V1__
volatility_of_volatility_60,volatility,15,London,Validation,Development,43615,7.1181457586897245,7.3508052438972191,7.2518682230263929,7.2303707997364937,8.0393390891553587,0.59999999999999998,0.3072818965643293,__MLAT_CSV_NULL_V1__
volatility_of_volatility_60,volatility,30,London,Development,Development,113779,10.575654304140963,10.724402868371504,10.797337326510965,10.948370851158664,11.842845310118607,0.99999999999999989,0.26002745750770351,__MLAT_CSV_NULL_V1__
volatility_of_volatility_60,volatility,30,London,Validation,Development,43615,10.188318222190579,10.513736755986391,10.354794379470396,10.288882396923849,11.31393622087352,0.59999999999999998,0.29888296674399772,__MLAT_CSV_NULL_V1__
volatility_of_volatility_60,volatility,60,London,Development,Development,113779,15.003685101922319,15.021257915502837,15.133582167027086,15.373490132804612,16.571750799341636,0.99999999999999989,0.24075004192552307,__MLAT_CSV_NULL_V1__
volatility_of_volatility_60,volatility,60,London,Validation,Development,43615,14.538029269732606,14.780944654535539,14.700241098174869,14.508709917991307,15.592226384755623,0.29999999999999999,0.21792100494823552,__MLAT_CSV_NULL_V1__
volatility_of_volatility_60,volatility,120,London,Development,Development,113779,21.168340312320616,21.142402618934103,21.095331188228528,21.460951408807993,23.0422355606532,0.59999999999999998,0.21183326717909548,__MLAT_CSV_NULL_V1__
volatility_of_volatility_60,volatility,120,London,Validation,Development,43615,20.424897639870832,20.780330725572338,20.676188161564262,20.358213602394041,21.535043230228929,0.29999999999999999,0.18452735438436366,__MLAT_CSV_NULL_V1__
volatility_of_volatility_60,volatility,180,London,Development,Development,113779,27.984063391565712,27.614530692959228,27.827578323691036,28.144185996624131,30.485186232958981,0.69999999999999996,0.20207843076511317,__MLAT_CSV_NULL_V1__
volatility_of_volatility_60,volatility,180,London,Validation,Development,43615,26.230459460540064,27.122003259132352,26.956822548166009,27.033484446858917,27.82091894542771,0.69999999999999996,0.18860671360219283,__MLAT_CSV_NULL_V1__
volatility_of_volatility_60,path_risk,5,London,Development,Development,113779,1.9523349496239788,1.9906200360215651,1.9752510008838553,1.9683779407553208,1.9283306375178535,0.39999999999999997,-0.020838189035692664,__MLAT_CSV_NULL_V1__
volatility_of_volatility_60,path_risk,5,London,Validation,Development,43615,1.9506183474402257,1.9866518741003678,2.0124509186011297,1.9511997737031133,1.9186684289930751,0.29999999999999999,-0.030872809881825537,__MLAT_CSV_NULL_V1__
volatility_of_volatility_60,path_risk,15,London,Development,Development,113779,3.387768100590673,3.4722564564613099,3.4364525159103794,3.4857281169968188,3.3493560531640241,0.099999999999999992,-0.020233323235716676,__MLAT_CSV_NULL_V1__
volatility_of_volatility_60,path_risk,15,London,Validation,Development,43615,3.4569035831976898,3.5244483198572265,3.550100694788294,3.4169708090646203,3.3632140637198367,0.59999999999999998,-0.05299322988542874,__MLAT_CSV_NULL_V1__
volatility_of_volatility_60,path_risk,30,London,Development,Development,113779,4.725987288519331,4.8715733503686955,4.9284902825261572,4.9321591111573566,4.6810712438806918,0,-0.017323969548521553,__MLAT_CSV_NULL_V1__
volatility_of_volatility_60,path_risk,30,London,Validation,Development,43615,4.9800545160460219,4.9519730956703478,5.0591226720156399,4.7739303617987829,4.7857475617875256,0.59999999999999998,-0.073088123645642017,__MLAT_CSV_NULL_V1__
volatility_of_volatility_60,path_risk,60,London,Development,Development,113779,6.6555106861691051,6.8044822360414372,6.9131139890894495,6.8501499867988205,6.5549642873315683,0.099999999999999992,-0.027602670163485287,__MLAT_CSV_NULL_V1__
volatility_of_volatility_60,path_risk,60,London,Validation,Development,43615,7.1921423969145124,7.003402272300904,7.1964962807410178,6.8685939487891625,6.4290682181369503,0.69999999999999996,-0.19826639486900163,__MLAT_CSV_NULL_V1__
volatility_of_volatility_60,path_risk,120,London,Development,Development,113779,9.4518319038917298,9.5162163571783989,9.586710146542039,9.3876136294174568,9.1038421676217691,0.59999999999999998,-0.06706615313679147,__MLAT_CSV_NULL_V1__
volatility_of_volatility_60,path_risk,120,London,Validation,Development,43615,10.001904912537071,10.037519767310984,10.181876637773462,9.7052776536968608,8.8473823314133266,0.59999999999999998,-0.21172884838200809,__MLAT_CSV_NULL_V1__
volatility_of_volatility_60,path_risk,180,London,Development,Development,113779,12.716752512548554,12.679545871494692,12.956953257070399,12.635545029602172,12.372615559013999,0.69999999999999996,-0.042032526052322175,__MLAT_CSV_NULL_V1__
volatility_of_volatility_60,path_risk,180,London,Validation,Development,43615,12.883016757559533,13.462660674258363,13.461929416828154,13.185087323775297,11.492895164244739,0.39999999999999997,-0.18589092439787591,__MLAT_CSV_NULL_V1__
bollinger_zscore_20,direction,5,New York,Development,Development,188860,0.017522537914399207,0.0065686056602088224,0.0085908214374784478,-0.021347517228283892,-0.011908022325205797,0.79999999999999993,-0.016342941904348953,-0.13496904772559892
bollinger_zscore_20,direction,5,New York,Validation,Development,72994,0.0047817827096830069,-0.011104007876482195,-0.020584914168611277,-0.004887414442625076,-0.021828801693031807,0.69999999999999996,-0.015178780572011384,-0.10050851529423666
bollinger_zscore_20,direction,15,New York,Development,Development,188860,-0.012400925932409901,-0.013134720183027594,0.021077798228597646,-0.022669200798220501,0.030184614857885945,0.29999999999999999,0.013156168480555539,0.52612421690853228
bollinger_zscore_20,direction,15,New York,Validation,Development,72994,0.015705038163862383,-0.010885189951694187,-0.0064353210671958963,-0.07846358567501277,-0.02913124040092914,0.79999999999999993,-0.014406337048934525,-0.36730785375633501
bollinger_zscore_20,direction,30,New York,Development,Development,188860,-0.06996491368529105,-0.016808431916606106,0.015274901093172949,0.0079005308597051866,0.064806941896612305,0.8999999999999998,0.027706951055836353,1.3340892990421145
bollinger_zscore_20,direction,30,New York,Validation,Development,72994,-0.031873326938527138,0.03850199249302929,5.5211914670913307e-06,-0.11125916106265837,-0.036829931118382266,0.59999999999999998,-0.001063754791995558,-0.36297847419334583
bollinger_zscore_20,direction,60,New York,Development,Development,188860,-0.11493806167762569,-0.020457005620478023,0.025713999590777293,0.0405320478522921,0.043426780602169104,0.99999999999999989,0.021224053604274477,1.8301010214953481
bollinger_zscore_20,direction,60,New York,Validation,Development,72994,-0.052411391758423194,0.082156946734834771,0.057037472582759444,-0.14417184422429002,-0.061838619547789853,0.59999999999999998,-0.0013510092385718236,0.72917373279566822
bollinger_zscore_20,direction,120,New York,Development,Development,188860,-0.11463428303080057,-0.12933751253189146,0.03657648880666154,-0.019684801752456293,-0.032571329274097158,0.49999999999999994,0.0073271138325465201,1.2762628308526065
bollinger_zscore_20,direction,120,New York,Validation,Development,72994,-0.26098018124380534,-0.16975036472223509,-0.050790105914578158,-0.045846470614416296,0.088563137569552836,0.99999999999999989,0.033912073638804253,3.7240913641795772
bollinger_zscore_20,direction,180,New York,Development,Development,188860,-0.064367217964858003,-0.011055608240816285,0.029600955542976135,-0.099981755737998279,-0.11635799886956642,0.59999999999999998,-0.0037983448515053193,0.62482990310066477
bollinger_zscore_20,direction,180,New York,Validation,Development,72994,-0.14665313243493577,-0.0040095801564978975,0.12392561915528456,0.074844101010952915,0.17242367209231388,0.8999999999999998,0.025123076423602737,3.6556306380523349
bollinger_zscore_20,expansion,5,New York,Development,Development,188860,2.7016661766669019,2.4336272699933987,2.368633982441994,2.3569200653158973,2.5480063184631643,0.39999999999999997,-0.10222532374371165,__MLAT_CSV_NULL_V1__
bollinger_zscore_20,expansion,5,New York,Validation,Development,72994,2.6822034238867465,2.4478262456558832,2.3607679466653595,2.3601118577053382,2.5289514141641889,0.39999999999999997,-0.1058098281816878,__MLAT_CSV_NULL_V1__
bollinger_zscore_20,expansion,15,New York,Development,Development,188860,4.7497648645187525,4.4310488218140645,4.3498704094235352,4.3170265118569864,4.5946871963236697,0.39999999999999997,-0.055459973085835931,__MLAT_CSV_NULL_V1__
bollinger_zscore_20,expansion,15,New York,Validation,Development,72994,4.7386293566902618,4.427448160080762,4.3324975253806999,4.3247423952139847,4.5438449567416992,0.39999999999999997,-0.073218023841492716,__MLAT_CSV_NULL_V1__
bollinger_zscore_20,expansion,30,New York,Development,Development,188860,6.8718323220488955,6.4873462225109568,6.4354423743681952,6.38879534013497,6.8418797739774355,0.39999999999999997,-0.0066337943299697262,__MLAT_CSV_NULL_V1__
bollinger_zscore_20,expansion,30,New York,Validation,Development,72994,6.9045655622540609,6.4952769486587512,6.3484472379884007,6.4135719558694344,6.7220357309167369,0.29999999999999999,-0.043110271337153623,__MLAT_CSV_NULL_V1__
bollinger_zscore_20,expansion,60,New York,Development,Development,188860,10.099511503757375,9.7552831796663746,9.7963741877886772,9.7577066881333803,10.203238352005757,0.29999999999999999,0.014206793012047206,__MLAT_CSV_NULL_V1__
bollinger_zscore_20,expansion,60,New York,Validation,Development,72994,10.22119113573439,9.661248042513412,9.6693867745231756,9.7115565070297336,10.008918206282944,0,-0.030724786527782953,__MLAT_CSV_NULL_V1__
bollinger_zscore_20,expansion,120,New York,Development,Development,188860,14.690129174790201,14.218836688928057,14.436748982014764,14.278566806329684,14.979498215592923,0.29999999999999999,0.025696841939784061,__MLAT_CSV_NULL_V1__
bollinger_zscore_20,expansion,120,New York,Validation,Development,72994,14.791137246666331,14.2960405419214,14.301365561514606,14.308558731969386,14.654874471947609,0,-0.01293418838935201,__MLAT_CSV_NULL_V1__
bollinger_zscore_20,expansion,180,New York,Development,Development,188860,17.618361419400987,17.166546725432013,17.429223260969955,17.170396715613769,18.027863424408402,0.29999999999999999,0.029090884299149685,__MLAT_CSV_NULL_V1__
bollinger_zscore_20,expansion,180,New York,Validation,Development,72994,17.816812982563636,17.263648604142489,17.261605163741848,17.28106693535852,17.494510485742232,0.099999999999999992,-0.024689916315675148,__MLAT_CSV_NULL_V1__
bollinger_zscore_20,volatility,5,New York,Development,Development,188860,7.3397753867038009,6.7277333956906151,6.453311438754274,6.4052271806243244,6.7336944606817637,0.39999999999999997,-0.12322179904127853,__MLAT_CSV_NULL_V1__
bollinger_zscore_20,volatility,5,New York,Validation,Development,72994,7.4827128789855433,6.8778074708682073,6.4089234870290497,6.370588050493974,6.6637271762288366,0.69999999999999996,-0.16785459827704213,__MLAT_CSV_NULL_V1__
bollinger_zscore_20,volatility,15,New York,Development,Development,188860,13.120036333469177,12.331762333598489,11.907552304430645,11.896189209809261,12.281637472354113,0.69999999999999996,-0.11490678039849381,__MLAT_CSV_NULL_V1__
bollinger_zscore_20,volatility,15,New York,Validation,Development,72994,13.355546448249861,12.486213081240042,11.872534994446973,11.789943191219939,12.171067771825765,0.69999999999999996,-0.16392391518163088,__MLAT_CSV_NULL_V1__
bollinger_zscore_20,volatility,30,New York,Development,Development,188860,18.703197319981182,17.788448836110728,17.300548850404105,17.313809350273832,17.916875653475369,0.29999999999999999,-0.081752357312914178,__MLAT_CSV_NULL_V1__
bollinger_zscore_20,volatility,30,New York,Validation,Development,72994,18.967058652789586,17.986866260633192,17.291301983722384,17.30891494194957,17.781750126025887,0.59999999999999998,-0.12701808392564043,__MLAT_CSV_NULL_V1__
bollinger_zscore_20,volatility,60,New York,Development,Development,188860,26.462795790602684,25.637137812193444,25.209160812191993,25.311590179095241,25.788859905981791,0.29999999999999999,-0.055171161696128346,__MLAT_CSV_NULL_V1__
bollinger_zscore_20,volatility,60,New York,Validation,Development,72994,27.02102737803283,25.853886695812964,25.428450219727697,25.327061458367218,25.791273458715047,0.69999999999999996,-0.10308543435209759,__MLAT_CSV_NULL_V1__
bollinger_zscore_20,volatility,120,New York,Development,Development,188860,36.625332636769386,35.720753517505557,35.362225153047014,35.504484902301876,36.213844042295584,0.29999999999999999,-0.026724240943048625,__MLAT_CSV_NULL_V1__
bollinger_zscore_20,volatility,120,New York,Validation,Development,72994,37.881394163719655,36.701771325958774,36.152027275958616,36.001942742912924,36.549639976059176,0.69999999999999996,-0.090033506404745209,__MLAT_CSV_NULL_V1__
bollinger_zscore_20,volatility,180,New York,Development,Development,188860,42.795215870540993,41.943788993352626,41.706730378935951,41.731612203427474,42.55128884788887,0.29999999999999999,-0.01399323540881147,__MLAT_CSV_NULL_V1__
bollinger_zscore_20,volatility,180,New York,Validation,Development,72994,44.562225150687354,43.377628615850711,42.829266535964209,42.712334074065751,43.150293525932533,0.69999999999999996,-0.084857388357518812,__MLAT_CSV_NULL_V1__
bollinger_zscore_20,path_risk,5,New York,Development,Development,188860,2.1641316062504172,1.957831721339006,1.8977449456743991,1.8896491934596789,2.0431451043149775,0.39999999999999997,-0.085415976777347011,__MLAT_CSV_NULL_V1__
bollinger_zscore_20,path_risk,5,New York,Validation,Development,72994,2.1352717289780663,1.9604479370590717,1.8859006903132853,1.8841270866148498,2.0069930264365805,0.39999999999999997,-0.097357978959070765,__MLAT_CSV_NULL_V1__
bollinger_zscore_20,path_risk,15,New York,Development,Development,188860,3.7711781478566295,3.5324374964775824,3.4712084634373408,3.4312186522365802,3.6513113886334478,0.39999999999999997,-0.046987394191235501,__MLAT_CSV_NULL_V1__
bollinger_zscore_20,path_risk,15,New York,Validation,Development,72994,3.7513323240428451,3.4982940795383741,3.4411056585553914,3.4270285437825989,3.5946727838361721,0.39999999999999997,-0.065352989702295958,__MLAT_CSV_NULL_V1__
bollinger_zscore_20,path_risk,30,New York,Development,Development,188860,5.4254214881157861,5.1550273081358622,5.1219369089617919,5.0782160611360787,5.4357178982419549,0,0.0025492996100504061,__MLAT_CSV_NULL_V1__
bollinger_zscore_20,path_risk,30,New York,Validation,Development,72994,5.444479002921665,5.122367350070391,5.0122388754268101,5.056106575605817,5.2972497223931834,0.29999999999999999,-0.039492379523502034,__MLAT_CSV_NULL_V1__
bollinger_zscore_20,path_risk,60,New York,Development,Development,188860,7.9464920448746348,7.7386981503015404,7.8022839321186863,7.7898073650309438,8.1374117881618382,0.29999999999999999,0.029717923180277737,__MLAT_CSV_NULL_V1__
bollinger_zscore_20,path_risk,60,New York,Validation,Development,72994,8.0261624200019721,7.5545609586007769,7.5655804035113672,7.6398267070511547,7.857943853351216,0,-0.028315373296901737,__MLAT_CSV_NULL_V1__
bollinger_zscore_20,path_risk,120,New York,Development,Development,188860,11.560396060680997,11.234627036481157,11.458317613937339,11.351005969351258,11.907773929889897,0.29999999999999999,0.035376700692105426,__MLAT_CSV_NULL_V1__
bollinger_zscore_20,path_risk,120,New York,Validation,Development,72994,11.531720283750548,11.090025295020185,11.133474909219098,11.218474910579763,11.419278575285471,0,-0.012726754585005029,__MLAT_CSV_NULL_V1__
bollinger_zscore_20,path_risk,180,New York,Development,Development,188860,13.872776965147141,13.533290506272516,13.793678833783224,13.587779109510667,14.254495904041571,0.29999999999999999,0.031341439289121156,__MLAT_CSV_NULL_V1__
bollinger_zscore_20,path_risk,180,New York,Validation,Development,72994,13.846413863175352,13.405109824244475,13.430011946442439,13.558113337679135,13.702209349769694,0,-0.013227072398810574,__MLAT_CSV_NULL_V1__
bollinger_bandwidth_20,direction,5,New York,Development,Development,188860,0.0098146448632373123,-0.021076412878046284,-0.016057481671991624,0.0072225379767257162,0.019738281287458449,0.39999999999999997,0.0057734967807068624,0.14889511727164423
bollinger_bandwidth_20,direction,5,New York,Validation,Development,72994,-0.045767116670397179,-0.0074135369138745386,0.0085526313422782975,0.0067590023732312801,-0.019994892351363258,0.29999999999999999,0.014990420881752177,-0.3024348460438615
bollinger_bandwidth_20,direction,15,New York,Development,Development,188860,0.052375333627083583,-0.037921043169541604,-0.041056511163813383,-0.021191389382478769,0.052894989304217523,0.29999999999999999,0.00016338813782588248,0.40249440875576359
bollinger_bandwidth_20,direction,15,New York,Validation,Development,72994,-0.055592120143251773,0.012185063295182074,-0.01149930065437837,0.022057370273682934,-0.079626595813447928,0.099999999999999992,-0.0076914013502915437,-1.6404344296587721
bollinger_bandwidth_20,direction,30,New York,Development,Development,188860,0.09694499592349963,0.020113107099080558,-0.10563105498140124,-0.087255441613827325,0.081520135571754707,0.29999999999999999,-0.0031057347896058848,0.65509597842191547
bollinger_bandwidth_20,direction,30,New York,Validation,Development,72994,0.066697252608089161,-0.033774877462556904,0.07282806425562055,-0.0062554158588269222,-0.23040179536067301,0.49999999999999994,-0.062620485609091434,-4.9767647002106354
bollinger_bandwidth_20,direction,60,New York,Development,Development,188860,0.051232954168108871,0.013642141847364559,-0.14607963945440061,-0.083209116067312822,0.14106751273872079,0.099999999999999992,0.010999359504554522,1.133512271260025
bollinger_bandwidth_20,direction,60,New York,Validation,Development,72994,0.28489920609978858,-0.10435450642343948,0.049026711546295468,-0.048012832816289569,-0.26730570300481965,0.69999999999999996,-0.070839596417871076,-7.4232070515977613
bollinger_bandwidth_20,direction,120,New York,Development,Development,188860,0.096739541022110992,0.0059846903729131829,-0.18140419217772086,-0.20965154037028136,0.035735513112199031,0.39999999999999997,-0.0047568998360241616,0.20052311688155067
bollinger_bandwidth_20,direction,120,New York,Validation,Development,72994,0.30696286365352954,-0.081970719747649537,-0.19775256847882719,-0.19051930030183992,-0.22555418295902985,0.8999999999999998,-0.043485148022930895,-7.9673793091937206
bollinger_bandwidth_20,direction,180,New York,Development,Development,188860,0.028365921195940322,0.0046029334386455479,-0.12527186725447467,-0.19763425633387852,0.031401913765407782,0,0.00019420973038198361,0.70028929900839398
bollinger_bandwidth_20,direction,180,New York,Validation,Development,72994,0.76688514674766695,0.18580527454235413,-0.31021081043072518,-0.22886687756194457,-0.10418509743589949,0.59999999999999998,-0.058389396000005707,-7.9292575031049619
bollinger_bandwidth_20,expansion,5,New York,Development,Development,188860,2.7528564635515336,2.5563660118215887,2.4607150589040026,2.3955604178362386,2.2572935313799172,0.99999999999999989,-0.36438394395898299,__MLAT_CSV_NULL_V1__
bollinger_bandwidth_20,expansion,5,New York,Validation,Development,72994,2.7488059679362431,2.5296733009474313,2.4888902385755309,2.3750364726772357,2.2786926999850294,0.99999999999999989,-0.32480340040240357,__MLAT_CSV_NULL_V1__
bollinger_bandwidth_20,expansion,15,New York,Development,Development,188860,5.2580162709523588,4.6944780109446453,4.4388160314163398,4.2190844098817362,3.8708852927591151,0.99999999999999989,-0.50969709819551068,__MLAT_CSV_NULL_V1__
bollinger_bandwidth_20,expansion,15,New York,Validation,Development,72994,5.2245578475841228,4.6281347261689785,4.5172620106554398,4.2043180439377554,3.8954474649865714,0.99999999999999989,-0.48323225084149801,__MLAT_CSV_NULL_V1__
bollinger_bandwidth_20,expansion,30,New York,Development,Development,188860,8.3226496093633866,6.9973500895905403,6.4586633070248887,6.0076118146196373,5.3248393815141686,0.99999999999999989,-0.66048004097327684,__MLAT_CSV_NULL_V1__
bollinger_bandwidth_20,expansion,30,New York,Validation,Development,72994,8.1595588658589886,7.0283196292061492,6.5206758622970415,5.96702827501848,5.4196998773211611,0.99999999999999989,-0.62810990229407104,__MLAT_CSV_NULL_V1__
bollinger_bandwidth_20,expansion,60,New York,Development,Development,188860,14.157726093034567,10.602351669993833,9.3370811467489467,8.4564298067953505,7.2658848505285212,0.99999999999999989,-0.85866660902869085,__MLAT_CSV_NULL_V1__
bollinger_bandwidth_20,expansion,60,New York,Validation,Development,72994,13.860793652410115,10.726571066911486,9.3899247613993477,8.4953442917169291,7.3096691355676757,0.99999999999999989,-0.8498138739386778,__MLAT_CSV_NULL_V1__
bollinger_bandwidth_20,expansion,120,New York,Development,Development,188860,23.076785619523626,15.699933562722149,13.180019176781531,11.467207752543475,9.5959863045236471,0.99999999999999989,-1.1083660556403712,__MLAT_CSV_NULL_V1__
bollinger_bandwidth_20,expansion,120,New York,Validation,Development,72994,22.689145122857425,15.874706334700974,13.499342974396905,11.640621585469592,9.6734294380999462,0.99999999999999989,-1.0977829905977392,__MLAT_CSV_NULL_V1__
bollinger_bandwidth_20,expansion,180,New York,Development,Development,188860,28.958365912410507,19.304213492623447,15.705355825876435,13.204318330923401,10.799739986404385,0.99999999999999989,-1.242285419404038,__MLAT_CSV_NULL_V1__
bollinger_bandwidth_20,expansion,180,New York,Validation,Development,72994,28.381487066612273,19.575685906242271,16.108733274838741,13.503196839586375,10.911675570559927,0.99999999999999989,-1.2755421958792348,__MLAT_CSV_NULL_V1__
bollinger_bandwidth_20,volatility,5,New York,Development,Development,188860,4.2482385080599627,5.5555825638928535,6.482681520463685,7.5225694746717702,9.7219477117747175,0.99999999999999989,1.234840092347719,__MLAT_CSV_NULL_V1__
bollinger_bandwidth_20,volatility,5,New York,Validation,Development,72994,4.2407344063783246,5.4169170207092847,6.4346802389609525,7.3954478336612981,10.012681127594576,0.99999999999999989,1.3139269442021755,__MLAT_CSV_NULL_V1__
bollinger_bandwidth_20,volatility,15,New York,Development,Development,188860,8.2983934776465276,10.397683809056193,11.918969649822415,13.608200105441576,17.105944346569295,0.99999999999999989,1.3234058740930066,__MLAT_CSV_NULL_V1__
bollinger_bandwidth_20,volatility,15,New York,Validation,Development,72994,8.1776170545760731,10.099395809984067,11.880515545841503,13.441321238069362,17.57098850011144,0.99999999999999989,1.4187169219760212,__MLAT_CSV_NULL_V1__
bollinger_bandwidth_20,volatility,30,New York,Development,Development,188860,12.931849125939509,15.403577923459657,17.304837026936081,19.403775212121754,23.725640830064062,0.99999999999999989,1.2141693399108322,__MLAT_CSV_NULL_V1__
bollinger_bandwidth_20,volatility,30,New York,Validation,Development,72994,12.70877072114992,15.104686370469707,17.243166325076434,19.181913910276972,24.471027443835272,0.99999999999999989,1.3134074063203076,__MLAT_CSV_NULL_V1__
bollinger_bandwidth_20,volatility,60,New York,Development,Development,188860,21.005103865171755,22.816893803832464,24.679356662229413,27.231479624788953,32.427554976514571,0.99999999999999989,0.93642423672742947,__MLAT_CSV_NULL_V1__
bollinger_bandwidth_20,volatility,60,New York,Validation,Development,72994,20.764429846496807,22.769673258914629,24.851021547908072,27.19454945965024,33.217091259965947,0.99999999999999989,1.0323777509434968,__MLAT_CSV_NULL_V1__
bollinger_bandwidth_20,volatility,120,New York,Development,Development,188860,32.986667073823796,32.935265426192771,34.204242585399179,36.565933151535106,42.568027710333588,0.8999999999999998,0.58971946857193847,__MLAT_CSV_NULL_V1__
bollinger_bandwidth_20,volatility,120,New York,Validation,Development,72994,33.439205647934472,33.620424062925892,35.256953229087436,37.082350406303178,43.496752655887249,0.99999999999999989,0.64355466525752536,__MLAT_CSV_NULL_V1__
bollinger_bandwidth_20,volatility,180,New York,Development,Development,188860,41.028235900697972,39.681273251665402,40.124705853361782,41.92287842294494,47.89285433140369,0.69999999999999996,0.36793047314378685,__MLAT_CSV_NULL_V1__
bollinger_bandwidth_20,volatility,180,New York,Validation,Development,72994,42.034684601283224,41.020752674242111,41.560300771999358,42.753262494724709,49.112385128845069,0.69999999999999996,0.40429949457741587,__MLAT_CSV_NULL_V1__
bollinger_bandwidth_20,path_risk,5,New York,Development,Development,188860,2.225539076201855,2.0472256939210864,1.9745687635926161,1.9159941507740876,1.8011670988766022,0.99999999999999989,-0.32514140677151365,__MLAT_CSV_NULL_V1__
bollinger_bandwidth_20,path_risk,5,New York,Validation,Development,72994,2.210324048560953,2.0155068742990907,1.9843154933303955,1.8874036372047704,1.8097627740327076,0.99999999999999989,-0.3061266905479032,__MLAT_CSV_NULL_V1__
bollinger_bandwidth_20,path_risk,15,New York,Development,Development,188860,4.1875733278642073,3.7168685854446104,3.5428687306455746,3.3557886915143533,3.0852157467294412,0.99999999999999989,-0.43951551559142643,__MLAT_CSV_NULL_V1__
bollinger_bandwidth_20,path_risk,15,New York,Validation,Development,72994,4.1409199488978228,3.6627100548900016,3.5780605724603824,3.3304438448142752,3.0817588055666985,0.99999999999999989,-0.43438774785890261,__MLAT_CSV_NULL_V1__
bollinger_bandwidth_20,path_risk,30,New York,Development,Development,188860,6.6008585050736146,5.5272719284740317,5.1417718157493821,4.7808811851935049,4.2331794864631984,0.99999999999999989,-0.58351686416102899,__MLAT_CSV_NULL_V1__
bollinger_bandwidth_20,path_risk,30,New York,Validation,Development,72994,6.4329951459617956,5.5324461507654208,5.1247126706377388,4.7288889664931402,4.2794511011895011,0.99999999999999989,-0.56238156706544862,__MLAT_CSV_NULL_V1__
bollinger_bandwidth_20,path_risk,60,New York,Development,Development,188860,11.247439410148639,8.3855085339741038,7.4484526024786222,6.7190300803620948,5.7788026882487902,0.99999999999999989,-0.78313658505647044,__MLAT_CSV_NULL_V1__
bollinger_bandwidth_20,path_risk,60,New York,Validation,Development,72994,10.796207131174809,8.384914435889284,7.3726187261608329,6.7059837876231745,5.7755114885720067,0.99999999999999989,-0.7656727619537701,__MLAT_CSV_NULL_V1__
bollinger_bandwidth_20,path_risk,120,New York,Development,Development,188860,18.247953686757356,12.400616399975576,10.466865895675635,9.0726411103644011,7.6519941511605056,0.99999999999999989,-0.99155090740513618,__MLAT_CSV_NULL_V1__
bollinger_bandwidth_20,path_risk,120,New York,Validation,Development,72994,17.484825836218192,12.259369665757562,10.592664368481374,9.2025156438458744,7.6270757359503074,0.99999999999999989,-0.97283913080387929,__MLAT_CSV_NULL_V1__
bollinger_bandwidth_20,path_risk,180,New York,Development,Development,188860,22.823507718605178,15.184439601080179,12.417959560098568,10.449106477217928,8.6062041220051899,0.99999999999999989,-1.1034505291630781,__MLAT_CSV_NULL_V1__
bollinger_bandwidth_20,path_risk,180,New York,Validation,Development,72994,21.944344178527302,15.116682160152106,12.62222810250757,10.669767407709509,8.6280079961192921,0.99999999999999989,-1.1343907354323823,__MLAT_CSV_NULL_V1__
cutler_rsi_14,direction,5,New York,Development,Development,188862,0.011485923493007383,0.0049062474373235861,0.0029990108220707048,-0.019116939818721077,-0.00089621516708195104,0.8999999999999998,-0.0071363451048158675,0.0056120719536862096
cutler_rsi_14,direction,5,New York,Validation,Development,72999,-0.0040518180554866574,-0.007824836477191819,0.0075977375187951416,-0.038626582150018719,-0.010999114185296015,0.59999999999999998,-0.0040699381331958948,0.084468859799467971
cutler_rsi_14,direction,15,New York,Development,Development,188862,-0.017359774008977841,0.0022417451195494097,-0.0043802827425418822,-0.025077900229263442,0.047199175796729581,0.29999999999999999,0.020646099650580334,0.80632525289748469
cutler_rsi_14,direction,15,New York,Validation,Development,72999,0.023297257484574944,0.0038723025158928,-0.038839744971257396,-0.09988974205994107,0.0023765481574519452,0.69999999999999996,-0.0068982939649453465,-0.38681459073253432
cutler_rsi_14,direction,30,New York,Development,Development,188862,-0.063319738785385604,-0.026646483639584072,-0.0080890019629870462,0.013641839008599747,0.085060157177597975,0.99999999999999989,0.031939893552693124,1.5169343335829484
cutler_rsi_14,direction,30,New York,Validation,Development,72999,-0.065353095184482207,0.064340109690284281,-0.015490780993835978,-0.11976667086285665,-0.0054904876020120752,0,0.013441834979289928,0.30533681126142698
cutler_rsi_14,direction,60,New York,Development,Development,188862,-0.034163160043667172,-0.10105217644291409,-0.015699361832357574,0.05477737818883692,0.068963975408206743,0.8999999999999998,0.014419060247007762,1.6933261083300459
cutler_rsi_14,direction,60,New York,Validation,Development,72999,-0.068021637192129891,0.0909458233765537,-0.016786672709603944,-0.11189472531333645,-0.011987958616779768,0,0.0083814728866475514,0.93976427985582545
cutler_rsi_14,direction,120,New York,Development,Development,188862,-0.053316043056876268,-0.16792498231592881,-0.015780262462675144,0.089836517450564507,-0.11238965253675677,0.19999999999999998,-0.005519604057510819,0.48681974235799041
cutler_rsi_14,direction,120,New York,Validation,Development,72999,-0.2866158113859012,-0.16053070814401701,-0.19784273596963647,-0.077458459611219665,0.27919281834568055,0.8999999999999998,0.058024112211074896,4.9888918813503844
cutler_rsi_14,direction,180,New York,Development,Development,188862,0.048391693695742068,-0.13045640308097886,0.028953472152571613,0.046127294470188811,-0.25406442418806974,0.59999999999999998,-0.022947517901391438,-0.74940450953740456
cutler_rsi_14,direction,180,New York,Validation,Development,72999,-0.13321437646599904,-0.018039245445975176,-0.1064615852720837,0.088860340038283345,0.38890691539509059,0.8999999999999998,0.043089896051699446,4.3447011704856244
cutler_rsi_14,expansion,5,New York,Development,Development,188862,2.6142537948652342,2.4780033517107571,2.4305252289352119,2.4100779026799271,2.4761595036167603,0.69999999999999996,-0.097100393039879787,__MLAT_CSV_NULL_V1__
cutler_rsi_14,expansion,5,New York,Validation,Development,72999,2.6182113336169675,2.4650480030463449,2.4126302627351519,2.3968124853870121,2.4925933398574021,0.39999999999999997,-0.091810615601781026,__MLAT_CSV_NULL_V1__
cutler_rsi_14,expansion,15,New York,Development,Development,188862,4.5947559478242646,4.5046314959205587,4.4646256411834626,4.4128360337776966,4.4662535368156471,0.69999999999999996,-0.048079527361349655,__MLAT_CSV_NULL_V1__
cutler_rsi_14,expansion,15,New York,Validation,Development,72999,4.6384775896207486,4.458792899486725,4.4305878169396644,4.4001927673881207,4.4476165952282738,0.69999999999999996,-0.076911732385926357,__MLAT_CSV_NULL_V1__
cutler_rsi_14,expansion,30,New York,Development,Development,188862,6.594888782460429,6.6056077807909261,6.6668363944281808,6.5714081705954381,6.5879399884962302,0.49999999999999994,-0.0016488741035811721,__MLAT_CSV_NULL_V1__
cutler_rsi_14,expansion,30,New York,Validation,Development,72999,6.7148315709768349,6.5530381883505502,6.5879407455139525,6.5063954703254687,6.5352871352298214,0.79999999999999993,-0.045507497503285074,__MLAT_CSV_NULL_V1__
cutler_rsi_14,expansion,60,New York,Development,Development,188862,9.6975725268604229,9.9426612517513195,10.079491596825095,10.062386932324001,9.8324458532094781,0.29999999999999999,0.019165740030085331,__MLAT_CSV_NULL_V1__
cutler_rsi_14,expansion,60,New York,Validation,Development,72999,9.8472801860692147,9.8665246371890269,10.008420442095174,9.8619355607166437,9.7104614718996061,0.29999999999999999,-0.021199382002393533,__MLAT_CSV_NULL_V1__
cutler_rsi_14,expansion,120,New York,Development,Development,188862,14.025128425729617,14.632287344850099,14.794694443532746,14.778349085359251,14.377536766418107,0.29999999999999999,0.032689837680129057,__MLAT_CSV_NULL_V1__
cutler_rsi_14,expansion,120,New York,Validation,Development,72999,14.238710171530773,14.586520132629261,14.775938518022729,14.605680975474474,14.173842156411336,0.099999999999999992,-0.006540466565489852,__MLAT_CSV_NULL_V1__
cutler_rsi_14,expansion,180,New York,Development,Development,188862,16.850841671057466,17.638634217957939,17.811555668893526,17.812219834840054,17.304948855133077,0.39999999999999997,0.033401760452156051,__MLAT_CSV_NULL_V1__
cutler_rsi_14,expansion,180,New York,Validation,Development,72999,17.172371543279631,17.649405373070341,17.772325854452557,17.624314778121125,16.932345033741846,0.29999999999999999,-0.019295084880280814,__MLAT_CSV_NULL_V1__
cutler_rsi_14,volatility,5,New York,Development,Development,188862,7.3840261507652558,6.6707491357002944,6.4354782650189399,6.4001051451611781,6.7681048397984309,0.39999999999999997,-0.12776834260638795,__MLAT_CSV_NULL_V1__
cutler_rsi_14,volatility,5,New York,Validation,Development,72999,7.6434275634355968,6.6636009140721528,6.3894703041220637,6.350782335032803,6.759382773966272,0.39999999999999997,-0.18192145388703404,__MLAT_CSV_NULL_V1__
cutler_rsi_14,volatility,15,New York,Development,Development,188862,13.175987683213357,12.242395781821804,11.897267777000014,11.852809858591268,12.366902100879535,0.39999999999999997,-0.1119075098368517,__MLAT_CSV_NULL_V1__
cutler_rsi_14,volatility,15,New York,Validation,Development,72999,13.598782939080079,12.195120657375709,11.815976387918376,11.747518023769597,12.320582883179142,0.39999999999999997,-0.17758728732212031,__MLAT_CSV_NULL_V1__
cutler_rsi_14,volatility,30,New York,Development,Development,188862,18.708957803624006,17.678455517826706,17.385524486036957,17.334787836261633,17.91333345716663,0.39999999999999997,-0.084100614179618893,__MLAT_CSV_NULL_V1__
cutler_rsi_14,volatility,30,New York,Validation,Development,72999,19.194760066225513,17.638548956404879,17.381418360663442,17.284448329529624,17.843115782003053,0.39999999999999997,-0.14702728371544863,__MLAT_CSV_NULL_V1__
cutler_rsi_14,volatility,60,New York,Development,Development,188862,26.509674440596854,25.474532903898663,25.258192267860323,25.293112040481315,25.871545884070439,0.29999999999999999,-0.052035113721478364,__MLAT_CSV_NULL_V1__
cutler_rsi_14,volatility,60,New York,Validation,Development,72999,27.13671691430152,25.673846546449585,25.454665858574952,25.315320735578251,25.84945651462726,0.39999999999999997,-0.10904722971686727,__MLAT_CSV_NULL_V1__
cutler_rsi_14,volatility,120,New York,Development,Development,188862,36.491861037961513,35.690005500608336,35.472560175151365,35.590028281086759,36.18052502810324,0.29999999999999999,-0.020213705482575315,__MLAT_CSV_NULL_V1__
cutler_rsi_14,volatility,120,New York,Validation,Development,72999,37.916572568264883,36.543173343337955,36.261368881739983,36.125416069981327,36.453874210026271,0.69999999999999996,-0.099827444436321813,__MLAT_CSV_NULL_V1__
cutler_rsi_14,volatility,180,New York,Development,Development,188862,42.574010109393015,41.980767292367709,41.799755753061021,41.950009258320371,42.423128409202313,0.29999999999999999,-0.0086582954737973242,__MLAT_CSV_NULL_V1__
cutler_rsi_14,volatility,180,New York,Validation,Development,72999,44.560489671910219,43.306546573398585,42.917350283705524,42.813579792892511,43.046682996495271,0.69999999999999996,-0.091331404848895542,__MLAT_CSV_NULL_V1__
cutler_rsi_14,path_risk,5,New York,Development,Development,188862,2.0970561169637114,1.9909330739488491,1.9488732774748225,1.9305965890198895,1.9851969697446763,0.69999999999999996,-0.083024177506003105,__MLAT_CSV_NULL_V1__
cutler_rsi_14,path_risk,5,New York,Validation,Development,72999,2.0935248717941937,1.9645502378876816,1.9267482898235679,1.9152725730854048,1.976597151172663,0.39999999999999997,-0.093166763864536872,__MLAT_CSV_NULL_V1__
cutler_rsi_14,path_risk,15,New York,Development,Development,188862,3.6518042698015516,3.5893690595310259,3.5541862586318502,3.5047159437784345,3.5578932022991312,0.69999999999999996,-0.03815921205844254,__MLAT_CSV_NULL_V1__
cutler_rsi_14,path_risk,15,New York,Validation,Development,72999,3.6741251712869816,3.5283277576223857,3.5086959532089459,3.4881479424362793,3.5195253422584294,0.69999999999999996,-0.067785204837187973,__MLAT_CSV_NULL_V1__
cutler_rsi_14,path_risk,30,New York,Development,Development,188862,5.2107421584971956,5.2364794215243693,5.3057357717437137,5.2192993080647643,5.2452281483334158,0.49999999999999994,0.0090457153538089901,__MLAT_CSV_NULL_V1__
cutler_rsi_14,path_risk,30,New York,Validation,Development,72999,5.2982600516445304,5.1635205680598437,5.2038976165154871,5.1379715538688773,5.139477937549211,0.79999999999999993,-0.045377467573165735,__MLAT_CSV_NULL_V1__
cutler_rsi_14,path_risk,60,New York,Development,Development,188862,7.6248767315683992,7.8867111789217477,8.0296546489229286,8.0212906223946465,7.8543055161053728,0.29999999999999999,0.036979643556954191,__MLAT_CSV_NULL_V1__
cutler_rsi_14,path_risk,60,New York,Validation,Development,72999,7.7311690207992143,7.7106879789285276,7.852800014419314,7.7531707912174728,7.6148822010476946,0.19999999999999998,-0.020705341421771821,__MLAT_CSV_NULL_V1__
cutler_rsi_14,path_risk,120,New York,Development,Development,188862,11.01935823061997,11.575062471052089,11.751632912726105,11.719534805200912,11.449667715143509,0.29999999999999999,0.045861123766048929,__MLAT_CSV_NULL_V1__
cutler_rsi_14,path_risk,120,New York,Validation,Development,72999,11.10817678016801,11.292431454344261,11.563269999646558,11.416751193561904,11.034837186806543,0.099999999999999992,-0.0088344880645248071,__MLAT_CSV_NULL_V1__
cutler_rsi_14,path_risk,180,New York,Development,Development,188862,13.246665272809318,13.928667862235056,14.102332903469973,14.070515955046259,13.698039093246486,0.29999999999999999,0.038463125326340247,__MLAT_CSV_NULL_V1__
cutler_rsi_14,path_risk,180,New York,Validation,Development,72999,13.369050230173968,13.667082166487031,13.899254420976769,13.779569050492018,13.253213202275427,0.099999999999999992,-0.0111717613549994,__MLAT_CSV_NULL_V1__
chaikin_money_flow_20,direction,5,New York,Development,Development,188860,0.026270400808019623,0.0076352626704068163,0.00065789095715833681,-0.011134775973480828,-0.024006835356871165,0.99999999999999989,-0.029142220072949868,-0.26117011137637325
chaikin_money_flow_20,direction,5,New York,Validation,Development,72994,-0.0096888755420790167,-0.03307040271148453,-0.0030160805046882395,-0.0090982089922926525,0.0015368390373839864,0.79999999999999993,0.0064772782962103058,0.1936820638789005
chaikin_money_flow_20,direction,15,New York,Development,Development,188860,0.00022960982837624399,0.022646705949743575,0.0025527053562886801,-0.038410082170341385,0.016090033631944375,0,0.0050745455305355562,0.46536356475209006
chaikin_money_flow_20,direction,15,New York,Validation,Development,72994,-0.053511664864626413,-0.026849323366660242,-0.043374438748846028,-0.019480761978480223,0.037019812467620816,0.8999999999999998,0.029265656312120147,0.89384884023883071
chaikin_money_flow_20,direction,30,New York,Development,Development,188860,-0.027626845559899683,0.0054185313627040108,0.0013166642650464825,-0.038625777461847886,0.060830691008733929,0.29999999999999999,0.018524922210407916,0.95201508426579196
chaikin_money_flow_20,direction,30,New York,Validation,Development,72994,-0.13158231558664135,-0.023678530986934208,-0.075670192205834916,0.08400071139495266,0.009121223370661815,0.79999999999999993,0.030571695973451603,1.3512789177953122
chaikin_money_flow_20,direction,60,New York,Development,Development,188860,0.12178717568913373,-0.025682395231083611,-0.031642438965403114,-0.13070741741786018,0.041058624113114818,0.39999999999999997,-0.010735135283195932,0.36139406478059749
chaikin_money_flow_20,direction,60,New York,Validation,Development,72994,-0.045243094762632885,-0.074421210846578614,-0.087855411812398615,-0.055499399843203921,0.14694254209437344,0.29999999999999999,0.027563331074432273,2.4776916950503707
chaikin_money_flow_20,direction,120,New York,Development,Development,188860,0.028916552099421369,0.0009477560478890082,-0.069968539331761628,-0.17184894451526933,-0.047408450948092033,0.69999999999999996,-0.0066410753406174194,0.23848222875756606
chaikin_money_flow_20,direction,120,New York,Validation,Development,72994,-0.37234751830001578,-0.29986536694388177,-0.30205834624514782,-0.03261079722079667,0.59727132536461491,0.8999999999999998,0.091267699980987438,7.7901069435452817
chaikin_money_flow_20,direction,180,New York,Development,Development,188860,0.29044001166204853,0.18713996152252454,-0.13302637681008278,-0.4094144905362021,-0.19666792528638752,0.8999999999999998,-0.034690610701680946,-0.69715508608892385
chaikin_money_flow_20,direction,180,New York,Validation,Development,72994,-0.4823828925516041,-0.23417341778539161,-0.18782313639934789,0.20443910813835903,0.95775536781664528,0.99999999999999989,0.1113027687375308,9.9106059431645086
chaikin_money_flow_20,expansion,5,New York,Development,Development,188860,2.5580817706659515,2.4725079832674752,2.4578899310494604,2.4437014753440822,2.4773370838406277,0.39999999999999997,-0.056090785753336835,__MLAT_CSV_NULL_V1__
chaikin_money_flow_20,expansion,5,New York,Validation,Development,72994,2.5536452844970072,2.4450244000957557,2.4355776844353567,2.4435651937341594,2.5103363962961058,0.29999999999999999,-0.030218405725427906,__MLAT_CSV_NULL_V1__
chaikin_money_flow_20,expansion,15,New York,Development,Development,188860,4.5699087577937245,4.4771208018936886,4.4369502971203287,4.4409907097692862,4.5182943323037774,0.29999999999999999,-0.019034630263193075,__MLAT_CSV_NULL_V1__
chaikin_money_flow_20,expansion,15,New York,Validation,Development,72994,4.5649507876513455,4.3784261296505917,4.4102638844843769,4.501465195645399,4.5243897118877685,0,-0.015246552175867296,__MLAT_CSV_NULL_V1__
chaikin_money_flow_20,expansion,30,New York,Development,Development,188860,6.6674716921471688,6.5929101722367998,6.5184450872403277,6.5612601033467364,6.6864609459092934,0.099999999999999992,0.0043248399186792798,__MLAT_CSV_NULL_V1__
chaikin_money_flow_20,expansion,30,New York,Validation,Development,72994,6.6478043050745974,6.4135418058219251,6.4434575016618121,6.6271818090959629,6.7749688609785634,0.39999999999999997,0.029245000687034201,__MLAT_CSV_NULL_V1__
chaikin_money_flow_20,expansion,60,New York,Development,Development,188860,9.9533272287606369,9.9224908194357955,9.745622237703488,9.8772659290720828,10.114841420463957,0.099999999999999992,0.021686098437667087,__MLAT_CSV_NULL_V1__
chaikin_money_flow_20,expansion,60,New York,Validation,Development,72994,9.9873115785640572,9.6529373704868924,9.6713967401015069,9.9408027397679994,10.045204690277123,0.39999999999999997,0.0083692379808808764,__MLAT_CSV_NULL_V1__
chaikin_money_flow_20,expansion,120,New York,Development,Development,188860,14.705606609454986,14.425406887584034,14.133557832201706,14.345458405085703,14.996602634716382,0.099999999999999992,0.024948301672193696,__MLAT_CSV_NULL_V1__
chaikin_money_flow_20,expansion,120,New York,Validation,Development,72994,14.683497851211719,14.051373535592539,14.094073933837183,14.510879243293406,15.050730455984567,0.39999999999999997,0.033157955475906151,__MLAT_CSV_NULL_V1__
chaikin_money_flow_20,expansion,180,New York,Development,Development,188860,17.752506285538612,17.338578633211473,16.985926696629576,17.212976382631535,18.125902987008629,0.099999999999999992,0.025683169116336991,__MLAT_CSV_NULL_V1__
chaikin_money_flow_20,expansion,180,New York,Validation,Development,72994,17.765749125056516,16.986480094283316,16.993624854082782,17.452538004503694,17.953407730444908,0.39999999999999997,0.013841501269979864,__MLAT_CSV_NULL_V1__
chaikin_money_flow_20,volatility,5,New York,Development,Development,188860,7.0661568223952074,6.7341302684312474,6.6659120677809449,6.5878283159055551,6.6072031404071154,0.8999999999999998,-0.095678248461384646,__MLAT_CSV_NULL_V1__
chaikin_money_flow_20,volatility,5,New York,Validation,Development,72994,7.2469135863536991,6.7822853878415357,6.6765981414463313,6.4392312397335143,6.6638041398282404,0.8999999999999998,-0.1190239857338667,__MLAT_CSV_NULL_V1__
chaikin_money_flow_20,volatility,15,New York,Development,Development,188860,12.772356817577192,12.329420417768981,12.206698350352726,12.08239121216627,12.148356179840579,0.8999999999999998,-0.085803658186449999,__MLAT_CSV_NULL_V1__
chaikin_money_flow_20,volatility,15,New York,Validation,Development,72994,13.064901555823555,12.242667193826694,12.263767702323429,11.98925308677244,12.119337561507898,0.79999999999999993,-0.12937330787598639,__MLAT_CSV_NULL_V1__
chaikin_money_flow_20,volatility,30,New York,Development,Development,188860,18.331531236029786,17.808933498376749,17.633850375810319,17.582381389542189,17.668959433989496,0.69999999999999996,-0.069362203573248113,__MLAT_CSV_NULL_V1__
chaikin_money_flow_20,volatility,30,New York,Validation,Development,72994,18.682413530595149,17.720795020183584,17.70386964132376,17.531476882348386,17.709953525141923,0.69999999999999996,-0.1002702639869078,__MLAT_CSV_NULL_V1__
chaikin_money_flow_20,volatility,60,New York,Development,Development,188860,26.274095267986574,25.682139779851976,25.372294159865831,25.42842396532528,25.655804552490771,0.59999999999999998,-0.0497458176592845,__MLAT_CSV_NULL_V1__
chaikin_money_flow_20,volatility,60,New York,Validation,Development,72994,26.743344744249633,25.644612631809238,25.748752390526285,25.650887268563068,25.646288444730104,0.39999999999999997,-0.088407605820485305,__MLAT_CSV_NULL_V1__
chaikin_money_flow_20,volatility,120,New York,Development,Development,188860,36.672890212982381,35.682343262484935,35.337682559900358,35.48949193574466,36.249405682531901,0.29999999999999999,-0.026967737856738765,__MLAT_CSV_NULL_V1__
chaikin_money_flow_20,volatility,120,New York,Validation,Development,72994,37.839021627186462,36.317050978047696,36.282568757498403,36.270715911604952,36.595205834637611,0.39999999999999997,-0.080711318943629484,__MLAT_CSV_NULL_V1__
chaikin_money_flow_20,volatility,180,New York,Development,Development,188860,43.034494834935607,41.75209170745449,41.496815579766796,41.652000456081403,42.799195711535354,0.29999999999999999,-0.013148916354844824,__MLAT_CSV_NULL_V1__
chaikin_money_flow_20,volatility,180,New York,Validation,Development,72994,44.664340748420408,42.996108278229919,42.774945364727756,42.956520589262389,43.256589739671362,0.29999999999999999,-0.081400995390982556,__MLAT_CSV_NULL_V1__
chaikin_money_flow_20,path_risk,5,New York,Development,Development,188860,2.0510988794983631,1.9792398237281918,1.9741155559394039,1.960236725588016,1.9883349180559602,0.39999999999999997,-0.046496566039688568,__MLAT_CSV_NULL_V1__
chaikin_money_flow_20,path_risk,5,New York,Validation,Development,72994,2.0392721514385315,1.956615252754589,1.9435142083894155,1.9462285514071049,1.992855549982137,0.29999999999999999,-0.035209875523980465,__MLAT_CSV_NULL_V1__
chaikin_money_flow_20,path_risk,15,New York,Development,Development,188860,3.6285345646245859,3.5559298646849773,3.5345297165117167,3.5441429222590681,3.5948344218037964,0.29999999999999999,-0.013505890256446385,__MLAT_CSV_NULL_V1__
chaikin_money_flow_20,path_risk,15,New York,Validation,Development,72994,3.623416976631177,3.4706796293535533,3.491238165572752,3.5533525443601319,3.5831409977859487,0,-0.016701334453497488,__MLAT_CSV_NULL_V1__
chaikin_money_flow_20,path_risk,30,New York,Development,Development,188860,5.2741494697331603,5.2122255464059046,5.1816320318206035,5.2278023128869187,5.3214227977764272,0.29999999999999999,0.011973531280558313,__MLAT_CSV_NULL_V1__
chaikin_money_flow_20,path_risk,30,New York,Validation,Development,72994,5.261134771306395,5.0510894557966113,5.0759202882618997,5.2084052045393125,5.3539136519067725,0.39999999999999997,0.024520747569833194,__MLAT_CSV_NULL_V1__
chaikin_money_flow_20,path_risk,60,New York,Development,Development,188860,7.8570966411339063,7.858081244150382,7.7512217081625563,7.8841396309379324,8.0651915407058272,0.69999999999999996,0.031632195386894629,__MLAT_CSV_NULL_V1__
chaikin_money_flow_20,path_risk,60,New York,Validation,Development,72994,7.8464438318196423,7.5499934049965542,7.5919029500195192,7.7884864356961865,7.8877637240012453,0.39999999999999997,0.0069668460656694591,__MLAT_CSV_NULL_V1__
chaikin_money_flow_20,path_risk,120,New York,Development,Development,188860,11.61722030600415,11.414962070734044,11.197885201826715,11.386999309996797,11.897301318608546,0.099999999999999992,0.027404869263120114,__MLAT_CSV_NULL_V1__
chaikin_money_flow_20,path_risk,120,New York,Validation,Development,72994,11.474825210357741,10.938328262415911,11.023408205254004,11.249790499601433,11.735256631812227,0.39999999999999997,0.028167091196202466,__MLAT_CSV_NULL_V1__
chaikin_money_flow_20,path_risk,180,New York,Development,Development,188860,14.036807228821301,13.712784686963646,13.411511986510217,13.590492498889548,14.293216985009053,0.099999999999999992,0.020291365740112588,__MLAT_CSV_NULL_V1__
chaikin_money_flow_20,path_risk,180,New York,Validation,Development,72994,13.855942634276948,13.21262534706392,13.29775166637322,13.568028505685803,14.035066692485561,0.39999999999999997,0.015953094487085075,__MLAT_CSV_NULL_V1__
amihud_illiquidity_60,direction,5,New York,Development,Development,188760,-0.0076750887244475003,0.012604708658803239,0.0030792991012959427,-0.0051569887196093699,-0.0018629746309263909,0.099999999999999992,0.003466416515357798,-0.064310801025322523
amihud_illiquidity_60,direction,5,New York,Validation,Development,72895,0.0002738223203047047,0.022834270223813125,-0.055349577287457416,-0.058883814489003844,-0.014227920953294441,0.59999999999999998,-0.0092546813566430144,0.1205238677634568
amihud_illiquidity_60,direction,15,New York,Development,Development,188760,-0.0087569044237887327,0.018052748774254574,-0.0097773255159684571,0.010538042726631024,-0.0035004744246679553,0.099999999999999992,0.0017507845803841459,-0.25976950789149367
amihud_illiquidity_60,direction,15,New York,Validation,Development,72895,0.011296779114362982,0.03518153466189302,-0.15523948152389455,-0.076065009077464607,-0.057313607527923797,0.49999999999999994,-0.025281458623525627,-0.43789574136342718
amihud_illiquidity_60,direction,30,New York,Development,Development,188760,0.00013425406053621457,0.033462862051061491,-0.02127014308714285,-0.015392912575218493,0.010048640890643284,0.099999999999999992,0.0021246458453214939,-0.35501413242432833
amihud_illiquidity_60,direction,30,New York,Validation,Development,72895,0.037123020509159964,0.028554084016898226,-0.26593731051670849,-0.052251429114864537,-0.097125385784414209,0.69999999999999996,-0.03383408985065469,-1.5090253447934214
amihud_illiquidity_60,direction,60,New York,Development,Development,188760,0.01595488061131653,-0.013018239467609577,0.025286880392013145,-0.035665517035971095,-0.010663052252854698,0.29999999999999999,-0.003502605790066734,-0.37393087780891576
amihud_illiquidity_60,direction,60,New York,Validation,Development,72895,0.12815825922342694,0.080557754619348707,-0.60483958309947916,-0.29871286610509173,0.65617260799873678,0.099999999999999992,0.085843372766853415,0.95347943074168851
amihud_illiquidity_60,direction,120,New York,Development,Development,188760,-0.17597773262249222,0.018103144443995078,0.19528599645279537,-0.21828780322573649,-0.086711089933017474,0.099999999999999992,0.0074250927568919548,0.22011579536515247
amihud_illiquidity_60,direction,120,New York,Validation,Development,72895,0.28845100745160357,-0.01341184852957112,-0.84107586562076275,-1.1242990616854194,1.462570632811697,0,0.13213781457520668,2.7424790502369629
amihud_illiquidity_60,direction,180,New York,Development,Development,188760,-0.21192214383159935,0.16259766004822332,0.28557147111490605,-0.60656783791260638,0.076379577639317478,0.099999999999999992,0.019389316743472332,1.2888302283046218
amihud_illiquidity_60,direction,180,New York,Validation,Development,72895,0.45651278631722642,0.00037007155524118563,-0.66953770175809801,-1.174735583145093,1.881158447511281,0,0.12960426149296003,4.3779033993094174
amihud_illiquidity_60,expansion,5,New York,Development,Development,188760,2.2910888610034221,2.3606794124915003,2.4348910086024862,2.628039411418345,2.7032640010134732,0.99999999999999989,0.32279565516081316,__MLAT_CSV_NULL_V1__
amihud_illiquidity_60,expansion,5,New York,Validation,Development,72895,2.3189290448587454,2.4551883753869919,2.6269475124277855,2.69450216697108,2.6927380621956369,0.8999999999999998,0.31566006093253268,__MLAT_CSV_NULL_V1__
amihud_illiquidity_60,expansion,15,New York,Development,Development,188760,4.0144587675601215,4.1919457742603337,4.3683959948788962,4.8688339751705971,5.0211611178805517,0.99999999999999989,0.42616169429122908,__MLAT_CSV_NULL_V1__
amihud_illiquidity_60,expansion,15,New York,Validation,Development,72895,4.0688558878755714,4.4122024179967809,4.8030175662294221,5.1003103358146618,5.0463615830620308,0.8999999999999998,0.47128574361189979,__MLAT_CSV_NULL_V1__
amihud_illiquidity_60,expansion,30,New York,Development,Development,188760,5.6335971424188598,5.990934666033322,6.3028089975628738,7.3436032022942976,7.8050950377887141,0.99999999999999989,0.53713946222980924,__MLAT_CSV_NULL_V1__
amihud_illiquidity_60,expansion,30,New York,Validation,Development,72895,5.7444421766992333,6.351260902305377,7.2171046313045943,8.0076128270553237,7.9292484880262393,0.8999999999999998,0.68269199729959595,__MLAT_CSV_NULL_V1__
amihud_illiquidity_60,expansion,60,New York,Development,Development,188760,7.7158464118551189,8.3378734334921454,9.0845388447239834,11.434757435419966,13.168218442132467,0.99999999999999989,0.7636458922120517,__MLAT_CSV_NULL_V1__
amihud_illiquidity_60,expansion,60,New York,Validation,Development,72895,8.0135853400082269,9.1145076176395889,10.596247886950385,13.628035708465648,14.105010129492664,0.99999999999999989,1.1208917131211793,__MLAT_CSV_NULL_V1__
amihud_illiquidity_60,expansion,120,New York,Development,Development,188760,9.8871307611101553,11.093528887356172,12.624578481808486,17.353059140177841,21.924297120031017,0.99999999999999989,1.0838181725350347,__MLAT_CSV_NULL_V1__
amihud_illiquidity_60,expansion,120,New York,Validation,Development,72895,10.706673493832618,12.704198959488327,15.88435014727232,22.005593689675084,24.403519627992136,0.99999999999999989,1.6106014503681838,__MLAT_CSV_NULL_V1__
amihud_illiquidity_60,expansion,180,New York,Development,Development,188760,11.177574297946375,12.645276908680096,15.035063480404091,21.350521841315221,27.584744620322784,0.99999999999999989,1.2254814473912155,__MLAT_CSV_NULL_V1__
amihud_illiquidity_60,expansion,180,New York,Validation,Development,72895,12.243835101991072,15.229955302744159,19.426619140230653,27.383451922667746,30.935085984245745,0.99999999999999989,1.8153701485509572,__MLAT_CSV_NULL_V1__
amihud_illiquidity_60,volatility,5,New York,Development,Development,188760,7.5867012765081769,7.1307510654644695,6.9802856190652527,6.5547025435792063,5.361703379240061,0.99999999999999989,-0.52462900266076307,__MLAT_CSV_NULL_V1__
amihud_illiquidity_60,volatility,5,New York,Validation,Development,72895,7.9082468737670855,6.9792360074475601,6.272564735971633,4.8336202204175764,4.3524895333531175,0.99999999999999989,-0.79219053168714615,__MLAT_CSV_NULL_V1__
amihud_illiquidity_60,volatility,15,New York,Development,Development,188760,13.51669454968018,12.864778014225553,12.694194142516833,12.195724974849881,10.199777945784426,0.99999999999999989,-0.51459056445235518,__MLAT_CSV_NULL_V1__
amihud_illiquidity_60,volatility,15,New York,Validation,Development,72895,14.154183192602206,12.706347826224095,11.564002829558973,9.3584965632436088,8.2660403871770853,0.99999999999999989,-0.8900322925580475,__MLAT_CSV_NULL_V1__
amihud_illiquidity_60,volatility,30,New York,Development,Development,188760,18.889367039781263,18.25656545712998,18.170764758901491,17.968453252030823,15.679704616830566,0.99999999999999989,-0.36617687173631608,__MLAT_CSV_NULL_V1__
amihud_illiquidity_60,volatility,30,New York,Validation,Development,72895,19.997289520363108,18.277892632694066,17.078659159903449,14.414243323251055,12.890883573913777,0.99999999999999989,-0.82078615426154833,__MLAT_CSV_NULL_V1__
amihud_illiquidity_60,volatility,60,New York,Development,Development,188760,25.562868926262894,25.294266902720512,25.67389687951346,26.721383963904643,25.169757290435239,0.099999999999999992,-0.033371204561974815,__MLAT_CSV_NULL_V1__
amihud_illiquidity_60,volatility,60,New York,Validation,Development,72895,27.664525224304054,25.960807846369615,25.290059846485057,23.466820033171523,21.73009942332401,0.99999999999999989,-0.51624223568578931,__MLAT_CSV_NULL_V1__
amihud_illiquidity_60,volatility,120,New York,Development,Development,188760,32.463117460328064,33.198803884328782,34.895538574037936,38.937325619177827,40.140931543672096,0.99999999999999989,0.51571676547548806,__MLAT_CSV_NULL_V1__
amihud_illiquidity_60,volatility,120,New York,Validation,Development,72895,36.445642021228551,35.632676387492758,37.618471955077631,37.890370627431217,37.006018833373297,0.59999999999999998,0.038015446655622079,__MLAT_CSV_NULL_V1__
amihud_illiquidity_60,volatility,180,New York,Development,Development,188760,36.448548069509656,37.686366216806285,40.552246348345577,46.403675454308413,49.992321267373576,0.99999999999999989,0.82939219635352035,__MLAT_CSV_NULL_V1__
amihud_illiquidity_60,volatility,180,New York,Validation,Development,72895,41.390790248748687,41.794304478700276,45.010854411589882,47.902928489319656,47.299678987045795,0.8999999999999998,0.35970164648378394,__MLAT_CSV_NULL_V1__
amihud_illiquidity_60,path_risk,5,New York,Development,Development,188760,1.8298461469410838,1.8902383861231935,1.948837253752983,2.1159369429731432,2.1752099465776564,0.99999999999999989,0.28056299970562848,__MLAT_CSV_NULL_V1__
amihud_illiquidity_60,path_risk,5,New York,Validation,Development,72895,1.8425676305819438,1.9522967876462649,2.0979012375846833,2.1651659548521724,2.1666696566664152,0.99999999999999989,0.28805110620003532,__MLAT_CSV_NULL_V1__
amihud_illiquidity_60,path_risk,15,New York,Development,Development,188760,3.2099097980311799,3.3431350667477644,3.4721644783467336,3.8821606250205254,3.9669480967046971,0.99999999999999989,0.33788207021247124,__MLAT_CSV_NULL_V1__
amihud_illiquidity_60,path_risk,15,New York,Validation,Development,72895,3.2224177196332104,3.4818325252540436,3.7958039170210514,4.0788701020709972,3.9780121768561152,0.8999999999999998,0.3869736041863065,__MLAT_CSV_NULL_V1__
amihud_illiquidity_60,path_risk,30,New York,Development,Development,188760,4.509433794596478,4.7896402348745744,4.9886191474938109,5.8359731886141137,6.1307386199084908,0.99999999999999989,0.43895615352326967,__MLAT_CSV_NULL_V1__
amihud_illiquidity_60,path_risk,30,New York,Validation,Development,72895,4.5367332946250638,4.9964313128649751,5.6523610297803941,6.3811476426149891,6.2172494092586188,0.8999999999999998,0.56444804927518999,__MLAT_CSV_NULL_V1__
amihud_illiquidity_60,path_risk,60,New York,Development,Development,188760,6.2146865198771462,6.6648812162126214,7.2288908856537972,9.0729627263259154,10.333353540530236,0.99999999999999989,0.64988521267875521,__MLAT_CSV_NULL_V1__
amihud_illiquidity_60,path_risk,60,New York,Validation,Development,72895,6.3411499996869667,7.144068710821144,8.2505182565068846,10.640163878821779,11.003129698797199,0.99999999999999989,0.96584872353420614,__MLAT_CSV_NULL_V1__
amihud_illiquidity_60,path_risk,120,New York,Development,Development,188760,7.9479576906705089,8.8844578269504932,10.032094332196067,13.769091309083706,17.098258016912467,0.99999999999999989,0.92563601708543497,__MLAT_CSV_NULL_V1__
amihud_illiquidity_60,path_risk,120,New York,Validation,Development,72895,8.5025499238184068,9.9701618794981108,12.405902687413445,17.077668085750311,17.922893851021328,0.99999999999999989,1.3161981911944742,__MLAT_CSV_NULL_V1__
amihud_illiquidity_60,path_risk,180,New York,Development,Development,188760,8.9522935167170257,10.100974980771852,11.874751863669092,16.823755914622236,21.589048912352403,0.99999999999999989,1.0483211384780591,__MLAT_CSV_NULL_V1__
amihud_illiquidity_60,path_risk,180,New York,Validation,Development,72895,9.719020786122023,12.017554085837389,15.086971760522749,21.19195379594068,23.061072877177118,0.99999999999999989,1.5496497168692962,__MLAT_CSV_NULL_V1__
parkinson_volatility_30,direction,5,New York,Development,Development,188850,0.0092263071341408143,0.010252402820691097,-0.035168762807614433,-0.0062245225776291473,0.022388932134795456,0.19999999999999998,0.0078010836544663226,0.17993901312126559
parkinson_volatility_30,direction,5,New York,Validation,Development,72980,-0.065877407023107543,0.025216915294079927,0.0013269270937954541,0.025556017387714906,-0.044404842345097173,0.29999999999999999,0.013168461788582515,-0.53733261824473644
parkinson_volatility_30,direction,15,New York,Development,Development,188850,0.052214218770916837,0.013300157353977281,-0.064933829372865445,-0.017258768238405504,0.023849686128071364,0.29999999999999999,-0.0092336552640243826,0.022669477348257472
parkinson_volatility_30,direction,15,New York,Validation,Development,72980,-0.13642144871204195,0.033271598461220728,0.078160809187974523,0.04997917196711657,-0.14399562378735103,0.099999999999999992,-0.0024543375949110887,-2.1925432258573183
parkinson_volatility_30,direction,30,New York,Development,Development,188850,0.11914668706983335,-0.022357389596106392,-0.067727215325547513,-0.057908064790644392,0.038230680845037737,0.29999999999999999,-0.016532567423150638,-0.058005390773726129
parkinson_volatility_30,direction,30,New York,Validation,Development,72980,-0.13132734426624368,0.14482149221264362,0.056282294967752534,0.026804200387061636,-0.25168465014270097,0.39999999999999997,-0.024290031013009923,-4.4344291512345873
parkinson_volatility_30,direction,60,New York,Development,Development,188850,0.049153060997177866,0.09982766254865931,-0.022331280945010322,-0.16913717339219342,0.023609860264989659,0.59999999999999998,-0.0029998978308403671,-0.18466248022920434
parkinson_volatility_30,direction,60,New York,Validation,Development,72980,0.32309256151549443,0.21393686624898769,-0.19014839078743884,-0.18887030683048311,-0.272760501971889,0.8999999999999998,-0.072926344807091523,-8.0708041117870213
parkinson_volatility_30,direction,120,New York,Development,Development,188850,-0.19114261013956735,0.23138355964127491,-0.016010460371186953,-0.29798458909906494,0.0053153307227103283,0,0.01436895463370122,1.2393810398314267
parkinson_volatility_30,direction,120,New York,Validation,Development,72980,0.3483935678892669,0.21632103005689998,-0.29976546348588401,-0.59721637256115956,-0.072244789161536288,0.69999999999999996,-0.033227900509180786,-5.7118994837431982
parkinson_volatility_30,direction,180,New York,Development,Development,188850,-0.35793440609817734,0.37192132771011488,0.092575935854070715,-0.33063846380550099,-0.058060107780680312,0.099999999999999992,0.017754644559741489,1.4810009246378701
parkinson_volatility_30,direction,180,New York,Validation,Development,72980,0.84873935614470242,0.18124702119991321,-0.16142570596734476,-0.5761486361048761,-0.036994664604418331,0.69999999999999996,-0.055449092821709928,-7.1584865944387372
parkinson_volatility_30,expansion,5,New York,Development,Development,188850,2.7908157485115277,2.6296682345478408,2.4884014908804701,2.3479079604590121,2.1701512511102505,0.99999999999999989,-0.48639485406133981,__MLAT_CSV_NULL_V1__
parkinson_volatility_30,expansion,5,New York,Validation,Development,72980,2.7393961644853153,2.6655838047034095,2.4472346960315221,2.3472425222194868,2.1969654762766271,0.99999999999999989,-0.45230690373002302,__MLAT_CSV_NULL_V1__
parkinson_volatility_30,expansion,15,New York,Development,Development,188850,5.3133245523579022,4.9488385340224754,4.439306810218306,4.1061027481349637,3.6823727339400461,0.99999999999999989,-0.6472434005679335,__MLAT_CSV_NULL_V1__
parkinson_volatility_30,expansion,15,New York,Validation,Development,72980,5.2728795348303743,4.9285203965895388,4.342482109134334,4.083285046631568,3.7811516410796333,0.99999999999999989,-0.56366900489982841,__MLAT_CSV_NULL_V1__
parkinson_volatility_30,expansion,30,New York,Development,Development,188850,8.5887554464930798,7.354331611777055,6.3919096533824709,5.755964990277195,5.0479239853297404,0.99999999999999989,-0.77577263734511848,__MLAT_CSV_NULL_V1__
parkinson_volatility_30,expansion,30,New York,Validation,Development,72980,8.6129249496989715,7.2838186635256985,6.1390940410894341,5.7249372717058202,5.2275860982665465,0.99999999999999989,-0.71490764380548477,__MLAT_CSV_NULL_V1__
parkinson_volatility_30,expansion,60,New York,Development,Development,188850,15.143065623369431,10.834914774897943,9.0622043215430352,7.9456088881270155,6.9169003724173921,0.99999999999999989,-0.99700982534513272,__MLAT_CSV_NULL_V1__
parkinson_volatility_30,expansion,60,New York,Validation,Development,72980,14.963613027745531,10.825995935063714,8.8122482620408,7.8224830430218688,7.0988957428482395,0.99999999999999989,-0.9615357230157684,__MLAT_CSV_NULL_V1__
parkinson_volatility_30,expansion,120,New York,Development,Development,188850,25.523750439447465,15.893932663592269,12.221378520926148,10.551289819278136,9.0216432374469289,0.99999999999999989,-1.354650175455844,__MLAT_CSV_NULL_V1__
parkinson_volatility_30,expansion,120,New York,Validation,Development,72980,25.160241338217514,16.033132598320254,11.962973163053103,10.481296634057864,9.2229630435995666,0.99999999999999989,-1.3275558895872124,__MLAT_CSV_NULL_V1__
parkinson_volatility_30,expansion,180,New York,Development,Development,188850,32.725173129713447,19.42132267662625,14.087649166221199,11.917203992220889,10.100374477354265,0.99999999999999989,-1.5582452377511258,__MLAT_CSV_NULL_V1__
parkinson_volatility_30,expansion,180,New York,Validation,Development,72980,32.163934503998732,19.532755309157054,13.994863996193621,11.789136306875744,10.336939065874752,0.99999999999999989,-1.5984205892996721,__MLAT_CSV_NULL_V1__
parkinson_volatility_30,volatility,5,New York,Development,Development,188850,3.7475931493787464,5.2600301380152956,6.4692611829994702,7.6614307152151948,10.349435074059828,0.99999999999999989,1.5526414772061079,__MLAT_CSV_NULL_V1__
parkinson_volatility_30,volatility,5,New York,Validation,Development,72980,3.7365894935231445,5.3057048718874151,6.3880597506254206,7.6524235342497384,10.64007479462084,0.99999999999999989,1.6612578648316461,__MLAT_CSV_NULL_V1__
parkinson_volatility_30,volatility,15,New York,Development,Development,188850,7.3166515127763958,10.136977779820063,11.825984792127702,13.841027799313146,18.130189849560647,0.99999999999999989,1.8065520030384823,__MLAT_CSV_NULL_V1__
parkinson_volatility_30,volatility,15,New York,Validation,Development,72980,7.3651669271290068,10.031955238751399,11.657542565156197,13.769385119372048,18.71421256634035,0.99999999999999989,1.7790106400492112,__MLAT_CSV_NULL_V1__
parkinson_volatility_30,volatility,30,New York,Development,Development,188850,11.809271380523796,15.101059973266844,17.05150813708401,19.59603145354906,25.120751947410564,0.99999999999999989,1.5910540359621956,__MLAT_CSV_NULL_V1__
parkinson_volatility_30,volatility,30,New York,Validation,Development,72980,11.988613115180481,14.864714061825328,16.757119749827108,19.560769815132922,26.017313698180313,0.99999999999999989,1.556669278585078,__MLAT_CSV_NULL_V1__
parkinson_volatility_30,volatility,60,New York,Development,Development,188850,20.252452321709193,22.2079044905438,24.075537272176792,27.166828979454372,34.387691542584989,0.99999999999999989,1.1621534076067523,__MLAT_CSV_NULL_V1__
parkinson_volatility_30,volatility,60,New York,Validation,Development,72980,20.46062463693308,22.230420890284012,24.131768747308698,27.031472233948669,35.475264361534492,0.99999999999999989,1.1959411122957782,__MLAT_CSV_NULL_V1__
parkinson_volatility_30,volatility,120,New York,Development,Development,188850,33.39484598594769,32.320374952540298,32.863795477205237,36.080255413227839,44.607687991479054,0.69999999999999996,0.69007483892592492,__MLAT_CSV_NULL_V1__
parkinson_volatility_30,volatility,120,New York,Validation,Development,72980,34.334710127124481,33.546731641502348,33.2251785400884,36.126832255673477,46.118799207197469,0.59999999999999998,0.7239269797171235,__MLAT_CSV_NULL_V1__
parkinson_volatility_30,volatility,180,New York,Development,Development,188850,42.497000311799994,39.179745012878634,38.19213880659786,40.851891046145631,50.005711008000219,0.29999999999999999,0.40272209139194476,__MLAT_CSV_NULL_V1__
parkinson_volatility_30,volatility,180,New York,Validation,Development,72980,44.399252520526169,40.923971089876446,38.677823545496175,41.013723414749002,51.851212133900148,0.29999999999999999,0.4091361034673035,__MLAT_CSV_NULL_V1__
parkinson_volatility_30,path_risk,5,New York,Development,Development,188850,2.2564872320394369,2.1132281491989131,1.9947553232783408,1.8745827849966707,1.7289285514509605,0.99999999999999989,-0.42868445878011929,__MLAT_CSV_NULL_V1__
parkinson_volatility_30,path_risk,5,New York,Validation,Development,72980,2.1974008511089798,2.1266263891525736,1.9521326312912159,1.8579318097133324,1.7521030628376588,0.99999999999999989,-0.39094274280755847,__MLAT_CSV_NULL_V1__
parkinson_volatility_30,path_risk,15,New York,Development,Development,188850,4.2199013918127992,3.9357992834177358,3.5359216430950156,3.2726747836140047,2.9301451171881903,0.99999999999999989,-0.55277009388883191,__MLAT_CSV_NULL_V1__
parkinson_volatility_30,path_risk,15,New York,Validation,Development,72980,4.1647214845783207,3.9143855680223028,3.4387350186418857,3.2104332923137497,3.0164105150025056,0.99999999999999989,-0.48228279043733108,__MLAT_CSV_NULL_V1__
parkinson_volatility_30,path_risk,30,New York,Development,Development,188850,6.7794253116029664,5.836438374129898,5.0858334726028351,4.5845637755601549,4.0177711165361982,0.99999999999999989,-0.68392351857435141,__MLAT_CSV_NULL_V1__
parkinson_volatility_30,path_risk,30,New York,Validation,Development,72980,6.7779481685785132,5.7563249599871558,4.841384612488504,4.4947815750459421,4.1438411918104654,0.99999999999999989,-0.64505707373209653,__MLAT_CSV_NULL_V1__
parkinson_volatility_30,path_risk,60,New York,Development,Development,188850,11.9913866908645,8.5907339807576228,7.2270615411141002,6.3240806017287836,5.5092877433431342,0.99999999999999989,-0.89570202498278184,__MLAT_CSV_NULL_V1__
parkinson_volatility_30,path_risk,60,New York,Validation,Development,72980,11.66307997748606,8.4675313184332008,6.9216449393301129,6.1615448845454228,5.623050441876166,0.99999999999999989,-0.86663162779453429,__MLAT_CSV_NULL_V1__
parkinson_volatility_30,path_risk,120,New York,Development,Development,188850,20.183215874266352,12.511819183906038,9.7084219603578585,8.3791880408537249,7.2108168568376767,0.99999999999999989,-1.191284052689531,__MLAT_CSV_NULL_V1__
parkinson_volatility_30,path_risk,120,New York,Validation,Development,72980,19.217172630333017,12.52497549983708,9.4424960827827658,8.2958011880948099,7.2870731019177697,0.99999999999999989,-1.1691799262824967,__MLAT_CSV_NULL_V1__
parkinson_volatility_30,path_risk,180,New York,Development,Development,188850,25.804840225391754,15.184338473747173,11.168998051649082,9.473240699432333,8.0721883804033716,0.99999999999999989,-1.351756836405269,__MLAT_CSV_NULL_V1__
parkinson_volatility_30,path_risk,180,New York,Validation,Development,72980,24.690855571180229,15.179935740108286,11.097275462883177,9.340456302496202,8.158189585261006,0.99999999999999989,-1.4144143867513126,__MLAT_CSV_NULL_V1__
rogers_satchell_volatility_30,direction,5,New York,Development,Development,188850,0.016229487468867095,-2.1694459045233204e-05,-0.021207432636131663,-0.007224773944235055,0.013054955647030478,0.29999999999999999,-0.0018870585745215389,0.023040456247416852
rogers_satchell_volatility_30,direction,5,New York,Validation,Development,72980,-0.065911698727784032,-0.00015632880968079044,0.031952929994343821,0.021485972263603104,-0.044741983665908293,0.29999999999999999,0.012969986291718113,-0.48829530253712639
rogers_satchell_volatility_30,direction,15,New York,Development,Development,188850,0.060177706649744277,-0.011711597587476703,-0.035389858395131743,-0.018962978095658535,0.013428693498042816,0.29999999999999999,-0.015245184038429586,-0.15919643676545581
rogers_satchell_volatility_30,direction,15,New York,Validation,Development,72980,-0.15014730740914342,0.026085964714648847,0.095829402518604084,0.045862526641513017,-0.13540848790275639,0.29999999999999999,0.0047857475028307223,-1.8619040300072294
rogers_satchell_volatility_30,direction,30,New York,Development,Development,188850,0.089658202657821456,-0.017647795832353191,-0.021739026973407963,-0.069775934514964791,0.027408849128078418,0.39999999999999997,-0.012821095280184958,-0.0080027243698925221
rogers_satchell_volatility_30,direction,30,New York,Validation,Development,72980,-0.12867501124653777,0.15881492381446471,0.025647557557702608,0.041776809363696606,-0.24926302231907901,0.29999999999999999,-0.024667270621999877,-4.2781364075688106
rogers_satchell_volatility_30,direction,60,New York,Development,Development,188850,0.027296154989193421,0.066504281405017629,0.035939443199477304,-0.15094457215752047,0.001011437341669518,0.59999999999999998,-0.0031061145339144371,-0.2597885964070949
rogers_satchell_volatility_30,direction,60,New York,Validation,Development,72980,0.31495153761364203,0.25385177621043525,-0.21978338869715974,-0.16122986818594992,-0.29681021645210481,0.8999999999999998,-0.075308014446899468,-8.1192967671880734
rogers_satchell_volatility_30,direction,120,New York,Development,Development,188850,-0.12500639583960457,0.11480724882662911,0.083816645495376152,-0.33867270028085084,-0.00036160252412615034,0.19999999999999998,0.0092813232962152305,0.97762654234113688
rogers_satchell_volatility_30,direction,120,New York,Validation,Development,72980,0.27620212695060342,0.38772561658122018,-0.38657284868992886,-0.6037600099067244,-0.092607406497948935,0.59999999999999998,-0.029395725100431491,-5.4122131075288991
rogers_satchell_volatility_30,direction,180,New York,Development,Development,188850,-0.24259385665514649,0.21677934591469297,0.18157056253951628,-0.41874322151210586,-0.01375008820005459,0.19999999999999998,0.013764333147938368,1.488163535998257
rogers_satchell_volatility_30,direction,180,New York,Validation,Development,72980,0.85571770199997665,0.31427468057461988,-0.30881424536530311,-0.5733942748708093,-0.03210501236934632,0.69999999999999996,-0.056251900569486625,-7.117478461175021
rogers_satchell_volatility_30,expansion,5,New York,Development,Development,188850,2.7790071296782131,2.6242579549955822,2.4931368056286316,2.3490447223561355,2.1809330701701506,0.99999999999999989,-0.47020712327629383,__MLAT_CSV_NULL_V1__
rogers_satchell_volatility_30,expansion,5,New York,Validation,Development,72980,2.7236751890981812,2.6666318442542423,2.4477757756531768,2.3659908540385084,2.1988920282187303,0.99999999999999989,-0.43380943544197048,__MLAT_CSV_NULL_V1__
rogers_satchell_volatility_30,expansion,15,New York,Development,Development,188850,5.3001694403825255,4.8971441308101715,4.4707355781230298,4.1092949295121501,3.7119221432383052,0.99999999999999989,-0.63105776497527655,__MLAT_CSV_NULL_V1__
rogers_satchell_volatility_30,expansion,15,New York,Validation,Development,72980,5.2333355120414122,4.9436961576859062,4.3500649843623691,4.1126874181142652,3.7855036923610004,0.99999999999999989,-0.54958837229373003,__MLAT_CSV_NULL_V1__
rogers_satchell_volatility_30,expansion,30,New York,Development,Development,188850,8.493503990242889,7.3619056854872458,6.400435335121152,5.7828859755762645,5.0957425420847855,0.99999999999999989,-0.7539569367041401,__MLAT_CSV_NULL_V1__
rogers_satchell_volatility_30,expansion,30,New York,Validation,Development,72980,8.5264936803956797,7.3238449677514526,6.187969696142833,5.7387242133434411,5.2507375665196809,0.99999999999999989,-0.7010170372190957,__MLAT_CSV_NULL_V1__
rogers_satchell_volatility_30,expansion,60,New York,Development,Development,188850,15.000581941853834,10.863395462557687,8.9900212118561633,8.063553360703537,6.9797751612711059,0.99999999999999989,-0.97369367251467487,__MLAT_CSV_NULL_V1__
rogers_satchell_volatility_30,expansion,60,New York,Validation,Development,72980,14.855362963891819,10.899405676338013,8.8248171826816897,7.8940631943651072,7.1510476970885133,0.99999999999999989,-0.94586353192784167,__MLAT_CSV_NULL_V1__
rogers_satchell_volatility_30,expansion,120,New York,Development,Development,188850,25.19552953910269,16.029218338013742,12.159546644649152,10.726424242823262,9.0891400578015524,0.99999999999999989,-1.3296974836833908,__MLAT_CSV_NULL_V1__
rogers_satchell_volatility_30,expansion,120,New York,Validation,Development,72980,25.172315548863111,16.112776880545287,11.868679102963739,10.646122809301007,9.2871541642132698,0.99999999999999989,-1.3298587854179613,__MLAT_CSV_NULL_V1__
rogers_satchell_volatility_30,expansion,180,New York,Development,Development,188850,32.310849506125017,19.578078197236664,14.067350097324496,12.149853464398559,10.130959093775541,0.99999999999999989,-1.5340497342680131,__MLAT_CSV_NULL_V1__
rogers_satchell_volatility_30,expansion,180,New York,Validation,Development,72980,32.06150489980687,19.768680196450656,13.857223708278097,11.977551757818997,10.447186723594704,0.99999999999999989,-1.5891366243268663,__MLAT_CSV_NULL_V1__
rogers_satchell_volatility_30,volatility,5,New York,Development,Development,188850,3.7673544819026268,5.2554620515905013,6.502935387982502,7.6529343018635405,10.309122187638119,0.99999999999999989,1.53853200831448,__MLAT_CSV_NULL_V1__
rogers_satchell_volatility_30,volatility,5,New York,Validation,Development,72980,3.736466818459443,5.3068649306040259,6.3891545373404934,7.6343366663518673,10.534342333593106,0.99999999999999989,1.6201983176987291,__MLAT_CSV_NULL_V1__
rogers_satchell_volatility_30,volatility,15,New York,Development,Development,188850,7.3551484005380425,10.063780218992465,11.938081383794442,13.802771702062241,18.091081502677763,0.99999999999999989,1.7849878970244275,__MLAT_CSV_NULL_V1__
rogers_satchell_volatility_30,volatility,15,New York,Validation,Development,72980,7.3996730617622086,10.023909136797336,11.662497024996149,13.718446333320777,18.534525170993341,0.99999999999999989,1.7054626900622647,__MLAT_CSV_NULL_V1__
rogers_satchell_volatility_30,volatility,30,New York,Development,Development,188850,11.777427101036537,15.111506642540482,17.128761138083988,19.533693258071938,25.123461142975426,0.99999999999999989,1.6074404123493895,__MLAT_CSV_NULL_V1__
rogers_satchell_volatility_30,volatility,30,New York,Validation,Development,72980,12.040723927188992,14.823138593367787,16.781065556935204,19.487076868069643,25.808502248175692,0.99999999999999989,1.4972883406585387,__MLAT_CSV_NULL_V1__
rogers_satchell_volatility_30,volatility,60,New York,Development,Development,188850,20.192681425210338,22.234710988179938,24.08165284328836,27.183946158303552,34.392704599018337,0.99999999999999989,1.1714004635947195,__MLAT_CSV_NULL_V1__
rogers_satchell_volatility_30,volatility,60,New York,Validation,Development,72980,20.484375776043787,22.129474336185165,24.138603304744496,27.05939795213332,35.236541601153377,0.99999999999999989,1.16192743350258,__MLAT_CSV_NULL_V1__
rogers_satchell_volatility_30,volatility,120,New York,Development,Development,188850,33.160719780337161,32.548613861104954,32.853144877817861,36.170029641103,44.522845616543002,0.69999999999999996,0.70776455270936045,__MLAT_CSV_NULL_V1__
rogers_satchell_volatility_30,volatility,120,New York,Validation,Development,72980,34.371649678978891,33.455865882491516,33.18945844440335,36.140325216034249,45.930481915804179,0.59999999999999998,0.70503076135487852,__MLAT_CSV_NULL_V1__
rogers_satchell_volatility_30,volatility,180,New York,Development,Development,188850,42.228162216180145,39.473837502653033,38.131659272180428,41.002363520479499,49.878656989999875,0.29999999999999999,0.41504537925299956,__MLAT_CSV_NULL_V1__
rogers_satchell_volatility_30,volatility,180,New York,Validation,Development,72980,44.293339825986301,40.974041064427418,38.651837376964608,41.011760503323131,51.697261997595838,0.29999999999999999,0.40473557473077426,__MLAT_CSV_NULL_V1__
rogers_satchell_volatility_30,path_risk,5,New York,Development,Development,188850,2.2462396424542685,2.1064171700422545,2.0014630174066541,1.8766564360578597,1.7367075069673275,0.99999999999999989,-0.4151082619088165,__MLAT_CSV_NULL_V1__
rogers_satchell_volatility_30,path_risk,5,New York,Validation,Development,72980,2.18424965336864,2.1254015662967576,1.9523847808822412,1.8763551832330989,1.7530446512262767,0.99999999999999989,-0.37261099448403784,__MLAT_CSV_NULL_V1__
rogers_satchell_volatility_30,path_risk,15,New York,Development,Development,188850,4.2102625176158535,3.8865961106333877,3.5668158814917326,3.2766821538440078,2.9535492022384031,0.99999999999999989,-0.54066909099024008,__MLAT_CSV_NULL_V1__
rogers_satchell_volatility_30,path_risk,15,New York,Validation,Development,72980,4.1360637496964259,3.9203321949339331,3.4412852460607164,3.2407617222097826,3.0188260138781668,0.99999999999999989,-0.46667594837320053,__MLAT_CSV_NULL_V1__
rogers_satchell_volatility_30,path_risk,30,New York,Development,Development,188850,6.7067607109870169,5.831326390702257,5.1025745306268249,4.5990906443031454,4.060870464294319,0.99999999999999989,-0.66270704630490118,__MLAT_CSV_NULL_V1__
rogers_satchell_volatility_30,path_risk,30,New York,Validation,Development,72980,6.7132191045979317,5.7815248351179687,4.880726182160493,4.5050833612950401,4.1638956569088474,0.99999999999999989,-0.62888021921222992,__MLAT_CSV_NULL_V1__
rogers_satchell_volatility_30,path_risk,60,New York,Development,Development,188850,11.864893806446016,8.6175057338090983,7.1713491533424278,6.4150016960328182,5.5688036413907156,0.99999999999999989,-0.87259545104363334,__MLAT_CSV_NULL_V1__
rogers_satchell_volatility_30,path_risk,60,New York,Validation,Development,72980,11.577650752638339,8.5279737520903147,6.9360447283288096,6.2107247151869105,5.6619234991266234,0.99999999999999989,-0.8517151232572272,__MLAT_CSV_NULL_V1__
rogers_satchell_volatility_30,path_risk,120,New York,Development,Development,188850,19.852206724343013,12.667326845854648,9.674876338351087,8.519895768123174,7.265883732657878,0.99999999999999989,-1.1670480447342075,__MLAT_CSV_NULL_V1__
rogers_satchell_volatility_30,path_risk,120,New York,Validation,Development,72980,19.252725972958224,12.564922274194894,9.3740864491399662,8.4192167997122738,7.3284376778109124,0.99999999999999989,-1.1745872296081581,__MLAT_CSV_NULL_V1__
rogers_satchell_volatility_30,path_risk,180,New York,Development,Development,188850,25.397179070125244,15.355268948621456,11.175933563147662,9.6653284078054291,8.0941704908914804,0.99999999999999989,-1.329992895323836,__MLAT_CSV_NULL_V1__
rogers_satchell_volatility_30,path_risk,180,New York,Validation,Development,72980,24.571988828594073,15.426843314424504,10.97351581428631,9.4770519399961888,8.2371218379168027,0.99999999999999989,-1.4052155437010123,__MLAT_CSV_NULL_V1__
realized_semivariance_balance_60,direction,5,New York,Development,Development,188760,0.038883689523549862,0.0030951909734027649,-0.020415615724964767,-0.021227884682176644,0.00070865757359319119,0.69999999999999996,-0.022463688483879352,-0.065320703503431443
realized_semivariance_balance_60,direction,5,New York,Validation,Development,72895,-0.0226037023208772,0.010193125031606617,0.0045720028344421329,-0.042277764382962817,-0.0084198919020832819,0.19999999999999998,0.0084019195161440675,0.30175926827367727
realized_semivariance_balance_60,direction,15,New York,Development,Development,188760,0.037333257326569544,0.019135136118639293,-0.050097191263492748,-0.011597326856873393,0.011744844068464658,0.59999999999999998,-0.008391353035867518,0.37558326830180933
realized_semivariance_balance_60,direction,15,New York,Validation,Development,72895,-0.047128621177970662,0.042570224421835716,-0.053313868518972372,-0.045798918495630121,-0.022545825043423375,0.19999999999999998,0.0082750403387868883,0.15648714282209242
realized_semivariance_balance_60,direction,30,New York,Development,Development,188760,0.070222014984434644,0.044448110766612807,-0.033988138511132707,-0.059583588955416225,-0.014038453602120346,0.69999999999999996,-0.018370612694682143,0.50838747973497589
realized_semivariance_balance_60,direction,30,New York,Validation,Development,72895,-0.13404144436447812,0.073464217424779182,-0.10739355546204932,0.017750808637448278,-0.017550690914944975,0.29999999999999999,0.027153755454250771,1.1144260774499273
realized_semivariance_balance_60,direction,60,New York,Development,Development,188760,-0.12353382850591867,0.28523738381419855,0.082899117953343787,-0.14020014214319854,-0.12016461445764377,0.19999999999999998,0.0004750402785267714,1.8417527813282679
realized_semivariance_balance_60,direction,60,New York,Validation,Development,72895,-0.37093077928973417,0.052973891222352888,-0.0082938240057975621,0.13308395906360507,0.10366399090295618,0.79999999999999993,0.077249254470276682,2.6093543606905287
realized_semivariance_balance_60,direction,120,New York,Development,Development,188760,-0.2745885459171386,0.28983533898641062,0.0033919134160621299,0.080581345166772719,-0.36251460027666255,0.29999999999999999,-0.0084697455046242598,1.2809070984030653
realized_semivariance_balance_60,direction,120,New York,Validation,Development,72895,-0.65154440088950127,-0.1998477709574524,-0.27975704719591998,0.43784729738552652,0.400923800998917,0.79999999999999993,0.11713929714325018,5.0811104961772466
realized_semivariance_balance_60,direction,180,New York,Development,Development,188760,-0.24035644557159017,0.35390933968847127,0.13254650766813467,0.033273380877113991,-0.5705114731841745,0.39999999999999997,-0.026493907509814178,0.13556171089037061
realized_semivariance_balance_60,direction,180,New York,Validation,Development,72895,-0.88481721400300639,0.045928984325651588,-0.064597055103026005,0.45836689800109703,0.77420003832577422,0.8999999999999998,0.14653468637223913,9.6100123609040686
realized_semivariance_balance_60,expansion,5,New York,Development,Development,188760,2.4876034891910073,2.487091709161938,2.4953221649645267,2.4969048900954807,2.4411903194994893,0.099999999999999992,-0.032112436915519925,__MLAT_CSV_NULL_V1__
realized_semivariance_balance_60,expansion,5,New York,Validation,Development,72895,2.4906522214230575,2.4600830246726404,2.5120637701375199,2.4607660995368863,2.4585145754553248,0.49999999999999994,-0.022694318391056709,__MLAT_CSV_NULL_V1__
realized_semivariance_balance_60,expansion,15,New York,Development,Development,188760,4.3807226432185891,4.4936664944368072,4.5807133015518149,4.5890430035240621,4.396757669552029,0.39999999999999997,0.005986234386909991,__MLAT_CSV_NULL_V1__
realized_semivariance_balance_60,expansion,15,New York,Validation,Development,72895,4.4648417731065768,4.450978759167036,4.5936057660868679,4.4485642704255177,4.3993246699774842,0.69999999999999996,-0.025291588536932089,__MLAT_CSV_NULL_V1__
realized_semivariance_balance_60,expansion,30,New York,Development,Development,188760,6.2798897282686914,6.5743485078269952,6.8422806325174781,6.8534678599042875,6.4732582273944681,0.39999999999999997,0.045526592616228177,__MLAT_CSV_NULL_V1__
realized_semivariance_balance_60,expansion,30,New York,Validation,Development,72895,6.507338577090735,6.5992698602933677,6.8451240561660436,6.5617544476348675,6.3320061647229382,0.29999999999999999,-0.043890579733359331,__MLAT_CSV_NULL_V1__
realized_semivariance_balance_60,expansion,60,New York,Development,Development,188760,9.0966215216676503,9.8748171038817922,10.491079065706318,10.447890980656153,9.6930103811011055,0.29999999999999999,0.086961314231825765,__MLAT_CSV_NULL_V1__
realized_semivariance_balance_60,expansion,60,New York,Validation,Development,72895,9.4724199606741344,10.056080256558628,10.485715213052766,9.9050594460327552,9.2334371741222654,0.29999999999999999,-0.038275751927755335,__MLAT_CSV_NULL_V1__
realized_semivariance_balance_60,expansion,120,New York,Development,Development,188760,12.905470694175458,14.479076926403115,15.338289334340521,15.717815645798485,14.132280992151951,0.39999999999999997,0.11835000529231041,__MLAT_CSV_NULL_V1__
realized_semivariance_balance_60,expansion,120,New York,Validation,Development,72895,13.467779666923963,14.86415465156897,15.573433147466613,14.836316648140093,13.291176246959363,0.29999999999999999,-0.018624871320304406,__MLAT_CSV_NULL_V1__
realized_semivariance_balance_60,expansion,180,New York,Development,Development,188760,15.325667433880801,17.459079237900088,18.528758731908827,19.23209655266793,16.825021034284898,0.39999999999999997,0.11704268033526367,__MLAT_CSV_NULL_V1__
realized_semivariance_balance_60,expansion,180,New York,Validation,Development,72895,16.038467760981142,18.01536010786182,18.828979014822593,17.817460837871419,16.037979537771726,0.29999999999999999,-4.0500829351635309e-05,__MLAT_CSV_NULL_V1__
realized_semivariance_balance_60,volatility,5,New York,Development,Development,188760,7.7472324143706581,6.3876996553916268,6.2039204562884844,6.1538988542087463,7.1718336515762529,0.39999999999999997,-0.11239446943785765,__MLAT_CSV_NULL_V1__
realized_semivariance_balance_60,volatility,5,New York,Validation,Development,72895,8.0954194399526216,6.3828845181576526,6.1340957726659218,6.0885517757736958,7.2205962584799712,0.39999999999999997,-0.17220197818417243,__MLAT_CSV_NULL_V1__
realized_semivariance_balance_60,volatility,15,New York,Development,Development,188760,13.809747194274122,11.750651434244832,11.503851830069889,11.404067078302345,13.078013166778161,0.39999999999999997,-0.096796072544604733,__MLAT_CSV_NULL_V1__
realized_semivariance_balance_60,volatility,15,New York,Validation,Development,72895,14.433784721228188,11.771108003610619,11.31032085863246,11.316471017390816,13.025939998549472,0.29999999999999999,-0.19035180852515432,__MLAT_CSV_NULL_V1__
realized_semivariance_balance_60,volatility,30,New York,Development,Development,188760,19.476218345123709,17.041890950049229,16.901102721100976,16.717616725324223,18.898330938391869,0.39999999999999997,-0.059134460914031843,__MLAT_CSV_NULL_V1__
realized_semivariance_balance_60,volatility,30,New York,Validation,Development,72895,20.452858864954695,17.167058338362814,16.714614812113616,16.550789094962941,18.671484478005418,0.39999999999999997,-0.18885148452561881,__MLAT_CSV_NULL_V1__
realized_semivariance_balance_60,volatility,60,New York,Development,Development,188760,27.223488778920611,24.650612655255376,24.834504115581947,24.576269790852706,27.133463056446484,0.29999999999999999,-0.0073120665319175741,__MLAT_CSV_NULL_V1__
realized_semivariance_balance_60,volatility,60,New York,Validation,Development,72895,28.850109327505734,25.290479509612595,24.623224994009977,24.181253432937751,26.707374148173106,0.39999999999999997,-0.17905694064852137,__MLAT_CSV_NULL_V1__
realized_semivariance_balance_60,volatility,120,New York,Development,Development,188760,37.124538575024687,34.601299053302007,34.989883876520778,34.991347925182396,37.71599035903138,0.39999999999999997,0.038390264502054156,__MLAT_CSV_NULL_V1__
realized_semivariance_balance_60,volatility,120,New York,Validation,Development,72895,39.690136318660308,35.930239825258973,35.441519470911885,34.827106371723758,37.529935156187676,0.39999999999999997,-0.14304998379490141,__MLAT_CSV_NULL_V1__
realized_semivariance_balance_60,volatility,180,New York,Development,Development,188760,43.087745470038293,40.824555190239423,41.354473741175973,41.56597407237679,43.88640972235536,0.39999999999999997,0.045957029914562568,__MLAT_CSV_NULL_V1__
realized_semivariance_balance_60,volatility,180,New York,Validation,Development,72895,46.122637441753533,42.383138915135731,42.433509150447577,41.580656811413569,44.237007716391098,0.29999999999999999,-0.11137359499867415,__MLAT_CSV_NULL_V1__
realized_semivariance_balance_60,path_risk,5,New York,Development,Development,188760,1.9901117772740369,1.9967489723156155,1.9985343073982156,2.0075913951745843,1.9588207194870706,0,-0.023128187658729538,__MLAT_CSV_NULL_V1__
realized_semivariance_balance_60,path_risk,5,New York,Validation,Development,72895,1.9905424300976002,1.9610925979368461,2.0087706026395749,1.957252303446732,1.9552011397107574,0.69999999999999996,-0.027418603229260062,__MLAT_CSV_NULL_V1__
realized_semivariance_balance_60,path_risk,15,New York,Development,Development,188760,3.4742535944365183,3.5678632091695923,3.6344842836299249,3.6625110649131272,3.5170886000646315,0.39999999999999997,0.017474225649039835,__MLAT_CSV_NULL_V1__
realized_semivariance_balance_60,path_risk,15,New York,Validation,Development,72895,3.5424870470178118,3.5254824386767534,3.6591402865435265,3.500567480930576,3.4735401004521766,0.69999999999999996,-0.029937292529696725,__MLAT_CSV_NULL_V1__
realized_semivariance_balance_60,path_risk,30,New York,Development,Development,188760,4.9577219239099994,5.1883996598498205,5.4140494772843271,5.4745305743091768,5.1799773576591015,0.39999999999999997,0.058441367863022502,__MLAT_CSV_NULL_V1__
realized_semivariance_balance_60,path_risk,30,New York,Validation,Development,72895,5.1242231946158201,5.1904264445299511,5.4445828696746519,5.1652388463089549,4.9697789450880281,0.29999999999999999,-0.045093929641622128,__MLAT_CSV_NULL_V1__
realized_semivariance_balance_60,path_risk,60,New York,Development,Development,188760,7.154409640292652,7.7959190816639827,8.3179472951946032,8.3442897420769775,7.7971146732083385,0.69999999999999996,0.10645104114061087,__MLAT_CSV_NULL_V1__
realized_semivariance_balance_60,path_risk,60,New York,Validation,Development,72895,7.3526464558912066,7.8497564811160672,8.3300175427057237,7.7943843868279394,7.220667256384357,0.29999999999999999,-0.025307738394025881,__MLAT_CSV_NULL_V1__
realized_semivariance_balance_60,path_risk,120,New York,Development,Development,188760,10.19421835245841,11.367037993223319,12.069667873900068,12.505098718686998,11.359273548516009,0.39999999999999997,0.12657667338664971,__MLAT_CSV_NULL_V1__
realized_semivariance_balance_60,path_risk,120,New York,Validation,Development,72895,10.410763767441184,11.494549857503616,12.275474018834011,11.660198063036786,10.279311632801798,0.099999999999999992,-0.017049190741121482,__MLAT_CSV_NULL_V1__
realized_semivariance_balance_60,path_risk,180,New York,Development,Development,188760,12.07872172066161,13.700811411499251,14.558399443373679,15.264312184759516,13.411903823179532,0.39999999999999997,0.1189342130856374,__MLAT_CSV_NULL_V1__
realized_semivariance_balance_60,path_risk,180,New York,Validation,Development,72895,12.323416426102529,13.947836018679704,14.868521164135252,14.038827381189222,12.440714420228186,0.29999999999999999,0.011999533452868269,__MLAT_CSV_NULL_V1__
bipower_jump_ratio_60,direction,5,New York,Development,Development,188756,__MLAT_CSV_NULL_V1__,__MLAT_CSV_NULL_V1__,-0.0063138340660149365,-0.0092788410355807444,0.029350376797065005,0.5,__MLAT_CSV_NULL_V1__,__MLAT_CSV_NULL_V1__
bipower_jump_ratio_60,direction,5,New York,Validation,Development,72891,__MLAT_CSV_NULL_V1__,__MLAT_CSV_NULL_V1__,-0.014689427996673622,-0.021823962436494138,0.0089497841674619615,0.5,__MLAT_CSV_NULL_V1__,__MLAT_CSV_NULL_V1__
bipower_jump_ratio_60,direction,15,New York,Development,Development,188756,__MLAT_CSV_NULL_V1__,__MLAT_CSV_NULL_V1__,-0.0066016826868173905,-0.047257185416081038,0.073785098659246567,0.5,__MLAT_CSV_NULL_V1__,__MLAT_CSV_NULL_V1__
bipower_jump_ratio_60,direction,15,New York,Validation,Development,72891,__MLAT_CSV_NULL_V1__,__MLAT_CSV_NULL_V1__,-0.013555386564079206,-0.10727114547878412,0.015204203369642308,0.5,__MLAT_CSV_NULL_V1__,__MLAT_CSV_NULL_V1__
bipower_jump_ratio_60,direction,30,New York,Development,Development,188756,__MLAT_CSV_NULL_V1__,__MLAT_CSV_NULL_V1__,-0.016509830476116635,-0.047102981842565741,0.10380421019362741,0.5,__MLAT_CSV_NULL_V1__,__MLAT_CSV_NULL_V1__
bipower_jump_ratio_60,direction,30,New York,Validation,Development,72891,__MLAT_CSV_NULL_V1__,__MLAT_CSV_NULL_V1__,0.018006099374653337,-0.20645819977790336,-0.044740431756156683,0.5,__MLAT_CSV_NULL_V1__,__MLAT_CSV_NULL_V1__
bipower_jump_ratio_60,direction,60,New York,Development,Development,188756,__MLAT_CSV_NULL_V1__,__MLAT_CSV_NULL_V1__,0.025684855850568629,-0.15483966969931245,0.059918077960435162,0.5,__MLAT_CSV_NULL_V1__,__MLAT_CSV_NULL_V1__
bipower_jump_ratio_60,direction,60,New York,Validation,Development,72891,__MLAT_CSV_NULL_V1__,__MLAT_CSV_NULL_V1__,0.12418405087671353,-0.48610008450900427,-0.056700546111201088,0.5,__MLAT_CSV_NULL_V1__,__MLAT_CSV_NULL_V1__
bipower_jump_ratio_60,direction,120,New York,Development,Development,188756,__MLAT_CSV_NULL_V1__,__MLAT_CSV_NULL_V1__,0.032482048816860794,-0.082459726580602688,-0.2828841856343578,1,__MLAT_CSV_NULL_V1__,__MLAT_CSV_NULL_V1__
bipower_jump_ratio_60,direction,120,New York,Validation,Development,72891,__MLAT_CSV_NULL_V1__,__MLAT_CSV_NULL_V1__,-0.013743952248617833,-0.0172983002736831,-0.33295034582237648,1,__MLAT_CSV_NULL_V1__,__MLAT_CSV_NULL_V1__
bipower_jump_ratio_60,direction,180,New York,Development,Development,188756,__MLAT_CSV_NULL_V1__,__MLAT_CSV_NULL_V1__,6.273859163534489e-05,0.087084190365188927,-0.38564800552268819,0.5,__MLAT_CSV_NULL_V1__,__MLAT_CSV_NULL_V1__
bipower_jump_ratio_60,direction,180,New York,Validation,Development,72891,__MLAT_CSV_NULL_V1__,__MLAT_CSV_NULL_V1__,0.12186353321876885,0.27659425448193414,-0.4572017901592606,0.5,__MLAT_CSV_NULL_V1__,__MLAT_CSV_NULL_V1__
bipower_jump_ratio_60,expansion,5,New York,Development,Development,188756,__MLAT_CSV_NULL_V1__,__MLAT_CSV_NULL_V1__,2.4521793530845484,2.509467777888394,2.5420943739339683,1,__MLAT_CSV_NULL_V1__,__MLAT_CSV_NULL_V1__
bipower_jump_ratio_60,expansion,5,New York,Validation,Development,72891,__MLAT_CSV_NULL_V1__,__MLAT_CSV_NULL_V1__,2.4548194251169213,2.5473445962308641,2.4836663158146215,0.5,__MLAT_CSV_NULL_V1__,__MLAT_CSV_NULL_V1__
bipower_jump_ratio_60,expansion,15,New York,Development,Development,188756,__MLAT_CSV_NULL_V1__,__MLAT_CSV_NULL_V1__,4.4288832329769834,4.5690022043596707,4.585020294777526,1,__MLAT_CSV_NULL_V1__,__MLAT_CSV_NULL_V1__
bipower_jump_ratio_60,expansion,15,New York,Validation,Development,72891,__MLAT_CSV_NULL_V1__,__MLAT_CSV_NULL_V1__,4.433648988389562,4.6848684648184262,4.4018664770077187,0.5,__MLAT_CSV_NULL_V1__,__MLAT_CSV_NULL_V1__
bipower_jump_ratio_60,expansion,30,New York,Development,Development,188756,__MLAT_CSV_NULL_V1__,__MLAT_CSV_NULL_V1__,6.5109674833215943,6.7026039476201458,6.7873935163010861,1,__MLAT_CSV_NULL_V1__,__MLAT_CSV_NULL_V1__
bipower_jump_ratio_60,expansion,30,New York,Validation,Development,72891,__MLAT_CSV_NULL_V1__,__MLAT_CSV_NULL_V1__,6.5126829280622767,6.9258235279790981,6.4495652656214926,0.5,__MLAT_CSV_NULL_V1__,__MLAT_CSV_NULL_V1__
bipower_jump_ratio_60,expansion,60,New York,Development,Development,188756,__MLAT_CSV_NULL_V1__,__MLAT_CSV_NULL_V1__,9.7702689360739932,10.137901706585756,10.153173711893622,1,__MLAT_CSV_NULL_V1__,__MLAT_CSV_NULL_V1__
bipower_jump_ratio_60,expansion,60,New York,Validation,Development,72891,__MLAT_CSV_NULL_V1__,__MLAT_CSV_NULL_V1__,9.7764212344291597,10.444501999394085,9.5049898438783949,0.5,__MLAT_CSV_NULL_V1__,__MLAT_CSV_NULL_V1__
bipower_jump_ratio_60,expansion,120,New York,Development,Development,188756,__MLAT_CSV_NULL_V1__,__MLAT_CSV_NULL_V1__,14.288202594694793,14.942551081909366,14.762501672843468,0.5,__MLAT_CSV_NULL_V1__,__MLAT_CSV_NULL_V1__
bipower_jump_ratio_60,expansion,120,New York,Validation,Development,72891,__MLAT_CSV_NULL_V1__,__MLAT_CSV_NULL_V1__,14.219811089967571,15.460095912916454,14.18884504760795,0.5,__MLAT_CSV_NULL_V1__,__MLAT_CSV_NULL_V1__
bipower_jump_ratio_60,expansion,180,New York,Development,Development,188756,__MLAT_CSV_NULL_V1__,__MLAT_CSV_NULL_V1__,17.194467115926383,18.13403280996652,17.647857328493359,0.5,__MLAT_CSV_NULL_V1__,__MLAT_CSV_NULL_V1__
bipower_jump_ratio_60,expansion,180,New York,Validation,Development,72891,__MLAT_CSV_NULL_V1__,__MLAT_CSV_NULL_V1__,17.079594298764697,18.701896759119336,17.150061459747189,0.5,__MLAT_CSV_NULL_V1__,__MLAT_CSV_NULL_V1__
bipower_jump_ratio_60,volatility,5,New York,Development,Development,188756,__MLAT_CSV_NULL_V1__,__MLAT_CSV_NULL_V1__,6.5333273412589872,6.6665178268988416,7.4060052299960226,1,__MLAT_CSV_NULL_V1__,__MLAT_CSV_NULL_V1__
bipower_jump_ratio_60,volatility,5,New York,Validation,Development,72891,__MLAT_CSV_NULL_V1__,__MLAT_CSV_NULL_V1__,6.6497968502158127,6.6222527235430055,7.3405024493794722,0.5,__MLAT_CSV_NULL_V1__,__MLAT_CSV_NULL_V1__
bipower_jump_ratio_60,volatility,15,New York,Development,Development,188756,__MLAT_CSV_NULL_V1__,__MLAT_CSV_NULL_V1__,11.959943510392,12.293903542567138,13.385881485977032,1,__MLAT_CSV_NULL_V1__,__MLAT_CSV_NULL_V1__
bipower_jump_ratio_60,volatility,15,New York,Validation,Development,72891,__MLAT_CSV_NULL_V1__,__MLAT_CSV_NULL_V1__,12.191719430787236,12.150053067188498,13.103448102064313,0.5,__MLAT_CSV_NULL_V1__,__MLAT_CSV_NULL_V1__
bipower_jump_ratio_60,volatility,30,New York,Development,Development,188756,__MLAT_CSV_NULL_V1__,__MLAT_CSV_NULL_V1__,17.335145805366754,17.812785805588657,19.234564713466238,1,__MLAT_CSV_NULL_V1__,__MLAT_CSV_NULL_V1__
bipower_jump_ratio_60,volatility,30,New York,Validation,Development,72891,__MLAT_CSV_NULL_V1__,__MLAT_CSV_NULL_V1__,17.709970434078357,17.636118040547213,18.756562730918912,0.5,__MLAT_CSV_NULL_V1__,__MLAT_CSV_NULL_V1__
bipower_jump_ratio_60,volatility,60,New York,Development,Development,188756,__MLAT_CSV_NULL_V1__,__MLAT_CSV_NULL_V1__,25.061046378373675,25.722163510103769,27.535309448689013,1,__MLAT_CSV_NULL_V1__,__MLAT_CSV_NULL_V1__
bipower_jump_ratio_60,volatility,60,New York,Validation,Development,72891,__MLAT_CSV_NULL_V1__,__MLAT_CSV_NULL_V1__,25.709346481209234,25.671545324466337,26.822434305061893,0.5,__MLAT_CSV_NULL_V1__,__MLAT_CSV_NULL_V1__
bipower_jump_ratio_60,volatility,120,New York,Development,Development,188756,__MLAT_CSV_NULL_V1__,__MLAT_CSV_NULL_V1__,35.06931291395113,35.964858489039031,38.277975301699406,1,__MLAT_CSV_NULL_V1__,__MLAT_CSV_NULL_V1__
bipower_jump_ratio_60,volatility,120,New York,Validation,Development,72891,__MLAT_CSV_NULL_V1__,__MLAT_CSV_NULL_V1__,36.312437012354614,36.509773323637148,38.00906741352609,1,__MLAT_CSV_NULL_V1__,__MLAT_CSV_NULL_V1__
bipower_jump_ratio_60,volatility,180,New York,Development,Development,188756,__MLAT_CSV_NULL_V1__,__MLAT_CSV_NULL_V1__,41.254079387738329,42.32614405912318,44.658532805000569,1,__MLAT_CSV_NULL_V1__,__MLAT_CSV_NULL_V1__
bipower_jump_ratio_60,volatility,180,New York,Validation,Development,72891,__MLAT_CSV_NULL_V1__,__MLAT_CSV_NULL_V1__,42.946183002289736,43.296082655413166,44.680783282888193,1,__MLAT_CSV_NULL_V1__,__MLAT_CSV_NULL_V1__
bipower_jump_ratio_60,path_risk,5,New York,Development,Development,188756,__MLAT_CSV_NULL_V1__,__MLAT_CSV_NULL_V1__,1.9662012199648042,2.0161797551820091,2.0369786015202713,1,__MLAT_CSV_NULL_V1__,__MLAT_CSV_NULL_V1__
bipower_jump_ratio_60,path_risk,5,New York,Validation,Development,72891,__MLAT_CSV_NULL_V1__,__MLAT_CSV_NULL_V1__,1.957289084029147,2.0383774309797968,1.9740768403933697,0.5,__MLAT_CSV_NULL_V1__,__MLAT_CSV_NULL_V1__
bipower_jump_ratio_60,path_risk,15,New York,Development,Development,188756,__MLAT_CSV_NULL_V1__,__MLAT_CSV_NULL_V1__,3.5190910465559404,3.6463187866244247,3.6526403038772739,1,__MLAT_CSV_NULL_V1__,__MLAT_CSV_NULL_V1__
bipower_jump_ratio_60,path_risk,15,New York,Validation,Development,72891,__MLAT_CSV_NULL_V1__,__MLAT_CSV_NULL_V1__,3.5082861366291511,3.7375253310799441,3.4656903642065107,0.5,__MLAT_CSV_NULL_V1__,__MLAT_CSV_NULL_V1__
bipower_jump_ratio_60,path_risk,30,New York,Development,Development,188756,__MLAT_CSV_NULL_V1__,__MLAT_CSV_NULL_V1__,5.1701410842819824,5.3325979124675582,5.3717448705142585,1,__MLAT_CSV_NULL_V1__,__MLAT_CSV_NULL_V1__
bipower_jump_ratio_60,path_risk,30,New York,Validation,Development,72891,__MLAT_CSV_NULL_V1__,__MLAT_CSV_NULL_V1__,5.1382746130234027,5.4973960496289367,5.0379811769267828,0.5,__MLAT_CSV_NULL_V1__,__MLAT_CSV_NULL_V1__
bipower_jump_ratio_60,path_risk,60,New York,Development,Development,188756,__MLAT_CSV_NULL_V1__,__MLAT_CSV_NULL_V1__,7.7711932782448736,8.094163755337819,8.0015051040440675,0.5,__MLAT_CSV_NULL_V1__,__MLAT_CSV_NULL_V1__
bipower_jump_ratio_60,path_risk,60,New York,Validation,Development,72891,__MLAT_CSV_NULL_V1__,__MLAT_CSV_NULL_V1__,7.6743098599917019,8.2315519241969124,7.3939296339198881,0.5,__MLAT_CSV_NULL_V1__,__MLAT_CSV_NULL_V1__
bipower_jump_ratio_60,path_risk,120,New York,Development,Development,188756,__MLAT_CSV_NULL_V1__,__MLAT_CSV_NULL_V1__,11.326684074345104,11.873064100255608,11.641173000394915,0.5,__MLAT_CSV_NULL_V1__,__MLAT_CSV_NULL_V1__
bipower_jump_ratio_60,path_risk,120,New York,Validation,Development,72891,__MLAT_CSV_NULL_V1__,__MLAT_CSV_NULL_V1__,11.069440302578451,12.10882555633852,11.035784502208505,0.5,__MLAT_CSV_NULL_V1__,__MLAT_CSV_NULL_V1__
bipower_jump_ratio_60,path_risk,180,New York,Development,Development,188756,__MLAT_CSV_NULL_V1__,__MLAT_CSV_NULL_V1__,13.596944068304499,14.356174211856565,13.864018519725004,0.5,__MLAT_CSV_NULL_V1__,__MLAT_CSV_NULL_V1__
bipower_jump_ratio_60,path_risk,180,New York,Validation,Development,72891,__MLAT_CSV_NULL_V1__,__MLAT_CSV_NULL_V1__,13.310183174059526,14.654147112652474,13.324130995182863,0.5,__MLAT_CSV_NULL_V1__,__MLAT_CSV_NULL_V1__
variance_ratio_60_5,direction,5,New York,Development,Development,188744,-0.021704351796527469,0.0097851322335165171,0.02235309814764944,-0.0063219369361420027,-0.0032347233443596668,0.19999999999999998,0.010793595396936669,0.20274508643785782
variance_ratio_60_5,direction,5,New York,Validation,Development,72879,-0.00072502298611684505,0.004657848226411956,-0.0088314826015933184,-0.029901835960020714,-0.024741600995111405,0.79999999999999993,-0.013784242393307505,-0.27687486734209288
variance_ratio_60_5,direction,15,New York,Development,Development,188744,-0.082574887670860922,0.014998407647241948,0.056846361997439414,0.018303938604945322,-0.0014755186432847222,0.29999999999999999,0.025864457137796303,0.85839207871428147
variance_ratio_60_5,direction,15,New York,Validation,Development,72879,-0.023392598315575767,0.00065438325470518232,-0.027177602606442891,-0.024075816159624112,-0.060992949918092461,0.79999999999999993,-0.012005908726412398,-0.40658895369107062
variance_ratio_60_5,direction,30,New York,Development,Development,188744,-0.22795673093454419,0.071553276975061628,0.070302249245089155,0.074804868275171743,0.016768908728119963,0.29999999999999999,0.051836557018823184,2.2527839470411202
variance_ratio_60_5,direction,30,New York,Validation,Development,72879,-0.19648776444158572,0.023938044019977556,0.039602464367556503,-0.037243257333880529,-0.038131993283232163,0.099999999999999992,0.032733162649156405,1.610025512567975
variance_ratio_60_5,direction,60,New York,Development,Development,188744,-0.41010491495818779,0.1941308151530706,0.12920379490766007,0.1405475804581669,-0.071758726763174047,0.099999999999999992,0.045974122110834688,2.754069402518017
variance_ratio_60_5,direction,60,New York,Validation,Development,72879,-0.4522764766444613,-0.17443011907713479,0.33098188033646886,0.087467191147355336,0.027738656635531912,0.59999999999999998,0.062523938050619871,3.1707194252261139
variance_ratio_60_5,direction,120,New York,Development,Development,188744,-0.20860119798618978,0.23694075261217765,-0.001908591977416677,-0.034105842695452269,-0.25830070966107727,0.39999999999999997,-0.0046422846571849974,0.037490853858702877
variance_ratio_60_5,direction,120,New York,Validation,Development,72879,-0.89314512172723537,-0.28023951987592211,0.59572594013243596,0.32260221463242122,-0.30015809309192154,0.29999999999999999,0.052178825237252292,2.1294683683767861
variance_ratio_60_5,direction,180,New York,Development,Development,188744,-0.067866502941870063,0.18075009386115035,-0.1299384756943581,-0.058620630580189168,-0.22297806386689664,0.49999999999999994,-0.01200616419156735,-0.71990370021682715
variance_ratio_60_5,direction,180,New York,Validation,Development,72879,-0.8434730713856069,-0.32901567053568098,0.65645702815437756,0.63294626207699056,-0.074779671466677203,0.59999999999999998,0.055825377549065601,4.4192284311949477
variance_ratio_60_5,expansion,5,New York,Development,Development,188744,2.5464639126419084,2.5273927591259073,2.4793878279811681,2.4556266628279868,2.4001071759646675,0.99999999999999989,-0.10198930471076166,__MLAT_CSV_NULL_V1__
variance_ratio_60_5,expansion,5,New York,Validation,Development,72879,2.593237917243659,2.452213033413813,2.4553293922663264,2.4566237540253204,2.4477160259322899,0.59999999999999998,-0.095019401025577543,__MLAT_CSV_NULL_V1__
variance_ratio_60_5,expansion,15,New York,Development,Development,188744,4.6628742543526469,4.5873036334927848,4.4860941943418124,4.4232322502399626,4.2836820533429663,0.99999999999999989,-0.13584768661681179,__MLAT_CSV_NULL_V1__
variance_ratio_60_5,expansion,15,New York,Validation,Development,72879,4.7443230201808388,4.4228022986350606,4.4739181632211427,4.4007238441930774,4.3685465679536577,0.8999999999999998,-0.13529927813289255,__MLAT_CSV_NULL_V1__
variance_ratio_60_5,expansion,30,New York,Development,Development,188744,6.9376007152195456,6.8238258155715563,6.592565159791377,6.5124110644569759,6.1613748290198496,0.99999999999999989,-0.17574506025854517,__MLAT_CSV_NULL_V1__
variance_ratio_60_5,expansion,30,New York,Validation,Development,72879,7.1041551473362858,6.5002100207934834,6.5510600566482395,6.4155068656707206,6.3967916759081511,0.8999999999999998,-0.15626837083462677,__MLAT_CSV_NULL_V1__
variance_ratio_60_5,expansion,60,New York,Development,Development,188744,10.500760297177473,10.482026996966933,9.8545559635586439,9.71739706093439,9.0575923941315768,0.99999999999999989,-0.20026861548057898,__MLAT_CSV_NULL_V1__
variance_ratio_60_5,expansion,60,New York,Validation,Development,72879,10.859173741363916,9.8332771599047462,9.8222801952929988,9.4430730676730334,9.4255247900280441,0.99999999999999989,-0.18826885077405225,__MLAT_CSV_NULL_V1__
variance_ratio_60_5,expansion,120,New York,Development,Development,188744,15.450267874766011,15.530856315478044,14.480022534572452,14.256060975242137,12.869945633851426,0.8999999999999998,-0.23577716302112348,__MLAT_CSV_NULL_V1__
variance_ratio_60_5,expansion,120,New York,Validation,Development,72879,15.848586193938164,14.494342001518387,14.259146458922149,13.864080879008204,13.929649939314688,0.8999999999999998,-0.16414433804055439,__MLAT_CSV_NULL_V1__
variance_ratio_60_5,expansion,180,New York,Development,Development,188744,18.321867730367778,18.826275102691074,17.461655038933291,17.304683758206618,15.471704636740577,0.8999999999999998,-0.21092541689671707,__MLAT_CSV_NULL_V1__
variance_ratio_60_5,expansion,180,New York,Validation,Development,72879,19.307845474809916,17.506053646996637,16.949512777988723,16.585773846218299,16.900173465817719,0.8999999999999998,-0.16925616532122337,__MLAT_CSV_NULL_V1__
variance_ratio_60_5,volatility,5,New York,Development,Development,188744,6.6752428283718919,6.6017103071169112,6.6476716985034914,6.6779854379284931,7.0649269189498227,0.69999999999999996,0.081770161945752179,__MLAT_CSV_NULL_V1__
variance_ratio_60_5,volatility,5,New York,Validation,Development,72879,6.6923010321802128,6.4590254640107423,6.6601364777350316,6.8775224759426452,7.2274163026036318,0.69999999999999996,0.11276845480588621,__MLAT_CSV_NULL_V1__
variance_ratio_60_5,volatility,15,New York,Development,Development,188744,12.26146572933072,12.11741060713037,12.178828785611788,12.211704866896691,12.782996133469785,0.39999999999999997,0.071107359991454164,__MLAT_CSV_NULL_V1__
variance_ratio_60_5,volatility,15,New York,Validation,Development,72879,12.330899834902494,11.764322832930537,12.212617123633962,12.514714266124251,13.051681933878131,0.69999999999999996,0.10142404004364605,__MLAT_CSV_NULL_V1__
variance_ratio_60_5,volatility,30,New York,Development,Development,188744,17.750520077191865,17.620567572188296,17.632619206508345,17.770397227423572,18.269671128292245,0.69999999999999996,0.054501448251563042,__MLAT_CSV_NULL_V1__
variance_ratio_60_5,volatility,30,New York,Validation,Development,72879,18.034553039740555,17.058883867909653,17.723300081884403,17.983011727345236,18.841124033853788,0.39999999999999997,0.085437900633532543,__MLAT_CSV_NULL_V1__
variance_ratio_60_5,volatility,60,New York,Development,Development,188744,25.683784018635397,25.68920211002683,25.413327704708674,25.657403362157755,25.988182587827946,0.19999999999999998,0.025075750305134224,__MLAT_CSV_NULL_V1__
variance_ratio_60_5,volatility,60,New York,Validation,Development,72879,26.480604208137201,24.944174406816842,25.631122755138083,25.637692735819208,27.174946778912282,0.39999999999999997,0.056371007320433909,__MLAT_CSV_NULL_V1__
variance_ratio_60_5,volatility,120,New York,Development,Development,188744,36.378469468116634,36.35128466610626,35.54101831592115,35.789943742607853,35.388724459142828,0.8999999999999998,-0.065360952541920661,__MLAT_CSV_NULL_V1__
variance_ratio_60_5,volatility,120,New York,Validation,Development,72879,37.767442084018221,35.73473043730057,36.155957089211086,36.103230623273411,37.977217413177073,0.29999999999999999,0.013582711378581424,__MLAT_CSV_NULL_V1__
variance_ratio_60_5,volatility,180,New York,Development,Development,188744,42.754586932907408,42.937246234125837,41.80984637856843,42.061410878761862,41.187247166314123,0.79999999999999993,-0.091684322313535252,__MLAT_CSV_NULL_V1__
variance_ratio_60_5,volatility,180,New York,Validation,Development,72879,44.594694437540568,42.492969287529888,42.764258225293112,42.493382549389892,44.791913822712914,0.29999999999999999,0.011408666448086106,__MLAT_CSV_NULL_V1__
variance_ratio_60_5,path_risk,5,New York,Development,Development,188744,2.0386520465316154,2.0310749302267479,1.9896483424012268,1.9696003551931396,1.9235730865040397,0.99999999999999989,-0.086192877323435765,__MLAT_CSV_NULL_V1__
variance_ratio_60_5,path_risk,5,New York,Validation,Development,72879,2.0673618874274373,1.9562003222604198,1.9519505492472706,1.9620017916988803,1.9552169113341369,0.49999999999999994,-0.081924093741006218,__MLAT_CSV_NULL_V1__
variance_ratio_60_5,path_risk,15,New York,Development,Development,188744,3.7143845426200985,3.640004695419341,3.5664883676030521,3.525442690901476,3.4118971398261335,0.99999999999999989,-0.11920242423403413,__MLAT_CSV_NULL_V1__
variance_ratio_60_5,path_risk,15,New York,Validation,Development,72879,3.7471918785355398,3.5087692398144146,3.5343487856968285,3.4839514268602718,3.4712306903919736,0.8999999999999998,-0.11155256935240106,__MLAT_CSV_NULL_V1__
variance_ratio_60_5,path_risk,30,New York,Development,Development,188744,5.5172682525581696,5.4002447578598076,5.2221131692436211,5.1821401387293751,4.8968404741366873,0.99999999999999989,-0.15747004587654675,__MLAT_CSV_NULL_V1__
variance_ratio_60_5,path_risk,30,New York,Validation,Development,72879,5.6235883995604752,5.1057435973904175,5.1381212572350776,5.0617785630169978,5.0781622675491702,0.79999999999999993,-0.13556118615248464,__MLAT_CSV_NULL_V1__
variance_ratio_60_5,path_risk,60,New York,Development,Development,188744,8.3309916574644731,8.319306166786939,7.8197782844846175,7.7293979750485038,7.2185515105388669,0.99999999999999989,-0.17474834439740014,__MLAT_CSV_NULL_V1__
variance_ratio_60_5,path_risk,60,New York,Validation,Development,72879,8.5609222019361191,7.7225890471736438,7.6056448444411711,7.4104241461511258,7.4554921867082609,0.8999999999999998,-0.16532959327254132,__MLAT_CSV_NULL_V1__
variance_ratio_60_5,path_risk,120,New York,Development,Development,188744,12.247494136857533,12.281478784368092,11.457720701102788,11.271700888423174,10.250144447661025,0.8999999999999998,-0.2106772778421753,__MLAT_CSV_NULL_V1__
variance_ratio_60_5,path_risk,120,New York,Validation,Development,72879,12.434932251252677,11.315626450634969,11.038223743810656,10.724764213332564,10.928739152042686,0.8999999999999998,-0.15107049042123752,__MLAT_CSV_NULL_V1__
variance_ratio_60_5,path_risk,180,New York,Development,Development,188744,14.458796840405844,14.804315890683496,13.815546933495922,13.701752448098256,12.246860266524267,0.8999999999999998,-0.19106693976858147,__MLAT_CSV_NULL_V1__
variance_ratio_60_5,path_risk,180,New York,Validation,Development,72879,15.168051519993007,13.624696224580239,13.133022584270833,12.887689369622894,13.251320173301407,0.69999999999999996,-0.15944989350747407,__MLAT_CSV_NULL_V1__
return_sign_entropy_60,direction,5,New York,Development,Development,188760,-0.0025746052854819616,0.016070810718216703,-0.030015022971437672,0.0056577754879374746,0.013911666371805442,0.19999999999999998,0.0093002233068172954,0.097170902108062007
return_sign_entropy_60,direction,5,New York,Validation,Development,72895,0.010950373240410167,-0.0375590951550148,-0.015103108063018608,-0.0063422360985036594,-0.026359353150227697,0.29999999999999999,-0.022909707749003232,-0.17712044710893984
return_sign_entropy_60,direction,15,New York,Development,Development,188760,-0.0094821749189080498,0.048409860947247356,-0.043577246371035272,-0.031278725700489493,0.050401620913535949,0.19999999999999998,0.018464954440245734,0.42943983675741859
return_sign_entropy_60,direction,15,New York,Validation,Development,72895,0.0079377763479288304,-0.041453822205437849,-0.021834114572467211,-0.041577758936434672,-0.078050577619026118,0.8999999999999998,-0.029340280853358523,-0.17798287188246548
return_sign_entropy_60,direction,30,New York,Development,Development,188760,-0.073006683299653999,0.10833903185633301,-0.021368269691630651,-0.14947203641406231,0.16411859657104941,0.29999999999999999,0.047184382076340285,1.8921357373721455
return_sign_entropy_60,direction,30,New York,Validation,Development,72895,-0.034144548248949372,0.0035161539026361643,0.023170843290234892,0.017294373803093014,-0.3247876124632047,0.099999999999999992,-0.066082305421868992,-0.61313054487245133
return_sign_entropy_60,direction,60,New York,Development,Development,188760,-0.10686086665403038,0.064595513097048154,-0.15705300071561684,-0.1417690368751994,0.35031883285420362,0.19999999999999998,0.057232975720909941,3.3452956148428679
return_sign_entropy_60,direction,60,New York,Validation,Development,72895,-0.13781399559501251,0.13548096931521894,0.19598195647419725,0.10138496798237662,-0.64343508008834072,0.29999999999999999,-0.071433435313779325,0.37419576197093152
return_sign_entropy_60,direction,120,New York,Development,Development,188760,-0.14269909385151469,-0.037608911396719034,-0.14581222031212457,-0.2968867830609272,0.38688321690819427,0.099999999999999992,0.043385981543150244,3.4364224192184833
return_sign_entropy_60,direction,120,New York,Validation,Development,72895,-0.16541616023273892,0.062715876829309541,-0.038562894849923174,0.22323170283643032,-0.64146920547536324,0.099999999999999992,-0.044617917412402307,2.1240634884271237
return_sign_entropy_60,direction,180,New York,Development,Development,188760,-0.068139078370234057,-0.019689405026179656,-0.061514679606844189,-0.32554968608021162,0.20480465817978874,0.29999999999999999,0.018083541511327756,1.4385512918282533
return_sign_entropy_60,direction,180,New York,Validation,Development,72895,-0.19357388830278857,0.43541177214836407,0.20846036391284622,0.17676509222768208,-0.63026225812849823,0.39999999999999997,-0.033949056865801255,0.75129742123448784
return_sign_entropy_60,expansion,5,New York,Development,Development,188760,2.2818141137938222,2.3392841209599586,2.4195676721010972,2.5710929189615572,2.7910811635823789,0.99999999999999989,0.33950787861657661,__MLAT_CSV_NULL_V1__
return_sign_entropy_60,expansion,5,New York,Validation,Development,72895,2.3249743769480964,2.415649933868119,2.5088858393549076,2.6471377075850282,2.7755478318540026,0.99999999999999989,0.35005678550095637,__MLAT_CSV_NULL_V1__
return_sign_entropy_60,expansion,15,New York,Development,Development,188760,3.9772370408172697,4.0936366432308287,4.3424043063749513,4.7179544907194204,5.293989123363013,0.99999999999999989,0.45177900274258176,__MLAT_CSV_NULL_V1__
return_sign_entropy_60,expansion,15,New York,Validation,Development,72895,4.0771178050049128,4.3363260691011494,4.5382700533377971,4.9061901916053987,5.2570385028481361,0.99999999999999989,0.49771392840970724,__MLAT_CSV_NULL_V1__
return_sign_entropy_60,expansion,30,New York,Development,Development,188760,5.5721559258743056,5.8261934765249457,6.2586681114312608,7.0530759946182915,8.2868633694214751,0.99999999999999989,0.56477858486187105,__MLAT_CSV_NULL_V1__
return_sign_entropy_60,expansion,30,New York,Validation,Development,72895,5.7688938896813724,6.3003502578410311,6.6092262798032646,7.341750014438305,8.5465292555600225,0.99999999999999989,0.6915193086589787,__MLAT_CSV_NULL_V1__
return_sign_entropy_60,expansion,60,New York,Development,Development,188760,7.7000387305291547,8.2363995030362975,9.0481791211057718,10.676784760327527,13.910653427253692,0.99999999999999989,0.78423219645444908,__MLAT_CSV_NULL_V1__
return_sign_entropy_60,expansion,60,New York,Validation,Development,72895,8.1010234559233076,8.9872624153908536,9.942715064797973,11.477219946206354,14.729634139648786,0.99999999999999989,0.95737151702594447,__MLAT_CSV_NULL_V1__
return_sign_entropy_60,expansion,120,New York,Development,Development,188760,10.152999239125471,11.280478839454682,12.682094561329434,15.857891799435393,22.56154951874457,0.99999999999999989,1.0782700374160343,__MLAT_CSV_NULL_V1__
return_sign_entropy_60,expansion,120,New York,Validation,Development,72895,10.652955435761063,12.511381431821409,15.043957618400146,18.139968618992686,24.069507316233185,0.99999999999999989,1.3591419535402052,__MLAT_CSV_NULL_V1__
return_sign_entropy_60,expansion,180,New York,Development,Development,188760,11.530108780405884,13.064024856561046,15.16543545370312,19.318943915504551,28.22813790964107,0.99999999999999989,1.2016092160151604,__MLAT_CSV_NULL_V1__
return_sign_entropy_60,expansion,180,New York,Validation,Development,72895,12.24358999834018,14.553013597039095,18.052567067338515,22.920906321774332,30.447668864534847,0.99999999999999989,1.5762725484569751,__MLAT_CSV_NULL_V1__
return_sign_entropy_60,volatility,5,New York,Development,Development,188760,8.36362721239961,7.4309723100102243,6.8581793205534796,6.1827270340751737,4.8584660146015857,0.99999999999999989,-0.76768426655429178,__MLAT_CSV_NULL_V1__
return_sign_entropy_60,volatility,5,New York,Validation,Development,72895,8.2576064721752438,7.0148331937372674,6.2648925439953258,5.5120209115415131,4.4080104124423762,0.99999999999999989,-0.85374249050298845,__MLAT_CSV_NULL_V1__
return_sign_entropy_60,volatility,15,New York,Development,Development,188760,14.967482007950665,13.393432690299528,12.501491018213558,11.399832482461301,9.331528220568245,0.99999999999999989,-0.7962076902464591,__MLAT_CSV_NULL_V1__
return_sign_entropy_60,volatility,15,New York,Validation,Development,72895,14.772577875753738,12.865316837250036,11.450779411325344,10.281354998073079,8.4141033102831493,0.99999999999999989,-0.95503694847434739,__MLAT_CSV_NULL_V1__
return_sign_entropy_60,volatility,30,New York,Development,Development,188760,21.093517845890531,19.03126221173471,17.941750758337349,16.681423166568464,14.347197254281348,0.99999999999999989,-0.7037484136901675,__MLAT_CSV_NULL_V1__
return_sign_entropy_60,volatility,30,New York,Validation,Development,72895,20.962418019824526,18.546387274478018,16.672577672614704,15.19409708217681,13.133387824954156,0.99999999999999989,-0.87793074900352497,__MLAT_CSV_NULL_V1__
return_sign_entropy_60,volatility,60,New York,Development,Development,188760,29.035061470213989,26.56797201958328,25.457219206701488,24.544002618809667,22.880595116443477,0.99999999999999989,-0.47992714777455525,__MLAT_CSV_NULL_V1__
return_sign_entropy_60,volatility,60,New York,Validation,Development,72895,29.18478454180827,26.312520146901043,24.527912289046114,23.15330671684664,21.500078730191351,0.99999999999999989,-0.64579999582374314,__MLAT_CSV_NULL_V1__
return_sign_entropy_60,volatility,120,New York,Development,Development,188760,37.986298502470866,35.509531373823911,34.934381569307632,35.283316570915694,35.751932143332645,0.29999999999999999,-0.13819308293832064,__MLAT_CSV_NULL_V1__
return_sign_entropy_60,volatility,120,New York,Validation,Development,72895,38.648236965227241,35.9936043242243,35.888445417967674,35.86182873556497,34.537415076126884,0.99999999999999989,-0.27231113052961731,__MLAT_CSV_NULL_V1__
return_sign_entropy_60,volatility,180,New York,Development,Development,188760,43.207237351282402,40.774113953738485,40.736704370935598,41.97537750054471,44.040429603681467,0.29999999999999999,0.046067169197484978,__MLAT_CSV_NULL_V1__
return_sign_entropy_60,volatility,180,New York,Validation,Development,72895,44.195328147648361,41.856860148378615,42.858481490251634,44.249431718055853,43.33153913083126,0.19999999999999998,-0.050890242913274514,__MLAT_CSV_NULL_V1__
return_sign_entropy_60,path_risk,5,New York,Development,Development,188760,1.8215442633298244,1.8698262076377128,1.9359727065782499,2.06647326689987,2.2536095295781347,0.99999999999999989,0.30826472251467163,__MLAT_CSV_NULL_V1__
return_sign_entropy_60,path_risk,5,New York,Validation,Development,72895,1.853189272020904,1.925820183422255,1.9957517425425029,2.1140533695477237,2.2217124962927217,0.99999999999999989,0.31130709520816247,__MLAT_CSV_NULL_V1__
return_sign_entropy_60,path_risk,15,New York,Development,Development,188760,3.1614195461696841,3.2515160918294739,3.4624639452511352,3.7623891848782987,4.2048174591347252,0.99999999999999989,0.39493967738482783,__MLAT_CSV_NULL_V1__
return_sign_entropy_60,path_risk,15,New York,Validation,Development,72895,3.2291085361089005,3.4424597000822499,3.5853946228951492,3.8775915990821801,4.1684050210671293,0.99999999999999989,0.43316169930343129,__MLAT_CSV_NULL_V1__
return_sign_entropy_60,path_risk,30,New York,Development,Development,188760,4.426307159420368,4.6223891194848807,4.992856200925516,5.6145625026079538,6.5351818959890942,0.99999999999999989,0.49748830715380027,__MLAT_CSV_NULL_V1__
return_sign_entropy_60,path_risk,30,New York,Validation,Development,72895,4.5582584646840436,4.9949815916084921,5.1894637311333218,5.7783947925611354,6.7065472514955298,0.99999999999999989,0.60897033448026761,__MLAT_CSV_NULL_V1__
return_sign_entropy_60,path_risk,60,New York,Development,Development,188760,6.1303814910484125,6.5614336940636591,7.1984906450403692,8.5073348807218689,10.985641613775572,0.99999999999999989,0.70844024588998655,__MLAT_CSV_NULL_V1__
return_sign_entropy_60,path_risk,60,New York,Validation,Development,72895,6.3822004450785466,7.0982340446602645,7.785567884674788,8.9239806284941583,11.50212348126114,0.99999999999999989,0.86604503474881867,__MLAT_CSV_NULL_V1__
return_sign_entropy_60,path_risk,120,New York,Development,Development,188760,8.0744046492001651,8.9928907653801353,10.083762385114692,12.62475283481691,17.685203428751308,0.99999999999999989,0.96011908987011318,__MLAT_CSV_NULL_V1__
return_sign_entropy_60,path_risk,120,New York,Validation,Development,72895,8.3200705960757695,9.8297316624017483,11.747676333089689,13.918272364235245,18.81854440624501,0.99999999999999989,1.2336219434634113,__MLAT_CSV_NULL_V1__
return_sign_entropy_60,path_risk,180,New York,Development,Development,188760,9.1768426667683336,10.377790098423201,12.008580101953394,15.346651371051239,22.046323047805348,0.99999999999999989,1.0579527345106643,__MLAT_CSV_NULL_V1__
return_sign_entropy_60,path_risk,180,New York,Validation,Development,72895,9.543421029309501,11.37073371091274,14.126350809066412,17.722127734490286,23.842299151939542,0.99999999999999989,1.4567173794387773,__MLAT_CSV_NULL_V1__
volatility_of_volatility_60,direction,5,New York,Development,Development,188704,-0.020384456830257365,0.032404978187553259,0.025337043343884268,-0.022068153046309345,-0.014634749002095583,0.19999999999999998,0.0034821515522415352,0.13382750357458062
volatility_of_volatility_60,direction,5,New York,Validation,Development,72839,0.01137863087274456,-0.021302041090076232,-0.031004928114020829,0.022206328955959684,-0.052928758716270827,0.39999999999999997,-0.040148186386964921,-1.1013200619803114
volatility_of_volatility_60,direction,15,New York,Development,Development,188704,-0.041055677385615857,0.11531790342318632,0.036955553596558381,-0.069031393442630803,-0.035262320191141429,0.19999999999999998,0.0019795898991224544,0.25330059484503081
volatility_of_volatility_60,direction,15,New York,Validation,Development,72839,0.040349834307933034,-0.018549945742963789,-0.041463197384388716,-0.021083339317485121,-0.13362303656299548,0.8999999999999998,-0.060160461734640763,-2.8428713623093262
volatility_of_volatility_60,direction,30,New York,Development,Development,188704,-0.050822410271634942,0.13113842469323481,0.045529603804207015,-0.071551031263519457,-0.048437812467998463,0.19999999999999998,0.00052855621695015295,0.44072876439681719
volatility_of_volatility_60,direction,30,New York,Validation,Development,72839,0.0387078081854706,0.076525117083708835,-0.08717396185403721,-0.050808296666649967,-0.22375757418565637,0.79999999999999993,-0.059179271868936213,-4.8454696111190074
volatility_of_volatility_60,direction,60,New York,Development,Development,188704,-0.15695961044537557,0.11440756240126924,0.1939782665613608,-0.081753076601841279,-0.087418342595327367,0.099999999999999992,0.010032435658983261,0.15178533497259306
volatility_of_volatility_60,direction,60,New York,Validation,Development,72839,-0.35757713843756056,0.26599391307321962,0.073377029868209862,0.065177471613197063,-0.070543699982463848,0,0.040101371044513674,-1.2887234161799017
volatility_of_volatility_60,direction,120,New York,Development,Development,188704,-0.3200013869351428,0.16971143690689838,0.32133851046687995,-0.27578057826541963,-0.17077361796563903,0.19999999999999998,0.014253717371566653,-0.0028550419581503395
volatility_of_volatility_60,direction,120,New York,Validation,Development,72839,-0.97019474045143606,0.37385111448707031,0.20004969190802452,0.19348650917177446,0.19711699568863406,0.099999999999999992,0.11159267858720311,6.1962655302812424
volatility_of_volatility_60,direction,180,New York,Development,Development,188704,-0.42577450158920249,0.37349736726352384,0.25078151697118312,-0.3024235162666899,-0.20898344364909766,0.099999999999999992,0.016949493659885951,-0.69701683764920386
volatility_of_volatility_60,direction,180,New York,Validation,Development,72839,-0.4450939077610388,0.52764204073654475,-0.28618734283861036,0.36744352420770066,0.30140229611679631,0.29999999999999999,0.058904052673564487,3.4045613792911507
volatility_of_volatility_60,expansion,5,New York,Development,Development,188704,2.4958609588343879,2.4928584512113483,2.5416262213280798,2.5209319730105944,2.3568846152305865,0.19999999999999998,-0.10086399174239803,__MLAT_CSV_NULL_V1__
volatility_of_volatility_60,expansion,5,New York,Validation,Development,72839,2.4836659889693369,2.5261316175745065,2.5482151457917683,2.4565807813258882,2.3199842090445855,0.59999999999999998,-0.1315610067318525,__MLAT_CSV_NULL_V1__
volatility_of_volatility_60,expansion,15,New York,Development,Development,188704,4.567358436484052,4.5590527237163219,4.6177783583986987,4.5674699720962755,4.1298914474086175,0.19999999999999998,-0.17166658690166234,__MLAT_CSV_NULL_V1__
volatility_of_volatility_60,expansion,15,New York,Validation,Development,72839,4.5367696464271621,4.6210807116954067,4.5855127466047358,4.4127841571484572,4.0679576903953265,0.69999999999999996,-0.19539703720779492,__MLAT_CSV_NULL_V1__
volatility_of_volatility_60,expansion,30,New York,Development,Development,188704,6.9276525030409193,6.7787405545855961,6.8218850151639518,6.6559537861712892,5.8395883195893195,0.8999999999999998,-0.25486488425992099,__MLAT_CSV_NULL_V1__
volatility_of_volatility_60,expansion,30,New York,Validation,Development,72839,6.8501658630820499,6.8144903789800306,6.7962691936491479,6.3078190422930014,5.7745900171537983,0.99999999999999989,-0.26519904888930179,__MLAT_CSV_NULL_V1__
volatility_of_volatility_60,expansion,60,New York,Development,Development,188704,10.635221679536446,10.195977928789267,10.302863393959546,9.9931409213857734,8.4759933652451362,0.8999999999999998,-0.29969035632313357,__MLAT_CSV_NULL_V1__
volatility_of_volatility_60,expansion,60,New York,Validation,Development,72839,10.764067147337453,10.425062845176427,9.8596907171348231,9.1034260940541589,8.2456752249257068,0.99999999999999989,-0.35002356939220375,__MLAT_CSV_NULL_V1__
volatility_of_volatility_60,expansion,120,New York,Development,Development,188704,15.684882143982493,15.198168029701796,14.963011096637844,14.597582934734389,12.123437275965626,0.99999999999999989,-0.3246599216706223,__MLAT_CSV_NULL_V1__
volatility_of_volatility_60,expansion,120,New York,Validation,Development,72839,16.10771908150387,15.33311919640273,14.428436922373448,13.262596326629849,11.517562512977168,0.99999999999999989,-0.40640503531698202,__MLAT_CSV_NULL_V1__
volatility_of_volatility_60,expansion,180,New York,Development,Development,188704,19.43168068852134,18.503271826940988,17.974265472465603,17.287190001629881,14.17016096876122,0.99999999999999989,-0.38161057256852549,__MLAT_CSV_NULL_V1__
volatility_of_volatility_60,expansion,180,New York,Validation,Development,72839,19.304005410653534,18.888647804447231,17.559709320286988,15.784207265861152,13.371085273858961,0.99999999999999989,-0.44492955272391843,__MLAT_CSV_NULL_V1__
volatility_of_volatility_60,volatility,5,New York,Development,Development,188704,5.9602639905751307,6.1451101361752061,6.4915622813486795,6.8048246008053246,8.2623193626972231,0.99999999999999989,0.48079293156972247,__MLAT_CSV_NULL_V1__
volatility_of_volatility_60,volatility,5,New York,Validation,Development,72839,5.9429654917637436,6.2845854956416662,6.5709482609796881,6.9368976760183783,8.9999261670587281,0.99999999999999989,0.67416079634772752,__MLAT_CSV_NULL_V1__
volatility_of_volatility_60,volatility,15,New York,Development,Development,188704,11.096039002847775,11.367904030596813,11.937718524562525,12.479260568225003,14.664607157716871,0.99999999999999989,0.50178679378211499,__MLAT_CSV_NULL_V1__
volatility_of_volatility_60,volatility,15,New York,Validation,Development,72839,10.977413342316058,11.629505354699889,12.059891147347798,12.586153261735406,15.915617624253908,0.99999999999999989,0.72149244762970033,__MLAT_CSV_NULL_V1__
volatility_of_volatility_60,volatility,30,New York,Development,Development,188704,16.451294150273696,16.649017960325466,17.423597731922445,17.971444844511446,20.540956045110196,0.99999999999999989,0.43928195597394915,__MLAT_CSV_NULL_V1__
volatility_of_volatility_60,volatility,30,New York,Validation,Development,72839,16.261516716489766,16.98203805148243,17.535581254159521,18.026678077829601,22.37185509572554,0.99999999999999989,0.66863544889982574,__MLAT_CSV_NULL_V1__
volatility_of_volatility_60,volatility,60,New York,Development,Development,188704,23.9609483209079,24.245015736029426,25.280990607815255,25.980083243729123,28.950875709361824,0.99999999999999989,0.41969055745757011,__MLAT_CSV_NULL_V1__
volatility_of_volatility_60,volatility,60,New York,Validation,Development,72839,24.294185212211531,24.858399902592847,25.110384368416536,25.839916931502799,31.37023219237976,0.99999999999999989,0.58724455913033857,__MLAT_CSV_NULL_V1__
volatility_of_volatility_60,volatility,120,New York,Development,Development,188704,33.757228550573295,34.239156667540939,35.221438317805536,36.378301878337702,39.820844424122335,0.99999999999999989,0.39718610494227985,__MLAT_CSV_NULL_V1__
volatility_of_volatility_60,volatility,120,New York,Validation,Development,72839,35.27518491395832,35.482872798867248,35.599716457731304,36.354389687320975,42.506637514449721,0.99999999999999989,0.46533025748374196,__MLAT_CSV_NULL_V1__
volatility_of_volatility_60,volatility,180,New York,Development,Development,188704,40.389619616262401,40.755564229743925,41.486376190105538,42.427407386371307,45.655933075567404,0.99999999999999989,0.30155610241187047,__MLAT_CSV_NULL_V1__
volatility_of_volatility_60,volatility,180,New York,Validation,Development,72839,42.195307007886647,42.688644544219962,42.279655107671914,42.597112854836382,48.410676759395329,0.69999999999999996,0.3572346273366972,__MLAT_CSV_NULL_V1__
volatility_of_volatility_60,path_risk,5,New York,Development,Development,188704,2.0004275132384683,1.9948243117727629,2.0454959390580782,2.0243230895630329,1.886811879623298,0.19999999999999998,-0.088562232743501626,__MLAT_CSV_NULL_V1__
volatility_of_volatility_60,path_risk,5,New York,Validation,Development,72839,1.9799508112622379,2.012744736324743,2.033332390639353,1.9609187668440045,1.8493765295261069,0.59999999999999998,-0.1129036739079258,__MLAT_CSV_NULL_V1__
volatility_of_volatility_60,path_risk,15,New York,Development,Development,188704,3.6244790428150147,3.6124450766299656,3.6864347388647789,3.6430259419642486,3.2909721301247128,0.19999999999999998,-0.14457208576088054,__MLAT_CSV_NULL_V1__
volatility_of_volatility_60,path_risk,15,New York,Validation,Development,72839,3.5902159303649723,3.6630152819003894,3.615730532340022,3.5015724933075569,3.2310739692454189,0.69999999999999996,-0.16525902418497754,__MLAT_CSV_NULL_V1__
volatility_of_volatility_60,path_risk,30,New York,Development,Development,188704,5.4845520579655114,5.3642999328565688,5.4338210675136036,5.2995134694222621,4.6337496239641887,0.8999999999999998,-0.22797517927237571,__MLAT_CSV_NULL_V1__
volatility_of_volatility_60,path_risk,30,New York,Validation,Development,72839,5.4011521501793034,5.3934876427781857,5.314953462435998,5.0010857847192636,4.5505773034159027,0.99999999999999989,-0.24061890744661266,__MLAT_CSV_NULL_V1__
volatility_of_volatility_60,path_risk,60,New York,Development,Development,188704,8.4014929266856804,8.0957823669786162,8.2655530061632394,7.9677674865005965,6.6822618010334498,0.8999999999999998,-0.28204752497295132,__MLAT_CSV_NULL_V1__
volatility_of_volatility_60,path_risk,60,New York,Validation,Development,72839,8.4739442602026607,8.1808392873756564,7.6376582203320593,7.1987867990904926,6.4592920491228156,0.99999999999999989,-0.32737231837599623,__MLAT_CSV_NULL_V1__
volatility_of_volatility_60,path_risk,120,New York,Development,Development,188704,12.26773496128248,12.014646914233643,11.981340210335546,11.646577791397442,9.5843252547141748,0.99999999999999989,-0.28755629489094209,__MLAT_CSV_NULL_V1__
volatility_of_volatility_60,path_risk,120,New York,Validation,Development,72839,12.519752925005774,11.909579727562763,11.209023343881247,10.394687867303622,9.0386313879461522,0.99999999999999989,-0.37321572097335109,__MLAT_CSV_NULL_V1__
volatility_of_volatility_60,path_risk,180,New York,Development,Development,188704,15.182269550734498,14.596423812100221,14.353973398496642,13.745166415041822,11.135095934865978,0.99999999999999989,-0.34417273290265776,__MLAT_CSV_NULL_V1__
volatility_of_volatility_60,path_risk,180,New York,Validation,Development,72839,14.937817346974622,14.69691163453154,13.707438709952056,12.333169539833911,10.594451084850325,0.99999999999999989,-0.39135969221384953,__MLAT_CSV_NULL_V1__
