feature_name,target_family,horizon_minutes,entry_session,research_partition,full_mean_daily_ic,thinned_mean_daily_ic,thinned_dates,thinned_observations,sign_agreement
bollinger_zscore_20,direction,5,London,Development,-0.078590642823528054,-0.07175321568075646,632,22750,True
bollinger_zscore_20,direction,5,London,Validation,-0.068101499181971364,-0.060581787384582267,242,8712,True
bollinger_zscore_20,direction,15,London,Development,-0.1102726357267383,-0.096546722978943109,632,7583,True
bollinger_zscore_20,direction,15,London,Validation,-0.11800409741095537,-0.098641117035001558,242,2904,True
bollinger_zscore_20,direction,30,London,Development,-0.15062798215439552,__MLAT_CSV_NULL_V1__,0,0,False
bollinger_zscore_20,direction,30,London,Validation,-0.14990740589588247,__MLAT_CSV_NULL_V1__,0,0,False
bollinger_zscore_20,direction,60,London,Development,-0.19556818419789637,__MLAT_CSV_NULL_V1__,0,0,False
bollinger_zscore_20,direction,60,London,Validation,-0.17914797396748636,__MLAT_CSV_NULL_V1__,0,0,False
bollinger_zscore_20,direction,120,London,Development,-0.22422389314259825,__MLAT_CSV_NULL_V1__,0,0,False
bollinger_zscore_20,direction,120,London,Validation,-0.21705239275401753,__MLAT_CSV_NULL_V1__,0,0,False
bollinger_zscore_20,direction,180,London,Development,-0.20172162361818388,__MLAT_CSV_NULL_V1__,0,0,False
bollinger_zscore_20,direction,180,London,Validation,-0.2044965130661219,__MLAT_CSV_NULL_V1__,0,0,False
bollinger_zscore_20,expansion,5,London,Development,-0.016834345322579509,-0.022795556906861414,632,22750,True
bollinger_zscore_20,expansion,5,London,Validation,-0.027912958374322939,-0.031004389558046783,242,8712,True
bollinger_zscore_20,expansion,15,London,Development,-0.011745466763144526,-0.029352217635047802,632,7583,True
bollinger_zscore_20,expansion,15,London,Validation,-0.022570580760269722,-0.01077847772062648,242,2904,True
bollinger_zscore_20,expansion,30,London,Development,-0.018128490577867258,__MLAT_CSV_NULL_V1__,0,0,False
bollinger_zscore_20,expansion,30,London,Validation,-0.044094582331481884,__MLAT_CSV_NULL_V1__,0,0,False
bollinger_zscore_20,expansion,60,London,Development,-0.02071522871236809,__MLAT_CSV_NULL_V1__,0,0,False
bollinger_zscore_20,expansion,60,London,Validation,-0.060477730764892608,__MLAT_CSV_NULL_V1__,0,0,False
bollinger_zscore_20,expansion,120,London,Development,-0.026423097198398294,__MLAT_CSV_NULL_V1__,0,0,False
bollinger_zscore_20,expansion,120,London,Validation,-0.059841835803494288,__MLAT_CSV_NULL_V1__,0,0,False
bollinger_zscore_20,expansion,180,London,Development,0.0052183422478440907,__MLAT_CSV_NULL_V1__,0,0,False
bollinger_zscore_20,expansion,180,London,Validation,-0.041582760988306371,__MLAT_CSV_NULL_V1__,0,0,False
bollinger_zscore_20,volatility,5,London,Development,-0.018415418204133453,-0.022078605676602605,632,22749,True
bollinger_zscore_20,volatility,5,London,Validation,-0.015760224764004335,-0.021608857972494337,242,8712,True
bollinger_zscore_20,volatility,15,London,Development,-0.023577786681603544,-0.034723820483314155,632,7583,True
bollinger_zscore_20,volatility,15,London,Validation,-0.016110495422720982,0.0079177021325781624,242,2904,False
bollinger_zscore_20,volatility,30,London,Development,-0.032215029618491361,__MLAT_CSV_NULL_V1__,0,0,False
bollinger_zscore_20,volatility,30,London,Validation,-0.028549407194293445,__MLAT_CSV_NULL_V1__,0,0,False
bollinger_zscore_20,volatility,60,London,Development,-0.023299311218895103,__MLAT_CSV_NULL_V1__,0,0,False
bollinger_zscore_20,volatility,60,London,Validation,-0.034396156651103571,__MLAT_CSV_NULL_V1__,0,0,False
bollinger_zscore_20,volatility,120,London,Development,-0.024901634265747374,__MLAT_CSV_NULL_V1__,0,0,False
bollinger_zscore_20,volatility,120,London,Validation,-0.023820776008655356,__MLAT_CSV_NULL_V1__,0,0,False
bollinger_zscore_20,volatility,180,London,Development,0.0044700111969954411,__MLAT_CSV_NULL_V1__,0,0,False
bollinger_zscore_20,volatility,180,London,Validation,-0.0010929974369019407,__MLAT_CSV_NULL_V1__,0,0,False
bollinger_zscore_20,path_risk,5,London,Development,-0.012007787818949518,-0.019141899896918311,632,22750,True
bollinger_zscore_20,path_risk,5,London,Validation,-0.017567182229375283,-0.021011128306497324,242,8712,True
bollinger_zscore_20,path_risk,15,London,Development,-0.0092004015640090135,-0.029247603566725868,632,7583,True
bollinger_zscore_20,path_risk,15,London,Validation,-0.011061960498626277,0.0057367846376558786,242,2904,False
bollinger_zscore_20,path_risk,30,London,Development,-0.013601077779724623,__MLAT_CSV_NULL_V1__,0,0,False
bollinger_zscore_20,path_risk,30,London,Validation,-0.030717098326862407,__MLAT_CSV_NULL_V1__,0,0,False
bollinger_zscore_20,path_risk,60,London,Development,-0.018885641853069995,__MLAT_CSV_NULL_V1__,0,0,False
bollinger_zscore_20,path_risk,60,London,Validation,-0.063288921706509432,__MLAT_CSV_NULL_V1__,0,0,False
bollinger_zscore_20,path_risk,120,London,Development,-0.020620353663429417,__MLAT_CSV_NULL_V1__,0,0,False
bollinger_zscore_20,path_risk,120,London,Validation,-0.05805756220945664,__MLAT_CSV_NULL_V1__,0,0,False
bollinger_zscore_20,path_risk,180,London,Development,0.0042693075482893228,__MLAT_CSV_NULL_V1__,0,0,False
bollinger_zscore_20,path_risk,180,London,Validation,-0.038987722117772204,__MLAT_CSV_NULL_V1__,0,0,False
bollinger_bandwidth_20,direction,5,London,Development,0.00205720488255381,-0.0016733843285756055,632,22750,False
bollinger_bandwidth_20,direction,5,London,Validation,0.013544567163544401,0.017059252710023672,242,8712,True
bollinger_bandwidth_20,direction,15,London,Development,0.012917380463816838,0.0047792969343113476,632,7583,True
bollinger_bandwidth_20,direction,15,London,Validation,0.0073592064560873503,-0.013133484676802124,242,2904,False
bollinger_bandwidth_20,direction,30,London,Development,0.0065123132428850077,__MLAT_CSV_NULL_V1__,0,0,False
bollinger_bandwidth_20,direction,30,London,Validation,-0.0025176928121920209,__MLAT_CSV_NULL_V1__,0,0,False
bollinger_bandwidth_20,direction,60,London,Development,0.0068154664934454781,__MLAT_CSV_NULL_V1__,0,0,False
bollinger_bandwidth_20,direction,60,London,Validation,-0.033176460524288617,__MLAT_CSV_NULL_V1__,0,0,False
bollinger_bandwidth_20,direction,120,London,Development,0.014409050955211979,__MLAT_CSV_NULL_V1__,0,0,False
bollinger_bandwidth_20,direction,120,London,Validation,-0.056151747498217809,__MLAT_CSV_NULL_V1__,0,0,False
bollinger_bandwidth_20,direction,180,London,Development,0.004671044542326609,__MLAT_CSV_NULL_V1__,0,0,False
bollinger_bandwidth_20,direction,180,London,Validation,-0.020315202396109806,__MLAT_CSV_NULL_V1__,0,0,False
bollinger_bandwidth_20,expansion,5,London,Development,-0.13311406733178885,-0.12666365077729372,632,22750,True
bollinger_bandwidth_20,expansion,5,London,Validation,-0.12050526453700827,-0.11598407970351179,242,8712,True
bollinger_bandwidth_20,expansion,15,London,Development,-0.22814927075813776,-0.21932814603613679,632,7583,True
bollinger_bandwidth_20,expansion,15,London,Validation,-0.20811198470018982,-0.21765011847656479,242,2904,True
bollinger_bandwidth_20,expansion,30,London,Development,-0.28820850370276968,__MLAT_CSV_NULL_V1__,0,0,False
bollinger_bandwidth_20,expansion,30,London,Validation,-0.25925950806535536,__MLAT_CSV_NULL_V1__,0,0,False
bollinger_bandwidth_20,expansion,60,London,Development,-0.3564805516965277,__MLAT_CSV_NULL_V1__,0,0,False
bollinger_bandwidth_20,expansion,60,London,Validation,-0.32878815443332321,__MLAT_CSV_NULL_V1__,0,0,False
bollinger_bandwidth_20,expansion,120,London,Development,-0.42614722296701329,__MLAT_CSV_NULL_V1__,0,0,False
bollinger_bandwidth_20,expansion,120,London,Validation,-0.39239324353367927,__MLAT_CSV_NULL_V1__,0,0,False
bollinger_bandwidth_20,expansion,180,London,Development,-0.44701455554049058,__MLAT_CSV_NULL_V1__,0,0,False
bollinger_bandwidth_20,expansion,180,London,Validation,-0.37649555183828654,__MLAT_CSV_NULL_V1__,0,0,False
bollinger_bandwidth_20,volatility,5,London,Development,0.12395186483095404,0.12959018669141578,632,22749,True
bollinger_bandwidth_20,volatility,5,London,Validation,0.10426557417730645,0.10248678430496612,242,8712,True
bollinger_bandwidth_20,volatility,15,London,Development,0.12022014084238655,0.11847503762060725,632,7583,True
bollinger_bandwidth_20,volatility,15,London,Validation,0.10573352233561416,0.12113506328382362,242,2904,True
bollinger_bandwidth_20,volatility,30,London,Development,0.091411644554547644,__MLAT_CSV_NULL_V1__,0,0,False
bollinger_bandwidth_20,volatility,30,London,Validation,0.082891315468368504,__MLAT_CSV_NULL_V1__,0,0,False
bollinger_bandwidth_20,volatility,60,London,Development,0.05018312321950049,__MLAT_CSV_NULL_V1__,0,0,False
bollinger_bandwidth_20,volatility,60,London,Validation,0.032237056147507069,__MLAT_CSV_NULL_V1__,0,0,False
bollinger_bandwidth_20,volatility,120,London,Development,0.0035732106123931686,__MLAT_CSV_NULL_V1__,0,0,False
bollinger_bandwidth_20,volatility,120,London,Validation,-0.032036528447566888,__MLAT_CSV_NULL_V1__,0,0,False
bollinger_bandwidth_20,volatility,180,London,Development,-0.14797530868880471,__MLAT_CSV_NULL_V1__,0,0,False
bollinger_bandwidth_20,volatility,180,London,Validation,-0.11367188571619855,__MLAT_CSV_NULL_V1__,0,0,False
bollinger_bandwidth_20,path_risk,5,London,Development,-0.12116889438901841,-0.11624723912658171,632,22750,True
bollinger_bandwidth_20,path_risk,5,London,Validation,-0.11438777824095403,-0.10803620735432382,242,8712,True
bollinger_bandwidth_20,path_risk,15,London,Development,-0.20168369092095834,-0.19832433816223038,632,7583,True
bollinger_bandwidth_20,path_risk,15,London,Validation,-0.18485095766395393,-0.19785682552576878,242,2904,True
bollinger_bandwidth_20,path_risk,30,London,Development,-0.25306788864808749,__MLAT_CSV_NULL_V1__,0,0,False
bollinger_bandwidth_20,path_risk,30,London,Validation,-0.22358007865829749,__MLAT_CSV_NULL_V1__,0,0,False
bollinger_bandwidth_20,path_risk,60,London,Development,-0.301647341348458,__MLAT_CSV_NULL_V1__,0,0,False
bollinger_bandwidth_20,path_risk,60,London,Validation,-0.29417941009135218,__MLAT_CSV_NULL_V1__,0,0,False
bollinger_bandwidth_20,path_risk,120,London,Development,-0.35433888218653842,__MLAT_CSV_NULL_V1__,0,0,False
bollinger_bandwidth_20,path_risk,120,London,Validation,-0.31647756249454856,__MLAT_CSV_NULL_V1__,0,0,False
bollinger_bandwidth_20,path_risk,180,London,Development,-0.38644480018625349,__MLAT_CSV_NULL_V1__,0,0,False
bollinger_bandwidth_20,path_risk,180,London,Validation,-0.30620958476116822,__MLAT_CSV_NULL_V1__,0,0,False
cutler_rsi_14,direction,5,London,Development,-0.075995904741871331,-0.071518429135897746,632,22751,True
cutler_rsi_14,direction,5,London,Validation,-0.067857378929517764,-0.06176777915291904,242,8712,True
cutler_rsi_14,direction,15,London,Development,-0.10886938657591597,-0.095766048846846238,632,7583,True
cutler_rsi_14,direction,15,London,Validation,-0.11896107289469086,-0.096003964510720047,242,2904,True
cutler_rsi_14,direction,30,London,Development,-0.14983215576427264,__MLAT_CSV_NULL_V1__,0,0,False
cutler_rsi_14,direction,30,London,Validation,-0.14654745903613187,__MLAT_CSV_NULL_V1__,0,0,False
cutler_rsi_14,direction,60,London,Development,-0.19622212336576675,__MLAT_CSV_NULL_V1__,0,0,False
cutler_rsi_14,direction,60,London,Validation,-0.17538015099970319,__MLAT_CSV_NULL_V1__,0,0,False
cutler_rsi_14,direction,120,London,Development,-0.2266817508316972,__MLAT_CSV_NULL_V1__,0,0,False
cutler_rsi_14,direction,120,London,Validation,-0.21516447908142575,__MLAT_CSV_NULL_V1__,0,0,False
cutler_rsi_14,direction,180,London,Development,-0.2027204812706718,__MLAT_CSV_NULL_V1__,0,0,False
cutler_rsi_14,direction,180,London,Validation,-0.20549184067503889,__MLAT_CSV_NULL_V1__,0,0,False
cutler_rsi_14,expansion,5,London,Development,-0.013964446499303831,-0.017452877239440605,632,22751,True
cutler_rsi_14,expansion,5,London,Validation,-0.026525263094417276,-0.033153687209888573,242,8712,True
cutler_rsi_14,expansion,15,London,Development,-0.005330727342838998,-0.02744547712244982,632,7583,True
cutler_rsi_14,expansion,15,London,Validation,-0.023842762371316266,-0.026348202646860809,242,2904,True
cutler_rsi_14,expansion,30,London,Development,-0.011378782445465597,__MLAT_CSV_NULL_V1__,0,0,False
cutler_rsi_14,expansion,30,London,Validation,-0.043381002830794532,__MLAT_CSV_NULL_V1__,0,0,False
cutler_rsi_14,expansion,60,London,Development,-0.014865467717053219,__MLAT_CSV_NULL_V1__,0,0,False
cutler_rsi_14,expansion,60,London,Validation,-0.059757832563910949,__MLAT_CSV_NULL_V1__,0,0,False
cutler_rsi_14,expansion,120,London,Development,-0.02287960508816813,__MLAT_CSV_NULL_V1__,0,0,False
cutler_rsi_14,expansion,120,London,Validation,-0.060538961111029743,__MLAT_CSV_NULL_V1__,0,0,False
cutler_rsi_14,expansion,180,London,Development,0.0089313396524060337,__MLAT_CSV_NULL_V1__,0,0,False
cutler_rsi_14,expansion,180,London,Validation,-0.043158945459588247,__MLAT_CSV_NULL_V1__,0,0,False
cutler_rsi_14,volatility,5,London,Development,-0.019158400270032259,-0.02238769869023961,632,22750,True
cutler_rsi_14,volatility,5,London,Validation,-0.016451341901541603,-0.027082930894926922,242,8712,True
cutler_rsi_14,volatility,15,London,Development,-0.02277214699769764,-0.04198696703324048,632,7583,True
cutler_rsi_14,volatility,15,London,Validation,-0.015040330464982314,-0.023542595218986894,242,2904,True
cutler_rsi_14,volatility,30,London,Development,-0.030574666774370651,__MLAT_CSV_NULL_V1__,0,0,False
cutler_rsi_14,volatility,30,London,Validation,-0.032487637258710761,__MLAT_CSV_NULL_V1__,0,0,False
cutler_rsi_14,volatility,60,London,Development,-0.02119793142358278,__MLAT_CSV_NULL_V1__,0,0,False
cutler_rsi_14,volatility,60,London,Validation,-0.039130363519086872,__MLAT_CSV_NULL_V1__,0,0,False
cutler_rsi_14,volatility,120,London,Development,-0.024384728339947519,__MLAT_CSV_NULL_V1__,0,0,False
cutler_rsi_14,volatility,120,London,Validation,-0.028981114524813084,__MLAT_CSV_NULL_V1__,0,0,False
cutler_rsi_14,volatility,180,London,Development,0.0051422203948910897,__MLAT_CSV_NULL_V1__,0,0,False
cutler_rsi_14,volatility,180,London,Validation,-0.0054693098614472194,__MLAT_CSV_NULL_V1__,0,0,False
cutler_rsi_14,path_risk,5,London,Development,-0.011286254267687304,-0.014433099472196044,632,22751,True
cutler_rsi_14,path_risk,5,London,Validation,-0.014409624492304622,-0.022063564634942332,242,8712,True
cutler_rsi_14,path_risk,15,London,Development,-0.0047855621789800037,-0.027767991048600747,632,7583,True
cutler_rsi_14,path_risk,15,London,Validation,-0.012656929855360656,-0.0037826478914087061,242,2904,True
cutler_rsi_14,path_risk,30,London,Development,-0.0090248141556175804,__MLAT_CSV_NULL_V1__,0,0,False
cutler_rsi_14,path_risk,30,London,Validation,-0.031315970225916027,__MLAT_CSV_NULL_V1__,0,0,False
cutler_rsi_14,path_risk,60,London,Development,-0.013202989119126369,__MLAT_CSV_NULL_V1__,0,0,False
cutler_rsi_14,path_risk,60,London,Validation,-0.061665119760369654,__MLAT_CSV_NULL_V1__,0,0,False
cutler_rsi_14,path_risk,120,London,Development,-0.015268100058283938,__MLAT_CSV_NULL_V1__,0,0,False
cutler_rsi_14,path_risk,120,London,Validation,-0.058759153655252375,__MLAT_CSV_NULL_V1__,0,0,False
cutler_rsi_14,path_risk,180,London,Development,0.0068136674530774989,__MLAT_CSV_NULL_V1__,0,0,False
cutler_rsi_14,path_risk,180,London,Validation,-0.039829140956072352,__MLAT_CSV_NULL_V1__,0,0,False
chaikin_money_flow_20,direction,5,London,Development,-0.055395703379909546,-0.052345573675528112,632,22750,True
chaikin_money_flow_20,direction,5,London,Validation,-0.047976508781872214,-0.045567069897968708,242,8712,True
chaikin_money_flow_20,direction,15,London,Development,-0.06994380610562656,-0.057130548987147145,632,7583,True
chaikin_money_flow_20,direction,15,London,Validation,-0.077530485900633522,-0.065707248181565772,242,2904,True
chaikin_money_flow_20,direction,30,London,Development,-0.088830188247663769,__MLAT_CSV_NULL_V1__,0,0,False
chaikin_money_flow_20,direction,30,London,Validation,-0.086784053673452696,__MLAT_CSV_NULL_V1__,0,0,False
chaikin_money_flow_20,direction,60,London,Development,-0.11281175837569751,__MLAT_CSV_NULL_V1__,0,0,False
chaikin_money_flow_20,direction,60,London,Validation,-0.098018874016871205,__MLAT_CSV_NULL_V1__,0,0,False
chaikin_money_flow_20,direction,120,London,Development,-0.13106839812184048,__MLAT_CSV_NULL_V1__,0,0,False
chaikin_money_flow_20,direction,120,London,Validation,-0.13381682107411577,__MLAT_CSV_NULL_V1__,0,0,False
chaikin_money_flow_20,direction,180,London,Development,-0.11696638743788054,__MLAT_CSV_NULL_V1__,0,0,False
chaikin_money_flow_20,direction,180,London,Validation,-0.12019382896202445,__MLAT_CSV_NULL_V1__,0,0,False
chaikin_money_flow_20,expansion,5,London,Development,0.0020813471912012396,0.00071959307000765802,632,22750,True
chaikin_money_flow_20,expansion,5,London,Validation,-0.0051810704329843266,-0.01233551258278289,242,8712,True
chaikin_money_flow_20,expansion,15,London,Development,0.009174092605145177,0.010441640560039642,632,7583,True
chaikin_money_flow_20,expansion,15,London,Validation,-0.022194789448637269,-0.0094492284574929208,242,2904,True
chaikin_money_flow_20,expansion,30,London,Development,0.00033765234994323647,__MLAT_CSV_NULL_V1__,0,0,False
chaikin_money_flow_20,expansion,30,London,Validation,-0.033283305929988564,__MLAT_CSV_NULL_V1__,0,0,False
chaikin_money_flow_20,expansion,60,London,Development,-0.0030003489562992684,__MLAT_CSV_NULL_V1__,0,0,False
chaikin_money_flow_20,expansion,60,London,Validation,-0.048449064310150565,__MLAT_CSV_NULL_V1__,0,0,False
chaikin_money_flow_20,expansion,120,London,Development,-0.0093780473525825053,__MLAT_CSV_NULL_V1__,0,0,False
chaikin_money_flow_20,expansion,120,London,Validation,-0.050370667828325048,__MLAT_CSV_NULL_V1__,0,0,False
chaikin_money_flow_20,expansion,180,London,Development,-0.0020383093477442044,__MLAT_CSV_NULL_V1__,0,0,False
chaikin_money_flow_20,expansion,180,London,Validation,-0.020881253352983773,__MLAT_CSV_NULL_V1__,0,0,False
chaikin_money_flow_20,volatility,5,London,Development,0.0017192904685836815,-0.0042203235765291081,632,22749,False
chaikin_money_flow_20,volatility,5,London,Validation,0.0084335090949832926,0.0023921205739387548,242,8712,True
chaikin_money_flow_20,volatility,15,London,Development,0.0069572247529888784,-0.010680932991059572,632,7583,False
chaikin_money_flow_20,volatility,15,London,Validation,0.0074033673924724739,0.026671675432006013,242,2904,True
chaikin_money_flow_20,volatility,30,London,Development,0.00573057752718663,__MLAT_CSV_NULL_V1__,0,0,False
chaikin_money_flow_20,volatility,30,London,Validation,0.0013057695640847666,__MLAT_CSV_NULL_V1__,0,0,False
chaikin_money_flow_20,volatility,60,London,Development,0.0045922568087994262,__MLAT_CSV_NULL_V1__,0,0,False
chaikin_money_flow_20,volatility,60,London,Validation,-0.01565755776744563,__MLAT_CSV_NULL_V1__,0,0,False
chaikin_money_flow_20,volatility,120,London,Development,0.0013937321149162108,__MLAT_CSV_NULL_V1__,0,0,False
chaikin_money_flow_20,volatility,120,London,Validation,-0.012401807304407106,__MLAT_CSV_NULL_V1__,0,0,False
chaikin_money_flow_20,volatility,180,London,Development,0.0082984237850098376,__MLAT_CSV_NULL_V1__,0,0,False
chaikin_money_flow_20,volatility,180,London,Validation,0.022624436433576506,__MLAT_CSV_NULL_V1__,0,0,False
chaikin_money_flow_20,path_risk,5,London,Development,0.0025230070364784928,0.0008790633396351835,632,22750,True
chaikin_money_flow_20,path_risk,5,London,Validation,0.00031525806893646202,-0.0055203772287731904,242,8712,False
chaikin_money_flow_20,path_risk,15,London,Development,0.0085878239485523353,0.0099795570182299505,632,7583,True
chaikin_money_flow_20,path_risk,15,London,Validation,-0.018431675439534254,-0.0057474594540338026,242,2904,True
chaikin_money_flow_20,path_risk,30,London,Development,-0.00057886629264601022,__MLAT_CSV_NULL_V1__,0,0,False
chaikin_money_flow_20,path_risk,30,London,Validation,-0.025603622680871557,__MLAT_CSV_NULL_V1__,0,0,False
chaikin_money_flow_20,path_risk,60,London,Development,-0.0067158035705058346,__MLAT_CSV_NULL_V1__,0,0,False
chaikin_money_flow_20,path_risk,60,London,Validation,-0.053618694489667044,__MLAT_CSV_NULL_V1__,0,0,False
chaikin_money_flow_20,path_risk,120,London,Development,-0.0051698471017961305,__MLAT_CSV_NULL_V1__,0,0,False
chaikin_money_flow_20,path_risk,120,London,Validation,-0.042948620674163371,__MLAT_CSV_NULL_V1__,0,0,False
chaikin_money_flow_20,path_risk,180,London,Development,0.00083229669144044228,__MLAT_CSV_NULL_V1__,0,0,False
chaikin_money_flow_20,path_risk,180,London,Validation,-0.018217699528126807,__MLAT_CSV_NULL_V1__,0,0,False
amihud_illiquidity_60,direction,5,London,Development,0.0078741133032356608,0.0089513285321464377,632,22741,True
amihud_illiquidity_60,direction,5,London,Validation,0.0027759811809899039,0.0039634207209038527,242,8712,True
amihud_illiquidity_60,direction,15,London,Development,0.0038570747123293212,0.0035180896550726574,631,7572,True
amihud_illiquidity_60,direction,15,London,Validation,0.0088653262472446429,0.0037329957007745194,242,2904,True
amihud_illiquidity_60,direction,30,London,Development,0.0086091639822305482,__MLAT_CSV_NULL_V1__,0,0,False
amihud_illiquidity_60,direction,30,London,Validation,0.012183434147747734,__MLAT_CSV_NULL_V1__,0,0,False
amihud_illiquidity_60,direction,60,London,Development,0.011280146971536915,__MLAT_CSV_NULL_V1__,0,0,False
amihud_illiquidity_60,direction,60,London,Validation,0.031708337691711337,__MLAT_CSV_NULL_V1__,0,0,False
amihud_illiquidity_60,direction,120,London,Development,-0.011691257787912466,__MLAT_CSV_NULL_V1__,0,0,False
amihud_illiquidity_60,direction,120,London,Validation,0.034937379301687721,__MLAT_CSV_NULL_V1__,0,0,False
amihud_illiquidity_60,direction,180,London,Development,0.00027898091151712731,__MLAT_CSV_NULL_V1__,0,0,False
amihud_illiquidity_60,direction,180,London,Validation,-0.0027337121040839018,__MLAT_CSV_NULL_V1__,0,0,False
amihud_illiquidity_60,expansion,5,London,Development,0.046205004040047494,0.048908430898750466,632,22741,True
amihud_illiquidity_60,expansion,5,London,Validation,0.069512199463835786,0.066481051597603022,242,8712,True
amihud_illiquidity_60,expansion,15,London,Development,0.094299335193622338,0.091985581432832059,631,7572,True
amihud_illiquidity_60,expansion,15,London,Validation,0.12049574660166476,0.12494943073455471,242,2904,True
amihud_illiquidity_60,expansion,30,London,Development,0.13964692001433612,__MLAT_CSV_NULL_V1__,0,0,False
amihud_illiquidity_60,expansion,30,London,Validation,0.17369918374856508,__MLAT_CSV_NULL_V1__,0,0,False
amihud_illiquidity_60,expansion,60,London,Development,0.18860312028272275,__MLAT_CSV_NULL_V1__,0,0,False
amihud_illiquidity_60,expansion,60,London,Validation,0.22701466153673941,__MLAT_CSV_NULL_V1__,0,0,False
amihud_illiquidity_60,expansion,120,London,Development,0.22194705485953509,__MLAT_CSV_NULL_V1__,0,0,False
amihud_illiquidity_60,expansion,120,London,Validation,0.25136959256044134,__MLAT_CSV_NULL_V1__,0,0,False
amihud_illiquidity_60,expansion,180,London,Development,0.23145837280137893,__MLAT_CSV_NULL_V1__,0,0,False
amihud_illiquidity_60,expansion,180,London,Validation,0.26429367830448897,__MLAT_CSV_NULL_V1__,0,0,False
amihud_illiquidity_60,volatility,5,London,Development,-0.097574666330018586,-0.093827078769689695,632,22741,True
amihud_illiquidity_60,volatility,5,London,Validation,-0.09015127342371948,-0.086733250369614004,242,8712,True
amihud_illiquidity_60,volatility,15,London,Development,-0.10870181786041178,-0.092637948422417529,631,7572,True
amihud_illiquidity_60,volatility,15,London,Validation,-0.09636566642279519,-0.091747095879327306,242,2904,True
amihud_illiquidity_60,volatility,30,London,Development,-0.099697251755807154,__MLAT_CSV_NULL_V1__,0,0,False
amihud_illiquidity_60,volatility,30,London,Validation,-0.067598940401417659,__MLAT_CSV_NULL_V1__,0,0,False
amihud_illiquidity_60,volatility,60,London,Development,-0.084212414414999964,__MLAT_CSV_NULL_V1__,0,0,False
amihud_illiquidity_60,volatility,60,London,Validation,-0.014445848512554343,__MLAT_CSV_NULL_V1__,0,0,False
amihud_illiquidity_60,volatility,120,London,Development,-0.01779559258864372,__MLAT_CSV_NULL_V1__,0,0,False
amihud_illiquidity_60,volatility,120,London,Validation,0.038881461190469466,__MLAT_CSV_NULL_V1__,0,0,False
amihud_illiquidity_60,volatility,180,London,Development,0.10322176382688725,__MLAT_CSV_NULL_V1__,0,0,False
amihud_illiquidity_60,volatility,180,London,Validation,0.15528323489747978,__MLAT_CSV_NULL_V1__,0,0,False
amihud_illiquidity_60,path_risk,5,London,Development,0.039095814868967523,0.04503495962499638,632,22741,True
amihud_illiquidity_60,path_risk,5,London,Validation,0.058873982421963844,0.060926264756925898,242,8712,True
amihud_illiquidity_60,path_risk,15,London,Development,0.089651344537473296,0.096267897465101573,631,7572,True
amihud_illiquidity_60,path_risk,15,London,Validation,0.10875908782663789,0.11913733986652573,242,2904,True
amihud_illiquidity_60,path_risk,30,London,Development,0.12979765374344687,__MLAT_CSV_NULL_V1__,0,0,False
amihud_illiquidity_60,path_risk,30,London,Validation,0.163505129213145,__MLAT_CSV_NULL_V1__,0,0,False
amihud_illiquidity_60,path_risk,60,London,Development,0.175242068440988,__MLAT_CSV_NULL_V1__,0,0,False
amihud_illiquidity_60,path_risk,60,London,Validation,0.20972107690854308,__MLAT_CSV_NULL_V1__,0,0,False
amihud_illiquidity_60,path_risk,120,London,Development,0.20801619339617,__MLAT_CSV_NULL_V1__,0,0,False
amihud_illiquidity_60,path_risk,120,London,Validation,0.23168945443595321,__MLAT_CSV_NULL_V1__,0,0,False
amihud_illiquidity_60,path_risk,180,London,Development,0.21727122012030414,__MLAT_CSV_NULL_V1__,0,0,False
amihud_illiquidity_60,path_risk,180,London,Validation,0.23185089688353575,__MLAT_CSV_NULL_V1__,0,0,False
parkinson_volatility_30,direction,5,London,Development,0.00016803158253541299,-0.0016507216804637268,632,22748,False
parkinson_volatility_30,direction,5,London,Validation,0.0091763769030906873,0.010622161270330929,242,8712,True
parkinson_volatility_30,direction,15,London,Development,0.011567308216094422,0.0031516415810866729,632,7582,True
parkinson_volatility_30,direction,15,London,Validation,0.0073694049324645218,0.0038858241585066275,242,2904,True
parkinson_volatility_30,direction,30,London,Development,0.0056141175562012102,__MLAT_CSV_NULL_V1__,0,0,False
parkinson_volatility_30,direction,30,London,Validation,-0.010371637562460777,__MLAT_CSV_NULL_V1__,0,0,False
parkinson_volatility_30,direction,60,London,Development,0.010612779172280326,__MLAT_CSV_NULL_V1__,0,0,False
parkinson_volatility_30,direction,60,London,Validation,-0.015444712236698997,__MLAT_CSV_NULL_V1__,0,0,False
parkinson_volatility_30,direction,120,London,Development,0.01009463892847968,__MLAT_CSV_NULL_V1__,0,0,False
parkinson_volatility_30,direction,120,London,Validation,-0.014651751664873232,__MLAT_CSV_NULL_V1__,0,0,False
parkinson_volatility_30,direction,180,London,Development,0.01093861902559407,__MLAT_CSV_NULL_V1__,0,0,False
parkinson_volatility_30,direction,180,London,Validation,0.012029582757710443,__MLAT_CSV_NULL_V1__,0,0,False
parkinson_volatility_30,expansion,5,London,Development,-0.25447188448699026,-0.25422355648568429,632,22748,True
parkinson_volatility_30,expansion,5,London,Validation,-0.27817961139232539,-0.26550861841659307,242,8712,True
parkinson_volatility_30,expansion,15,London,Development,-0.33035208308459957,-0.31990559885541225,632,7582,True
parkinson_volatility_30,expansion,15,London,Validation,-0.34227499699572261,-0.32901808934866789,242,2904,True
parkinson_volatility_30,expansion,30,London,Development,-0.39168446178152672,__MLAT_CSV_NULL_V1__,0,0,False
parkinson_volatility_30,expansion,30,London,Validation,-0.3981108437503077,__MLAT_CSV_NULL_V1__,0,0,False
parkinson_volatility_30,expansion,60,London,Development,-0.46522261401718745,__MLAT_CSV_NULL_V1__,0,0,False
parkinson_volatility_30,expansion,60,London,Validation,-0.48391116871741302,__MLAT_CSV_NULL_V1__,0,0,False
parkinson_volatility_30,expansion,120,London,Development,-0.58303256223205036,__MLAT_CSV_NULL_V1__,0,0,False
parkinson_volatility_30,expansion,120,London,Validation,-0.57221652964921776,__MLAT_CSV_NULL_V1__,0,0,False
parkinson_volatility_30,expansion,180,London,Development,-0.65386287260958598,__MLAT_CSV_NULL_V1__,0,0,False
parkinson_volatility_30,expansion,180,London,Validation,-0.63256989524466833,__MLAT_CSV_NULL_V1__,0,0,False
parkinson_volatility_30,volatility,5,London,Development,0.12873975728506501,0.12726089504505286,632,22747,True
parkinson_volatility_30,volatility,5,London,Validation,0.082656140270619571,0.086358301166241547,242,8712,True
parkinson_volatility_30,volatility,15,London,Development,0.13869708802820757,0.12571331621964535,632,7582,True
parkinson_volatility_30,volatility,15,London,Validation,0.083261422366396151,0.10200543258394498,242,2904,True
parkinson_volatility_30,volatility,30,London,Development,0.11908429272727339,__MLAT_CSV_NULL_V1__,0,0,False
parkinson_volatility_30,volatility,30,London,Validation,0.050475881065169662,__MLAT_CSV_NULL_V1__,0,0,False
parkinson_volatility_30,volatility,60,London,Development,0.095705983326890301,__MLAT_CSV_NULL_V1__,0,0,False
parkinson_volatility_30,volatility,60,London,Validation,-0.010625622248218941,__MLAT_CSV_NULL_V1__,0,0,False
parkinson_volatility_30,volatility,120,London,Development,-0.0025877457575638392,__MLAT_CSV_NULL_V1__,0,0,False
parkinson_volatility_30,volatility,120,London,Validation,-0.10854012341417205,__MLAT_CSV_NULL_V1__,0,0,False
parkinson_volatility_30,volatility,180,London,Development,-0.28086261842557453,__MLAT_CSV_NULL_V1__,0,0,False
parkinson_volatility_30,volatility,180,London,Validation,-0.29970040580597518,__MLAT_CSV_NULL_V1__,0,0,False
parkinson_volatility_30,path_risk,5,London,Development,-0.21828453532907172,-0.22247439417577428,632,22748,True
parkinson_volatility_30,path_risk,5,London,Validation,-0.23888642289596376,-0.22943021712756351,242,8712,True
parkinson_volatility_30,path_risk,15,London,Development,-0.28000705165187673,-0.28081718668468725,632,7582,True
parkinson_volatility_30,path_risk,15,London,Validation,-0.28389294854237379,-0.2887954209773288,242,2904,True
parkinson_volatility_30,path_risk,30,London,Development,-0.32613044521162782,__MLAT_CSV_NULL_V1__,0,0,False
parkinson_volatility_30,path_risk,30,London,Validation,-0.33212974016461716,__MLAT_CSV_NULL_V1__,0,0,False
parkinson_volatility_30,path_risk,60,London,Development,-0.38260886626535545,__MLAT_CSV_NULL_V1__,0,0,False
parkinson_volatility_30,path_risk,60,London,Validation,-0.39597972105290169,__MLAT_CSV_NULL_V1__,0,0,False
parkinson_volatility_30,path_risk,120,London,Development,-0.47964716971142762,__MLAT_CSV_NULL_V1__,0,0,False
parkinson_volatility_30,path_risk,120,London,Validation,-0.47088921201964112,__MLAT_CSV_NULL_V1__,0,0,False
parkinson_volatility_30,path_risk,180,London,Development,-0.55481489822777119,__MLAT_CSV_NULL_V1__,0,0,False
parkinson_volatility_30,path_risk,180,London,Validation,-0.52643581094035297,__MLAT_CSV_NULL_V1__,0,0,False
rogers_satchell_volatility_30,direction,5,London,Development,0.0020698666498687322,0.0002654286413025259,632,22748,True
rogers_satchell_volatility_30,direction,5,London,Validation,0.016249019545354994,0.016493224120290188,242,8712,True
rogers_satchell_volatility_30,direction,15,London,Development,0.013304359550226283,0.0064438924727745102,632,7582,True
rogers_satchell_volatility_30,direction,15,London,Validation,0.014899709124611587,0.015948813138238316,242,2904,True
rogers_satchell_volatility_30,direction,30,London,Development,0.010643662001190731,__MLAT_CSV_NULL_V1__,0,0,False
rogers_satchell_volatility_30,direction,30,London,Validation,-0.0014663498947564435,__MLAT_CSV_NULL_V1__,0,0,False
rogers_satchell_volatility_30,direction,60,London,Development,0.018493527958117803,__MLAT_CSV_NULL_V1__,0,0,False
rogers_satchell_volatility_30,direction,60,London,Validation,-0.0061927747153283667,__MLAT_CSV_NULL_V1__,0,0,False
rogers_satchell_volatility_30,direction,120,London,Development,0.018658107651201648,__MLAT_CSV_NULL_V1__,0,0,False
rogers_satchell_volatility_30,direction,120,London,Validation,0.0081819682879457605,__MLAT_CSV_NULL_V1__,0,0,False
rogers_satchell_volatility_30,direction,180,London,Development,0.027672285287511905,__MLAT_CSV_NULL_V1__,0,0,False
rogers_satchell_volatility_30,direction,180,London,Validation,0.016970874376472784,__MLAT_CSV_NULL_V1__,0,0,False
rogers_satchell_volatility_30,expansion,5,London,Development,-0.22679136943723069,-0.22808317410209639,632,22748,True
rogers_satchell_volatility_30,expansion,5,London,Validation,-0.24665838105898089,-0.23572386856525807,242,8712,True
rogers_satchell_volatility_30,expansion,15,London,Development,-0.29556099727932011,-0.29029284278837914,632,7582,True
rogers_satchell_volatility_30,expansion,15,London,Validation,-0.30477463242492991,-0.29939894815927881,242,2904,True
rogers_satchell_volatility_30,expansion,30,London,Development,-0.35217387715050502,__MLAT_CSV_NULL_V1__,0,0,False
rogers_satchell_volatility_30,expansion,30,London,Validation,-0.35767385493704618,__MLAT_CSV_NULL_V1__,0,0,False
rogers_satchell_volatility_30,expansion,60,London,Development,-0.42229925151901054,__MLAT_CSV_NULL_V1__,0,0,False
rogers_satchell_volatility_30,expansion,60,London,Validation,-0.44733516051824818,__MLAT_CSV_NULL_V1__,0,0,False
rogers_satchell_volatility_30,expansion,120,London,Development,-0.53878120587598632,__MLAT_CSV_NULL_V1__,0,0,False
rogers_satchell_volatility_30,expansion,120,London,Validation,-0.54591535092891819,__MLAT_CSV_NULL_V1__,0,0,False
rogers_satchell_volatility_30,expansion,180,London,Development,-0.60400808292058739,__MLAT_CSV_NULL_V1__,0,0,False
rogers_satchell_volatility_30,expansion,180,London,Validation,-0.61076854182067397,__MLAT_CSV_NULL_V1__,0,0,False
rogers_satchell_volatility_30,volatility,5,London,Development,0.14882979749775641,0.14591198403425579,632,22747,True
rogers_satchell_volatility_30,volatility,5,London,Validation,0.10608629071353098,0.10927066381611836,242,8712,True
rogers_satchell_volatility_30,volatility,15,London,Development,0.16736884019044435,0.14837641261691897,632,7582,True
rogers_satchell_volatility_30,volatility,15,London,Validation,0.11432803369875874,0.12078830260648443,242,2904,True
rogers_satchell_volatility_30,volatility,30,London,Development,0.15509916850080216,__MLAT_CSV_NULL_V1__,0,0,False
rogers_satchell_volatility_30,volatility,30,London,Validation,0.088391838558378122,__MLAT_CSV_NULL_V1__,0,0,False
rogers_satchell_volatility_30,volatility,60,London,Development,0.14453210826462318,__MLAT_CSV_NULL_V1__,0,0,False
rogers_satchell_volatility_30,volatility,60,London,Validation,0.042148402861358021,__MLAT_CSV_NULL_V1__,0,0,False
rogers_satchell_volatility_30,volatility,120,London,Development,0.0453471602893726,__MLAT_CSV_NULL_V1__,0,0,False
rogers_satchell_volatility_30,volatility,120,London,Validation,-0.046360828481033706,__MLAT_CSV_NULL_V1__,0,0,False
rogers_satchell_volatility_30,volatility,180,London,Development,-0.21551518750408694,__MLAT_CSV_NULL_V1__,0,0,False
rogers_satchell_volatility_30,volatility,180,London,Validation,-0.25787698638072309,__MLAT_CSV_NULL_V1__,0,0,False
rogers_satchell_volatility_30,path_risk,5,London,Development,-0.1920527648189907,-0.20036364701671866,632,22748,True
rogers_satchell_volatility_30,path_risk,5,London,Validation,-0.20702781157896774,-0.19747363210491539,242,8712,True
rogers_satchell_volatility_30,path_risk,15,London,Development,-0.2495054204686814,-0.25719343430200198,632,7582,True
rogers_satchell_volatility_30,path_risk,15,London,Validation,-0.25189363525881242,-0.2584249649870381,242,2904,True
rogers_satchell_volatility_30,path_risk,30,London,Development,-0.29424852998985507,__MLAT_CSV_NULL_V1__,0,0,False
rogers_satchell_volatility_30,path_risk,30,London,Validation,-0.30158993889081304,__MLAT_CSV_NULL_V1__,0,0,False
rogers_satchell_volatility_30,path_risk,60,London,Development,-0.34774092331457074,__MLAT_CSV_NULL_V1__,0,0,False
rogers_satchell_volatility_30,path_risk,60,London,Validation,-0.3682703370907266,__MLAT_CSV_NULL_V1__,0,0,False
rogers_satchell_volatility_30,path_risk,120,London,Development,-0.44313349183022399,__MLAT_CSV_NULL_V1__,0,0,False
rogers_satchell_volatility_30,path_risk,120,London,Validation,-0.45280882904422853,__MLAT_CSV_NULL_V1__,0,0,False
rogers_satchell_volatility_30,path_risk,180,London,Development,-0.51367765906024621,__MLAT_CSV_NULL_V1__,0,0,False
rogers_satchell_volatility_30,path_risk,180,London,Validation,-0.51709632563865682,__MLAT_CSV_NULL_V1__,0,0,False
realized_semivariance_balance_60,direction,5,London,Development,-0.13631347386322298,-0.1310930657263838,632,22741,True
realized_semivariance_balance_60,direction,5,London,Validation,-0.12146761336084656,-0.11238876096087252,242,8712,True
realized_semivariance_balance_60,direction,15,London,Development,-0.19901813044118927,-0.18143951405954101,631,7572,True
realized_semivariance_balance_60,direction,15,London,Validation,-0.1735856827566592,-0.15833071760589557,242,2904,True
realized_semivariance_balance_60,direction,30,London,Development,-0.24419637772299563,__MLAT_CSV_NULL_V1__,0,0,False
realized_semivariance_balance_60,direction,30,London,Validation,-0.21633573092967215,__MLAT_CSV_NULL_V1__,0,0,False
realized_semivariance_balance_60,direction,60,London,Development,-0.2951980377425758,__MLAT_CSV_NULL_V1__,0,0,False
realized_semivariance_balance_60,direction,60,London,Validation,-0.28746245205484261,__MLAT_CSV_NULL_V1__,0,0,False
realized_semivariance_balance_60,direction,120,London,Development,-0.31520480959613484,__MLAT_CSV_NULL_V1__,0,0,False
realized_semivariance_balance_60,direction,120,London,Validation,-0.33232838771172762,__MLAT_CSV_NULL_V1__,0,0,False
realized_semivariance_balance_60,direction,180,London,Development,-0.29658525551326598,__MLAT_CSV_NULL_V1__,0,0,False
realized_semivariance_balance_60,direction,180,London,Validation,-0.2938047830095028,__MLAT_CSV_NULL_V1__,0,0,False
realized_semivariance_balance_60,expansion,5,London,Development,-0.010367051793199732,-0.0077306533552016681,632,22741,True
realized_semivariance_balance_60,expansion,5,London,Validation,-0.023851826878167458,-0.021640721263030051,242,8712,True
realized_semivariance_balance_60,expansion,15,London,Development,-0.0069851949754277179,-0.017102155427302996,631,7572,True
realized_semivariance_balance_60,expansion,15,London,Validation,-0.03655366751385989,-0.017077963358955096,242,2904,True
realized_semivariance_balance_60,expansion,30,London,Development,-0.0063838741738905299,__MLAT_CSV_NULL_V1__,0,0,False
realized_semivariance_balance_60,expansion,30,London,Validation,-0.037142533063406542,__MLAT_CSV_NULL_V1__,0,0,False
realized_semivariance_balance_60,expansion,60,London,Development,-0.0087475819501787871,__MLAT_CSV_NULL_V1__,0,0,False
realized_semivariance_balance_60,expansion,60,London,Validation,-0.04271647134934671,__MLAT_CSV_NULL_V1__,0,0,False
realized_semivariance_balance_60,expansion,120,London,Development,-0.0063424990121343609,__MLAT_CSV_NULL_V1__,0,0,False
realized_semivariance_balance_60,expansion,120,London,Validation,-0.012700822335053737,__MLAT_CSV_NULL_V1__,0,0,False
realized_semivariance_balance_60,expansion,180,London,Development,0.034426757955080052,__MLAT_CSV_NULL_V1__,0,0,False
realized_semivariance_balance_60,expansion,180,London,Validation,0.0067954949561597781,__MLAT_CSV_NULL_V1__,0,0,False
realized_semivariance_balance_60,volatility,5,London,Development,-0.023474691677233102,-0.025002376818312917,632,22741,True
realized_semivariance_balance_60,volatility,5,London,Validation,-0.022976561245084418,-0.0208962208962209,242,8712,True
realized_semivariance_balance_60,volatility,15,London,Development,-0.030437887612616107,-0.032748550973590591,631,7572,True
realized_semivariance_balance_60,volatility,15,London,Validation,-0.042202998345321478,-0.029416864127607939,242,2904,True
realized_semivariance_balance_60,volatility,30,London,Development,-0.035695197459286412,__MLAT_CSV_NULL_V1__,0,0,False
realized_semivariance_balance_60,volatility,30,London,Validation,-0.047295387046475595,__MLAT_CSV_NULL_V1__,0,0,False
realized_semivariance_balance_60,volatility,60,London,Development,-0.021915479995996759,__MLAT_CSV_NULL_V1__,0,0,False
realized_semivariance_balance_60,volatility,60,London,Validation,-0.064351281870604654,__MLAT_CSV_NULL_V1__,0,0,False
realized_semivariance_balance_60,volatility,120,London,Development,-0.027582445624795778,__MLAT_CSV_NULL_V1__,0,0,False
realized_semivariance_balance_60,volatility,120,London,Validation,-0.038076829369103254,__MLAT_CSV_NULL_V1__,0,0,False
realized_semivariance_balance_60,volatility,180,London,Development,0.021280521018030799,__MLAT_CSV_NULL_V1__,0,0,False
realized_semivariance_balance_60,volatility,180,London,Validation,-0.012242615801987511,__MLAT_CSV_NULL_V1__,0,0,False
realized_semivariance_balance_60,path_risk,5,London,Development,-0.0098000102936166393,-0.0051675446061295767,632,22741,True
realized_semivariance_balance_60,path_risk,5,London,Validation,-0.018326285029815034,-0.0060620599927656881,242,8712,True
realized_semivariance_balance_60,path_risk,15,London,Development,-0.0047221194693114312,-0.015445149098439094,631,7572,True
realized_semivariance_balance_60,path_risk,15,London,Validation,-0.0329194656880979,-0.0098242273869730782,242,2904,True
realized_semivariance_balance_60,path_risk,30,London,Development,-2.2360945729448655e-05,__MLAT_CSV_NULL_V1__,0,0,False
realized_semivariance_balance_60,path_risk,30,London,Validation,-0.037618086090706084,__MLAT_CSV_NULL_V1__,0,0,False
realized_semivariance_balance_60,path_risk,60,London,Development,-0.004438475503377789,__MLAT_CSV_NULL_V1__,0,0,False
realized_semivariance_balance_60,path_risk,60,London,Validation,-0.045969528314032941,__MLAT_CSV_NULL_V1__,0,0,False
realized_semivariance_balance_60,path_risk,120,London,Development,-0.012840422847444024,__MLAT_CSV_NULL_V1__,0,0,False
realized_semivariance_balance_60,path_risk,120,London,Validation,-0.02618104180522704,__MLAT_CSV_NULL_V1__,0,0,False
realized_semivariance_balance_60,path_risk,180,London,Development,0.021396197909971975,__MLAT_CSV_NULL_V1__,0,0,False
realized_semivariance_balance_60,path_risk,180,London,Validation,0.013399014974435935,__MLAT_CSV_NULL_V1__,0,0,False
bipower_jump_ratio_60,direction,5,London,Development,-0.0056874726622111581,-0.0053398486814324256,631,22705,True
bipower_jump_ratio_60,direction,5,London,Validation,-0.011292543266906315,-0.00401792378846206,240,8640,True
bipower_jump_ratio_60,direction,15,London,Development,-0.0078545445226653934,-0.0046749729382159228,627,7524,True
bipower_jump_ratio_60,direction,15,London,Validation,-0.013349230674950946,-0.0091243239255371332,234,2808,True
bipower_jump_ratio_60,direction,30,London,Development,-0.012388819293166585,__MLAT_CSV_NULL_V1__,0,0,False
bipower_jump_ratio_60,direction,30,London,Validation,0.0011740073734398053,__MLAT_CSV_NULL_V1__,0,0,False
bipower_jump_ratio_60,direction,60,London,Development,-0.017073202893090111,__MLAT_CSV_NULL_V1__,0,0,False
bipower_jump_ratio_60,direction,60,London,Validation,0.0037500870936699664,__MLAT_CSV_NULL_V1__,0,0,False
bipower_jump_ratio_60,direction,120,London,Development,0.0058589014737136669,__MLAT_CSV_NULL_V1__,0,0,False
bipower_jump_ratio_60,direction,120,London,Validation,-0.032341904628599198,__MLAT_CSV_NULL_V1__,0,0,False
bipower_jump_ratio_60,direction,180,London,Development,-0.0059045957210461198,__MLAT_CSV_NULL_V1__,0,0,False
bipower_jump_ratio_60,direction,180,London,Validation,-0.032382338075959104,__MLAT_CSV_NULL_V1__,0,0,False
bipower_jump_ratio_60,expansion,5,London,Development,0.0082727731760342087,0.010973533901118451,631,22705,True
bipower_jump_ratio_60,expansion,5,London,Validation,0.0078376734708438811,0.014488540953027759,240,8640,True
bipower_jump_ratio_60,expansion,15,London,Development,0.0016815053212859211,-0.01113931337551579,627,7524,False
bipower_jump_ratio_60,expansion,15,London,Validation,0.0071302247684320794,0.013261064421188648,234,2808,True
bipower_jump_ratio_60,expansion,30,London,Development,0.0054347169973287075,__MLAT_CSV_NULL_V1__,0,0,False
bipower_jump_ratio_60,expansion,30,London,Validation,-0.0037298173029648358,__MLAT_CSV_NULL_V1__,0,0,False
bipower_jump_ratio_60,expansion,60,London,Development,0.015417551524036802,__MLAT_CSV_NULL_V1__,0,0,False
bipower_jump_ratio_60,expansion,60,London,Validation,-0.0047724444849418582,__MLAT_CSV_NULL_V1__,0,0,False
bipower_jump_ratio_60,expansion,120,London,Development,0.009464846436446463,__MLAT_CSV_NULL_V1__,0,0,False
bipower_jump_ratio_60,expansion,120,London,Validation,-0.0022470602366456019,__MLAT_CSV_NULL_V1__,0,0,False
bipower_jump_ratio_60,expansion,180,London,Development,0.011459216441528492,__MLAT_CSV_NULL_V1__,0,0,False
bipower_jump_ratio_60,expansion,180,London,Validation,-0.025598542218748993,__MLAT_CSV_NULL_V1__,0,0,False
bipower_jump_ratio_60,volatility,5,London,Development,0.0037254381255933527,0.0033275955550472599,631,22705,True
bipower_jump_ratio_60,volatility,5,London,Validation,0.019504958960444078,0.02038307729450373,240,8640,True
bipower_jump_ratio_60,volatility,15,London,Development,-0.012625732476097181,-0.014470286818272855,627,7524,True
bipower_jump_ratio_60,volatility,15,London,Validation,0.01053045947527179,0.021479592447459714,234,2808,True
bipower_jump_ratio_60,volatility,30,London,Development,-0.012395118724361744,__MLAT_CSV_NULL_V1__,0,0,False
bipower_jump_ratio_60,volatility,30,London,Validation,0.00028595489181335444,__MLAT_CSV_NULL_V1__,0,0,False
bipower_jump_ratio_60,volatility,60,London,Development,0.0030720410080444099,__MLAT_CSV_NULL_V1__,0,0,False
bipower_jump_ratio_60,volatility,60,London,Validation,-0.0018138731142017615,__MLAT_CSV_NULL_V1__,0,0,False
bipower_jump_ratio_60,volatility,120,London,Development,-0.020355760576042763,__MLAT_CSV_NULL_V1__,0,0,False
bipower_jump_ratio_60,volatility,120,London,Validation,-0.024955071683811669,__MLAT_CSV_NULL_V1__,0,0,False
bipower_jump_ratio_60,volatility,180,London,Development,0.021452065320347997,__MLAT_CSV_NULL_V1__,0,0,False
bipower_jump_ratio_60,volatility,180,London,Validation,-0.015437833470983868,__MLAT_CSV_NULL_V1__,0,0,False
bipower_jump_ratio_60,path_risk,5,London,Development,0.0029918920240123801,0.0080095233877958676,631,22705,True
bipower_jump_ratio_60,path_risk,5,London,Validation,0.0043066535440425841,0.018724980858801397,240,8640,True
bipower_jump_ratio_60,path_risk,15,London,Development,-0.0015710186957821992,-0.026991768156416671,627,7524,True
bipower_jump_ratio_60,path_risk,15,London,Validation,0.0045321509247542892,0.011001788822430582,234,2808,True
bipower_jump_ratio_60,path_risk,30,London,Development,0.0011840241675067911,__MLAT_CSV_NULL_V1__,0,0,False
bipower_jump_ratio_60,path_risk,30,London,Validation,0.0049086149724939009,__MLAT_CSV_NULL_V1__,0,0,False
bipower_jump_ratio_60,path_risk,60,London,Development,0.0086770328315620912,__MLAT_CSV_NULL_V1__,0,0,False
bipower_jump_ratio_60,path_risk,60,London,Validation,-0.00052853617763162406,__MLAT_CSV_NULL_V1__,0,0,False
bipower_jump_ratio_60,path_risk,120,London,Development,0.0032560329666249293,__MLAT_CSV_NULL_V1__,0,0,False
bipower_jump_ratio_60,path_risk,120,London,Validation,0.0028376435049913985,__MLAT_CSV_NULL_V1__,0,0,False
bipower_jump_ratio_60,path_risk,180,London,Development,0.015803388538912992,__MLAT_CSV_NULL_V1__,0,0,False
bipower_jump_ratio_60,path_risk,180,London,Validation,-0.0050156329220274699,__MLAT_CSV_NULL_V1__,0,0,False
variance_ratio_60_5,direction,5,London,Development,-0.0025520541143855785,-0.0037138220938520545,632,22741,True
variance_ratio_60_5,direction,5,London,Validation,-0.0059744692815630615,-0.0056017925605675511,242,8712,True
variance_ratio_60_5,direction,15,London,Development,0.0089027879022493001,0.0012656854004914051,631,7572,True
variance_ratio_60_5,direction,15,London,Validation,0.0018104699841151686,-0.0080163967342237966,242,2904,False
variance_ratio_60_5,direction,30,London,Development,0.017814844256539297,__MLAT_CSV_NULL_V1__,0,0,False
variance_ratio_60_5,direction,30,London,Validation,-0.017620641984316097,__MLAT_CSV_NULL_V1__,0,0,False
variance_ratio_60_5,direction,60,London,Development,0.027419431227278423,__MLAT_CSV_NULL_V1__,0,0,False
variance_ratio_60_5,direction,60,London,Validation,-0.037896350208074657,__MLAT_CSV_NULL_V1__,0,0,False
variance_ratio_60_5,direction,120,London,Development,0.018121371444743947,__MLAT_CSV_NULL_V1__,0,0,False
variance_ratio_60_5,direction,120,London,Validation,-0.053901009299310791,__MLAT_CSV_NULL_V1__,0,0,False
variance_ratio_60_5,direction,180,London,Development,0.009518476528831081,__MLAT_CSV_NULL_V1__,0,0,False
variance_ratio_60_5,direction,180,London,Validation,-0.040504460722881892,__MLAT_CSV_NULL_V1__,0,0,False
variance_ratio_60_5,expansion,5,London,Development,-0.032584365171210203,-0.03034701875977254,632,22741,True
variance_ratio_60_5,expansion,5,London,Validation,-0.011575406160488525,-0.012755617530478734,242,8712,True
variance_ratio_60_5,expansion,15,London,Development,-0.080142541323550004,-0.091002873823666938,631,7572,True
variance_ratio_60_5,expansion,15,London,Validation,-0.068264709165442514,-0.044558747038085884,242,2904,True
variance_ratio_60_5,expansion,30,London,Development,-0.10186253325725961,__MLAT_CSV_NULL_V1__,0,0,False
variance_ratio_60_5,expansion,30,London,Validation,-0.076814514463414488,__MLAT_CSV_NULL_V1__,0,0,False
variance_ratio_60_5,expansion,60,London,Development,-0.10244819446337834,__MLAT_CSV_NULL_V1__,0,0,False
variance_ratio_60_5,expansion,60,London,Validation,-0.077535579340171357,__MLAT_CSV_NULL_V1__,0,0,False
variance_ratio_60_5,expansion,120,London,Development,-0.086450806383644468,__MLAT_CSV_NULL_V1__,0,0,False
variance_ratio_60_5,expansion,120,London,Validation,-0.055331436097235981,__MLAT_CSV_NULL_V1__,0,0,False
variance_ratio_60_5,expansion,180,London,Development,-0.080678061418603203,__MLAT_CSV_NULL_V1__,0,0,False
variance_ratio_60_5,expansion,180,London,Validation,-0.044017675459254238,__MLAT_CSV_NULL_V1__,0,0,False
variance_ratio_60_5,volatility,5,London,Development,0.030805200656640514,0.036658516749335679,632,22740,True
variance_ratio_60_5,volatility,5,London,Validation,0.027788130983160252,0.031290085835540382,242,8712,True
variance_ratio_60_5,volatility,15,London,Development,0.028210651188735,0.023461483049438674,631,7572,True
variance_ratio_60_5,volatility,15,London,Validation,0.02161110687937139,0.035571866150378557,242,2904,True
variance_ratio_60_5,volatility,30,London,Development,0.019013516148673963,__MLAT_CSV_NULL_V1__,0,0,False
variance_ratio_60_5,volatility,30,London,Validation,0.036798597436818584,__MLAT_CSV_NULL_V1__,0,0,False
variance_ratio_60_5,volatility,60,London,Development,0.024039876723383435,__MLAT_CSV_NULL_V1__,0,0,False
variance_ratio_60_5,volatility,60,London,Validation,0.053900458222142164,__MLAT_CSV_NULL_V1__,0,0,False
variance_ratio_60_5,volatility,120,London,Development,0.021327758444166952,__MLAT_CSV_NULL_V1__,0,0,False
variance_ratio_60_5,volatility,120,London,Validation,0.039623251497266476,__MLAT_CSV_NULL_V1__,0,0,False
variance_ratio_60_5,volatility,180,London,Development,-0.040269307146819797,__MLAT_CSV_NULL_V1__,0,0,False
variance_ratio_60_5,volatility,180,London,Validation,-0.036789477686046901,__MLAT_CSV_NULL_V1__,0,0,False
variance_ratio_60_5,path_risk,5,London,Development,-0.03649640590931473,-0.036146121275608567,632,22741,True
variance_ratio_60_5,path_risk,5,London,Validation,-0.022727170898781263,-0.028038399322921195,242,8712,True
variance_ratio_60_5,path_risk,15,London,Development,-0.081860203310023152,-0.088370245448049042,631,7572,True
variance_ratio_60_5,path_risk,15,London,Validation,-0.073348642578853845,-0.060959384884571241,242,2904,True
variance_ratio_60_5,path_risk,30,London,Development,-0.097514993868195898,__MLAT_CSV_NULL_V1__,0,0,False
variance_ratio_60_5,path_risk,30,London,Validation,-0.076006167349223455,__MLAT_CSV_NULL_V1__,0,0,False
variance_ratio_60_5,path_risk,60,London,Development,-0.091645843313481343,__MLAT_CSV_NULL_V1__,0,0,False
variance_ratio_60_5,path_risk,60,London,Validation,-0.071581669572088932,__MLAT_CSV_NULL_V1__,0,0,False
variance_ratio_60_5,path_risk,120,London,Development,-0.064889477861005435,__MLAT_CSV_NULL_V1__,0,0,False
variance_ratio_60_5,path_risk,120,London,Validation,-0.042714293352441687,__MLAT_CSV_NULL_V1__,0,0,False
variance_ratio_60_5,path_risk,180,London,Development,-0.062540080155755393,__MLAT_CSV_NULL_V1__,0,0,False
variance_ratio_60_5,path_risk,180,London,Validation,-0.038240654081666027,__MLAT_CSV_NULL_V1__,0,0,False
return_sign_entropy_60,direction,5,London,Development,-0.010094161275994327,-0.010419290838062355,632,22741,True
return_sign_entropy_60,direction,5,London,Validation,0.013923056586095186,0.014532295978305732,242,8712,True
return_sign_entropy_60,direction,15,London,Development,-0.024101668374226216,-0.038809791750435488,631,7572,True
return_sign_entropy_60,direction,15,London,Validation,0.026646120329470547,0.042965841289178054,242,2904,True
return_sign_entropy_60,direction,30,London,Development,-0.02842189333714976,__MLAT_CSV_NULL_V1__,0,0,False
return_sign_entropy_60,direction,30,London,Validation,0.048837403377576312,__MLAT_CSV_NULL_V1__,0,0,False
return_sign_entropy_60,direction,60,London,Development,-0.011886596604899581,__MLAT_CSV_NULL_V1__,0,0,False
return_sign_entropy_60,direction,60,London,Validation,0.037147482792580969,__MLAT_CSV_NULL_V1__,0,0,False
return_sign_entropy_60,direction,120,London,Development,-0.0015869901319885591,__MLAT_CSV_NULL_V1__,0,0,False
return_sign_entropy_60,direction,120,London,Validation,0.030748780729335293,__MLAT_CSV_NULL_V1__,0,0,False
return_sign_entropy_60,direction,180,London,Development,-0.0067498655648301955,__MLAT_CSV_NULL_V1__,0,0,False
return_sign_entropy_60,direction,180,London,Validation,0.0068200977856646191,__MLAT_CSV_NULL_V1__,0,0,False
return_sign_entropy_60,expansion,5,London,Development,0.082462067334063263,0.084902265906478896,632,22741,True
return_sign_entropy_60,expansion,5,London,Validation,0.06847822623007202,0.06141884006179614,242,8712,True
return_sign_entropy_60,expansion,15,London,Development,0.12191297645830902,0.12022570883245863,631,7572,True
return_sign_entropy_60,expansion,15,London,Validation,0.094109023364158217,0.084827838541173678,242,2904,True
return_sign_entropy_60,expansion,30,London,Development,0.15388264192034615,__MLAT_CSV_NULL_V1__,0,0,False
return_sign_entropy_60,expansion,30,London,Validation,0.10135339569558666,__MLAT_CSV_NULL_V1__,0,0,False
return_sign_entropy_60,expansion,60,London,Development,0.17713198404027003,__MLAT_CSV_NULL_V1__,0,0,False
return_sign_entropy_60,expansion,60,London,Validation,0.13302577393622708,__MLAT_CSV_NULL_V1__,0,0,False
return_sign_entropy_60,expansion,120,London,Development,0.20977123151632782,__MLAT_CSV_NULL_V1__,0,0,False
return_sign_entropy_60,expansion,120,London,Validation,0.15602947081030485,__MLAT_CSV_NULL_V1__,0,0,False
return_sign_entropy_60,expansion,180,London,Development,0.22357904777835785,__MLAT_CSV_NULL_V1__,0,0,False
return_sign_entropy_60,expansion,180,London,Validation,0.17601075117755632,__MLAT_CSV_NULL_V1__,0,0,False
return_sign_entropy_60,volatility,5,London,Development,-0.031780047987127531,-0.035838010492530492,632,22741,True
return_sign_entropy_60,volatility,5,London,Validation,-0.02746203149004689,-0.034912939790540304,242,8712,True
return_sign_entropy_60,volatility,15,London,Development,-0.022803164270458278,-0.015705940211723793,631,7572,True
return_sign_entropy_60,volatility,15,London,Validation,-0.038727779410491117,-0.033706757011711115,242,2904,True
return_sign_entropy_60,volatility,30,London,Development,-0.0068485474753372825,__MLAT_CSV_NULL_V1__,0,0,False
return_sign_entropy_60,volatility,30,London,Validation,-0.029924802817048134,__MLAT_CSV_NULL_V1__,0,0,False
return_sign_entropy_60,volatility,60,London,Development,0.0089640088271105076,__MLAT_CSV_NULL_V1__,0,0,False
return_sign_entropy_60,volatility,60,London,Validation,0.014599738976480328,__MLAT_CSV_NULL_V1__,0,0,False
return_sign_entropy_60,volatility,120,London,Development,0.044721935078146216,__MLAT_CSV_NULL_V1__,0,0,False
return_sign_entropy_60,volatility,120,London,Validation,0.032551194870739146,__MLAT_CSV_NULL_V1__,0,0,False
return_sign_entropy_60,volatility,180,London,Development,0.17956639371609362,__MLAT_CSV_NULL_V1__,0,0,False
return_sign_entropy_60,volatility,180,London,Validation,0.10646605832075991,__MLAT_CSV_NULL_V1__,0,0,False
return_sign_entropy_60,path_risk,5,London,Development,0.074870463517720309,0.078101905004709538,632,22741,True
return_sign_entropy_60,path_risk,5,London,Validation,0.065332039553118615,0.063006837225162135,242,8712,True
return_sign_entropy_60,path_risk,15,London,Development,0.1086943492067215,0.10650186241889767,631,7572,True
return_sign_entropy_60,path_risk,15,London,Validation,0.08782835016900585,0.055480385690471236,242,2904,True
return_sign_entropy_60,path_risk,30,London,Development,0.13520225821596038,__MLAT_CSV_NULL_V1__,0,0,False
return_sign_entropy_60,path_risk,30,London,Validation,0.094338047587850998,__MLAT_CSV_NULL_V1__,0,0,False
return_sign_entropy_60,path_risk,60,London,Development,0.15155782484943076,__MLAT_CSV_NULL_V1__,0,0,False
return_sign_entropy_60,path_risk,60,London,Validation,0.11736120236401074,__MLAT_CSV_NULL_V1__,0,0,False
return_sign_entropy_60,path_risk,120,London,Development,0.1782328702002991,__MLAT_CSV_NULL_V1__,0,0,False
return_sign_entropy_60,path_risk,120,London,Validation,0.13113445288874448,__MLAT_CSV_NULL_V1__,0,0,False
return_sign_entropy_60,path_risk,180,London,Development,0.19261673001083079,__MLAT_CSV_NULL_V1__,0,0,False
return_sign_entropy_60,path_risk,180,London,Validation,0.15756652979436778,__MLAT_CSV_NULL_V1__,0,0,False
volatility_of_volatility_60,direction,5,London,Development,-0.0011266816996389967,-0.0035862475242908541,632,22739,True
volatility_of_volatility_60,direction,5,London,Validation,0.0015587458126762395,0.0037269573568780153,242,8712,True
volatility_of_volatility_60,direction,15,London,Development,-0.0057467655991583454,-0.0073654550272407538,631,7572,True
volatility_of_volatility_60,direction,15,London,Validation,-0.0059226298138721645,0.019025794981677457,242,2904,False
volatility_of_volatility_60,direction,30,London,Development,-0.0014399997322585981,__MLAT_CSV_NULL_V1__,0,0,False
volatility_of_volatility_60,direction,30,London,Validation,-0.0057355548916815562,__MLAT_CSV_NULL_V1__,0,0,False
volatility_of_volatility_60,direction,60,London,Development,-0.0090121344186182423,__MLAT_CSV_NULL_V1__,0,0,False
volatility_of_volatility_60,direction,60,London,Validation,0.008937192793493292,__MLAT_CSV_NULL_V1__,0,0,False
volatility_of_volatility_60,direction,120,London,Development,-0.0058289393566650404,__MLAT_CSV_NULL_V1__,0,0,False
volatility_of_volatility_60,direction,120,London,Validation,0.03072136540401561,__MLAT_CSV_NULL_V1__,0,0,False
volatility_of_volatility_60,direction,180,London,Development,0.014889752080090751,__MLAT_CSV_NULL_V1__,0,0,False
volatility_of_volatility_60,direction,180,London,Validation,-0.0035208190341981644,__MLAT_CSV_NULL_V1__,0,0,False
volatility_of_volatility_60,expansion,5,London,Development,-0.003255676194625729,-0.0056414479803152543,632,22739,True
volatility_of_volatility_60,expansion,5,London,Validation,0.00062954140154334692,-0.00049936081881224307,242,8712,False
volatility_of_volatility_60,expansion,15,London,Development,-0.013211863122616649,-0.019634575803703619,631,7572,True
volatility_of_volatility_60,expansion,15,London,Validation,-0.015121937838555123,-0.012772351615326825,242,2904,True
volatility_of_volatility_60,expansion,30,London,Development,-0.025105964853763624,__MLAT_CSV_NULL_V1__,0,0,False
volatility_of_volatility_60,expansion,30,London,Validation,-0.046358214124086895,__MLAT_CSV_NULL_V1__,0,0,False
volatility_of_volatility_60,expansion,60,London,Development,-0.040293075392287207,__MLAT_CSV_NULL_V1__,0,0,False
volatility_of_volatility_60,expansion,60,London,Validation,-0.062444716113699957,__MLAT_CSV_NULL_V1__,0,0,False
volatility_of_volatility_60,expansion,120,London,Development,-0.057043939633734303,__MLAT_CSV_NULL_V1__,0,0,False
volatility_of_volatility_60,expansion,120,London,Validation,-0.079711229559335822,__MLAT_CSV_NULL_V1__,0,0,False
volatility_of_volatility_60,expansion,180,London,Development,-0.052793400501409987,__MLAT_CSV_NULL_V1__,0,0,False
volatility_of_volatility_60,expansion,180,London,Validation,-0.065458534703087351,__MLAT_CSV_NULL_V1__,0,0,False
volatility_of_volatility_60,volatility,5,London,Development,0.043981804681052894,0.041946342332509136,632,22738,True
volatility_of_volatility_60,volatility,5,London,Validation,0.053938075430334596,0.056253656253656262,242,8712,True
volatility_of_volatility_60,volatility,15,London,Development,0.046564423914327198,0.043487415912138581,631,7572,True
volatility_of_volatility_60,volatility,15,London,Validation,0.065611223113944947,0.080881927989366012,242,2904,True
volatility_of_volatility_60,volatility,30,London,Development,0.037974387606404064,__MLAT_CSV_NULL_V1__,0,0,False
volatility_of_volatility_60,volatility,30,London,Validation,0.040046359132733272,__MLAT_CSV_NULL_V1__,0,0,False
volatility_of_volatility_60,volatility,60,London,Development,0.022996381117838232,__MLAT_CSV_NULL_V1__,0,0,False
volatility_of_volatility_60,volatility,60,London,Validation,-0.0077790913229674455,__MLAT_CSV_NULL_V1__,0,0,False
volatility_of_volatility_60,volatility,120,London,Development,-0.00042970352419017578,__MLAT_CSV_NULL_V1__,0,0,False
volatility_of_volatility_60,volatility,120,London,Validation,-0.032700881080305097,__MLAT_CSV_NULL_V1__,0,0,False
volatility_of_volatility_60,volatility,180,London,Development,0.014638280447642399,__MLAT_CSV_NULL_V1__,0,0,False
volatility_of_volatility_60,volatility,180,London,Validation,-0.030157656156357848,__MLAT_CSV_NULL_V1__,0,0,False
volatility_of_volatility_60,path_risk,5,London,Development,-0.003937564572136217,-0.0063821662605123538,632,22739,True
volatility_of_volatility_60,path_risk,5,London,Validation,0.0011449209632239405,-0.0037011572645932298,242,8712,False
volatility_of_volatility_60,path_risk,15,London,Development,-0.014155435798996465,-0.026653219997118581,631,7572,True
volatility_of_volatility_60,path_risk,15,London,Validation,-0.015805515055399157,-0.02466246677252017,242,2904,True
volatility_of_volatility_60,path_risk,30,London,Development,-0.026441656386609325,__MLAT_CSV_NULL_V1__,0,0,False
volatility_of_volatility_60,path_risk,30,London,Validation,-0.045656361445083636,__MLAT_CSV_NULL_V1__,0,0,False
volatility_of_volatility_60,path_risk,60,London,Development,-0.040763113810041426,__MLAT_CSV_NULL_V1__,0,0,False
volatility_of_volatility_60,path_risk,60,London,Validation,-0.064286169220943906,__MLAT_CSV_NULL_V1__,0,0,False
volatility_of_volatility_60,path_risk,120,London,Development,-0.057852494815113585,__MLAT_CSV_NULL_V1__,0,0,False
volatility_of_volatility_60,path_risk,120,London,Validation,-0.071479703527963942,__MLAT_CSV_NULL_V1__,0,0,False
volatility_of_volatility_60,path_risk,180,London,Development,-0.038810070425461564,__MLAT_CSV_NULL_V1__,0,0,False
volatility_of_volatility_60,path_risk,180,London,Validation,-0.046532201617751727,__MLAT_CSV_NULL_V1__,0,0,False
bollinger_zscore_20,direction,5,New York,Development,-0.057262975730644761,-0.054764310520743167,638,37782,True
bollinger_zscore_20,direction,5,New York,Validation,-0.048059443169245208,-0.039801634313608614,246,14603,True
bollinger_zscore_20,direction,15,New York,Development,-0.068767840290135149,-0.058450202495081642,636,12589,True
bollinger_zscore_20,direction,15,New York,Validation,-0.074317091712701219,-0.078409764854612291,246,4870,True
bollinger_zscore_20,direction,30,New York,Development,-0.081946790137176151,-0.021485806288623309,616,6160,True
bollinger_zscore_20,direction,30,New York,Validation,-0.09929630855179232,-0.054290838112943468,236,2360,True
bollinger_zscore_20,direction,60,New York,Development,-0.12078892631203259,__MLAT_CSV_NULL_V1__,0,0,False
bollinger_zscore_20,direction,60,New York,Validation,-0.12966483054810193,__MLAT_CSV_NULL_V1__,0,0,False
bollinger_zscore_20,direction,120,New York,Development,-0.17675174721792994,__MLAT_CSV_NULL_V1__,0,0,False
bollinger_zscore_20,direction,120,New York,Validation,-0.16239414008076555,__MLAT_CSV_NULL_V1__,0,0,False
bollinger_zscore_20,direction,180,New York,Development,-0.21143854677818782,__MLAT_CSV_NULL_V1__,0,0,False
bollinger_zscore_20,direction,180,New York,Validation,-0.19901660773370067,__MLAT_CSV_NULL_V1__,0,0,False
bollinger_zscore_20,expansion,5,New York,Development,-0.046118344352539635,-0.046886117498833452,638,37782,True
bollinger_zscore_20,expansion,5,New York,Validation,-0.060284451169888627,-0.056794621871593461,246,14603,True
bollinger_zscore_20,expansion,15,New York,Development,-0.033434694815373978,-0.038101500937858093,636,12589,True
bollinger_zscore_20,expansion,15,New York,Validation,-0.053742888890223529,-0.046574221565726499,246,4870,True
bollinger_zscore_20,expansion,30,New York,Development,-0.016959916712638703,-0.014444150934675831,616,6160,True
bollinger_zscore_20,expansion,30,New York,Validation,-0.039557585097166191,-0.029738058551617867,236,2360,True
bollinger_zscore_20,expansion,60,New York,Development,-0.010679367175762658,__MLAT_CSV_NULL_V1__,0,0,False
bollinger_zscore_20,expansion,60,New York,Validation,-0.015056653830451254,__MLAT_CSV_NULL_V1__,0,0,False
bollinger_zscore_20,expansion,120,New York,Development,-0.010886703996632342,__MLAT_CSV_NULL_V1__,0,0,False
bollinger_zscore_20,expansion,120,New York,Validation,-0.0084805796368468602,__MLAT_CSV_NULL_V1__,0,0,False
bollinger_zscore_20,expansion,180,New York,Development,-0.011025617780116327,__MLAT_CSV_NULL_V1__,0,0,False
bollinger_zscore_20,expansion,180,New York,Validation,-0.0073748354098737597,__MLAT_CSV_NULL_V1__,0,0,False
bollinger_zscore_20,volatility,5,New York,Development,-0.050182968034661692,-0.052362467875412912,638,37782,True
bollinger_zscore_20,volatility,5,New York,Validation,-0.061798833244175108,-0.067933013491304012,246,14602,True
bollinger_zscore_20,volatility,15,New York,Development,-0.050219405003275687,-0.055079588113789865,636,12589,True
bollinger_zscore_20,volatility,15,New York,Validation,-0.059982236225089677,-0.077689852538829346,246,4869,True
bollinger_zscore_20,volatility,30,New York,Development,-0.043327380376029116,-0.048543880362062176,616,6160,True
bollinger_zscore_20,volatility,30,New York,Validation,-0.041836087528187585,-0.057318952234206473,236,2360,True
bollinger_zscore_20,volatility,60,New York,Development,-0.035405657535607135,__MLAT_CSV_NULL_V1__,0,0,False
bollinger_zscore_20,volatility,60,New York,Validation,-0.021362634296678736,__MLAT_CSV_NULL_V1__,0,0,False
bollinger_zscore_20,volatility,120,New York,Development,-0.018918213127639322,__MLAT_CSV_NULL_V1__,0,0,False
bollinger_zscore_20,volatility,120,New York,Validation,-0.011983167284932454,__MLAT_CSV_NULL_V1__,0,0,False
bollinger_zscore_20,volatility,180,New York,Development,-0.011089183981328871,__MLAT_CSV_NULL_V1__,0,0,False
bollinger_zscore_20,volatility,180,New York,Validation,0.00055855761498080987,__MLAT_CSV_NULL_V1__,0,0,False
bollinger_zscore_20,path_risk,5,New York,Development,-0.038661976996683736,-0.038912288626105088,638,37782,True
bollinger_zscore_20,path_risk,5,New York,Validation,-0.049986897193889969,-0.04681662088861422,246,14603,True
bollinger_zscore_20,path_risk,15,New York,Development,-0.027746131799226283,-0.028164394659523643,636,12589,True
bollinger_zscore_20,path_risk,15,New York,Validation,-0.041599654099355225,-0.03278252549973807,246,4870,True
bollinger_zscore_20,path_risk,30,New York,Development,-0.011924706916529949,-0.0030696576151121582,616,6160,True
bollinger_zscore_20,path_risk,30,New York,Validation,-0.031322309072654604,-0.013353877760657424,236,2360,True
bollinger_zscore_20,path_risk,60,New York,Development,-0.0024585052284439432,__MLAT_CSV_NULL_V1__,0,0,False
bollinger_zscore_20,path_risk,60,New York,Validation,-0.012334631173564418,__MLAT_CSV_NULL_V1__,0,0,False
bollinger_zscore_20,path_risk,120,New York,Development,-0.0016216565200722025,__MLAT_CSV_NULL_V1__,0,0,False
bollinger_zscore_20,path_risk,120,New York,Validation,-0.0076553229425618168,__MLAT_CSV_NULL_V1__,0,0,False
bollinger_zscore_20,path_risk,180,New York,Development,-0.00040193855710861246,__MLAT_CSV_NULL_V1__,0,0,False
bollinger_zscore_20,path_risk,180,New York,Validation,-0.0026350959821469211,__MLAT_CSV_NULL_V1__,0,0,False
bollinger_bandwidth_20,direction,5,New York,Development,0.0055629486747769373,0.0066449446994654004,638,37782,True
bollinger_bandwidth_20,direction,5,New York,Validation,0.0089529194273736158,0.0090213905235850943,246,14603,True
bollinger_bandwidth_20,direction,15,New York,Development,0.0043772405125987787,0.005186083380034073,636,12589,True
bollinger_bandwidth_20,direction,15,New York,Validation,0.0057946786570707556,0.0081493675683691792,246,4870,True
bollinger_bandwidth_20,direction,30,New York,Development,0.00018456152017315623,0.011193608953981141,616,6160,True
bollinger_bandwidth_20,direction,30,New York,Validation,-0.0042228332455787054,0.007047528107280843,236,2360,False
bollinger_bandwidth_20,direction,60,New York,Development,0.0096518404365328672,__MLAT_CSV_NULL_V1__,0,0,False
bollinger_bandwidth_20,direction,60,New York,Validation,-0.0083388404620091533,__MLAT_CSV_NULL_V1__,0,0,False
bollinger_bandwidth_20,direction,120,New York,Development,0.012031998185721733,__MLAT_CSV_NULL_V1__,0,0,False
bollinger_bandwidth_20,direction,120,New York,Validation,-0.0038789746839133651,__MLAT_CSV_NULL_V1__,0,0,False
bollinger_bandwidth_20,direction,180,New York,Development,0.031858781294017376,__MLAT_CSV_NULL_V1__,0,0,False
bollinger_bandwidth_20,direction,180,New York,Validation,-0.00048990798472444601,__MLAT_CSV_NULL_V1__,0,0,False
bollinger_bandwidth_20,expansion,5,New York,Development,-0.16113584875161979,-0.16812810378722132,638,37782,True
bollinger_bandwidth_20,expansion,5,New York,Validation,-0.14844522181100511,-0.15495969319320385,246,14603,True
bollinger_bandwidth_20,expansion,15,New York,Development,-0.24676524549875203,-0.26180353183259786,636,12589,True
bollinger_bandwidth_20,expansion,15,New York,Validation,-0.23612064840636587,-0.24767747491167408,246,4870,True
bollinger_bandwidth_20,expansion,30,New York,Development,-0.32753366413569251,-0.32258152000168627,616,6160,True
bollinger_bandwidth_20,expansion,30,New York,Validation,-0.31654522988959555,-0.30513610683102205,236,2360,True
bollinger_bandwidth_20,expansion,60,New York,Development,-0.42017193118849622,__MLAT_CSV_NULL_V1__,0,0,False
bollinger_bandwidth_20,expansion,60,New York,Validation,-0.42500033142413712,__MLAT_CSV_NULL_V1__,0,0,False
bollinger_bandwidth_20,expansion,120,New York,Development,-0.50619579612502674,__MLAT_CSV_NULL_V1__,0,0,False
bollinger_bandwidth_20,expansion,120,New York,Validation,-0.51569927430744378,__MLAT_CSV_NULL_V1__,0,0,False
bollinger_bandwidth_20,expansion,180,New York,Development,-0.54679030533209472,__MLAT_CSV_NULL_V1__,0,0,False
bollinger_bandwidth_20,expansion,180,New York,Validation,-0.55703077625325215,__MLAT_CSV_NULL_V1__,0,0,False
bollinger_bandwidth_20,volatility,5,New York,Development,0.36305597624521557,0.36061203112065121,638,37782,True
bollinger_bandwidth_20,volatility,5,New York,Validation,0.39495986568784636,0.39413459550572011,246,14602,True
bollinger_bandwidth_20,volatility,15,New York,Development,0.38596686705657396,0.38241493182713465,636,12589,True
bollinger_bandwidth_20,volatility,15,New York,Validation,0.43724044982246363,0.43088741805988645,246,4869,True
bollinger_bandwidth_20,volatility,30,New York,Development,0.32845775622087514,0.3536796536796537,616,6160,True
bollinger_bandwidth_20,volatility,30,New York,Validation,0.39202282485806605,0.40580380071905486,236,2360,True
bollinger_bandwidth_20,volatility,60,New York,Development,0.19552318990475245,__MLAT_CSV_NULL_V1__,0,0,False
bollinger_bandwidth_20,volatility,60,New York,Validation,0.25110757724391669,__MLAT_CSV_NULL_V1__,0,0,False
bollinger_bandwidth_20,volatility,120,New York,Development,0.010188805617363053,__MLAT_CSV_NULL_V1__,0,0,False
bollinger_bandwidth_20,volatility,120,New York,Validation,0.033356938759865389,__MLAT_CSV_NULL_V1__,0,0,False
bollinger_bandwidth_20,volatility,180,New York,Development,-0.14908875724018003,__MLAT_CSV_NULL_V1__,0,0,False
bollinger_bandwidth_20,volatility,180,New York,Validation,-0.14874193906355523,__MLAT_CSV_NULL_V1__,0,0,False
bollinger_bandwidth_20,path_risk,5,New York,Development,-0.14392415946142584,-0.14912552060290671,638,37782,True
bollinger_bandwidth_20,path_risk,5,New York,Validation,-0.13310657547246293,-0.14196071366247662,246,14603,True
bollinger_bandwidth_20,path_risk,15,New York,Development,-0.21003109220326149,-0.22360378878860543,636,12589,True
bollinger_bandwidth_20,path_risk,15,New York,Validation,-0.20447341749380882,-0.20909735618346087,246,4870,True
bollinger_bandwidth_20,path_risk,30,New York,Development,-0.28307374689702824,-0.26505312868949227,616,6160,True
bollinger_bandwidth_20,path_risk,30,New York,Validation,-0.27370824041865938,-0.24961479198767333,236,2360,True
bollinger_bandwidth_20,path_risk,60,New York,Development,-0.37528625916025554,__MLAT_CSV_NULL_V1__,0,0,False
bollinger_bandwidth_20,path_risk,60,New York,Validation,-0.37242987280197193,__MLAT_CSV_NULL_V1__,0,0,False
bollinger_bandwidth_20,path_risk,120,New York,Development,-0.46406768320897274,__MLAT_CSV_NULL_V1__,0,0,False
bollinger_bandwidth_20,path_risk,120,New York,Validation,-0.4600112313718952,__MLAT_CSV_NULL_V1__,0,0,False
bollinger_bandwidth_20,path_risk,180,New York,Development,-0.50832654623239959,__MLAT_CSV_NULL_V1__,0,0,False
bollinger_bandwidth_20,path_risk,180,New York,Validation,-0.50833772866433047,__MLAT_CSV_NULL_V1__,0,0,False
cutler_rsi_14,direction,5,New York,Development,-0.056330454390541289,-0.05474039772635763,638,37783,True
cutler_rsi_14,direction,5,New York,Validation,-0.047795787820916466,-0.042195667049739843,246,14604,True
cutler_rsi_14,direction,15,New York,Development,-0.066948880653413895,-0.060544025458076217,636,12590,True
cutler_rsi_14,direction,15,New York,Validation,-0.075689768011884359,-0.081566294857382399,246,4870,True
cutler_rsi_14,direction,30,New York,Development,-0.081539057913898927,-0.028835518840964035,617,6170,True
cutler_rsi_14,direction,30,New York,Validation,-0.09889738883437689,-0.058771133705007167,236,2360,True
cutler_rsi_14,direction,60,New York,Development,-0.12379111283385374,__MLAT_CSV_NULL_V1__,0,0,False
cutler_rsi_14,direction,60,New York,Validation,-0.13423684932527249,__MLAT_CSV_NULL_V1__,0,0,False
cutler_rsi_14,direction,120,New York,Development,-0.18405489499837113,__MLAT_CSV_NULL_V1__,0,0,False
cutler_rsi_14,direction,120,New York,Validation,-0.16426360894533348,__MLAT_CSV_NULL_V1__,0,0,False
cutler_rsi_14,direction,180,New York,Development,-0.21918966587779351,__MLAT_CSV_NULL_V1__,0,0,False
cutler_rsi_14,direction,180,New York,Validation,-0.20426157257532487,__MLAT_CSV_NULL_V1__,0,0,False
cutler_rsi_14,expansion,5,New York,Development,-0.04429885704391056,-0.045171521892304244,638,37783,True
cutler_rsi_14,expansion,5,New York,Validation,-0.052666202250728829,-0.04991153972190461,246,14604,True
cutler_rsi_14,expansion,15,New York,Development,-0.029992380913877924,-0.033559977099273795,636,12590,True
cutler_rsi_14,expansion,15,New York,Validation,-0.049796617197522729,-0.047423603947764535,246,4870,True
cutler_rsi_14,expansion,30,New York,Development,-0.01348919275772468,-0.015282002563872084,617,6170,True
cutler_rsi_14,expansion,30,New York,Validation,-0.035680581037662057,-0.048061491033774682,236,2360,True
cutler_rsi_14,expansion,60,New York,Development,-0.0075427903189179977,__MLAT_CSV_NULL_V1__,0,0,False
cutler_rsi_14,expansion,60,New York,Validation,-0.012528795162747665,__MLAT_CSV_NULL_V1__,0,0,False
cutler_rsi_14,expansion,120,New York,Development,-0.007280542956157608,__MLAT_CSV_NULL_V1__,0,0,False
cutler_rsi_14,expansion,120,New York,Validation,-0.0056758887116698728,__MLAT_CSV_NULL_V1__,0,0,False
cutler_rsi_14,expansion,180,New York,Development,-0.0069247309290531977,__MLAT_CSV_NULL_V1__,0,0,False
cutler_rsi_14,expansion,180,New York,Validation,-0.0052073515654721438,__MLAT_CSV_NULL_V1__,0,0,False
cutler_rsi_14,volatility,5,New York,Development,-0.050759246855331654,-0.050706162929468279,638,37783,True
cutler_rsi_14,volatility,5,New York,Validation,-0.059851602890862214,-0.063670179721114384,246,14603,True
cutler_rsi_14,volatility,15,New York,Development,-0.049372007975941976,-0.051185277759784022,636,12590,True
cutler_rsi_14,volatility,15,New York,Validation,-0.058359309751088884,-0.070736109478178114,246,4870,True
cutler_rsi_14,volatility,30,New York,Development,-0.043895830881749288,-0.053687007028064213,617,6170,True
cutler_rsi_14,volatility,30,New York,Validation,-0.040340167837284155,-0.075686749152681532,236,2360,True
cutler_rsi_14,volatility,60,New York,Development,-0.034068077470052222,__MLAT_CSV_NULL_V1__,0,0,False
cutler_rsi_14,volatility,60,New York,Validation,-0.020936209850735243,__MLAT_CSV_NULL_V1__,0,0,False
cutler_rsi_14,volatility,120,New York,Development,-0.016539222753690862,__MLAT_CSV_NULL_V1__,0,0,False
cutler_rsi_14,volatility,120,New York,Validation,-0.011687223629699529,__MLAT_CSV_NULL_V1__,0,0,False
cutler_rsi_14,volatility,180,New York,Development,-0.008147173730650584,__MLAT_CSV_NULL_V1__,0,0,False
cutler_rsi_14,volatility,180,New York,Validation,0.00013699503688632705,__MLAT_CSV_NULL_V1__,0,0,False
cutler_rsi_14,path_risk,5,New York,Development,-0.038246352937238291,-0.039177263193944482,638,37783,True
cutler_rsi_14,path_risk,5,New York,Validation,-0.044567618872567966,-0.04296352536565895,246,14604,True
cutler_rsi_14,path_risk,15,New York,Development,-0.024992602091435702,-0.026579302964679672,636,12590,True
cutler_rsi_14,path_risk,15,New York,Validation,-0.039257975821678726,-0.037149164363479779,246,4870,True
cutler_rsi_14,path_risk,30,New York,Development,-0.0090429196444915885,-0.0063630092817684083,617,6170,True
cutler_rsi_14,path_risk,30,New York,Validation,-0.028821768473874125,-0.036660271972779948,236,2360,True
cutler_rsi_14,path_risk,60,New York,Development,0.0013778409654069293,__MLAT_CSV_NULL_V1__,0,0,False
cutler_rsi_14,path_risk,60,New York,Validation,-0.012225740800250583,__MLAT_CSV_NULL_V1__,0,0,False
cutler_rsi_14,path_risk,120,New York,Development,0.0022915980743827419,__MLAT_CSV_NULL_V1__,0,0,False
cutler_rsi_14,path_risk,120,New York,Validation,-0.0070294261897956758,__MLAT_CSV_NULL_V1__,0,0,False
cutler_rsi_14,path_risk,180,New York,Development,0.0044185342704464057,__MLAT_CSV_NULL_V1__,0,0,False
cutler_rsi_14,path_risk,180,New York,Validation,-0.0026926456507288285,__MLAT_CSV_NULL_V1__,0,0,False
chaikin_money_flow_20,direction,5,New York,Development,-0.041575194127948412,-0.040113560855965416,638,37782,True
chaikin_money_flow_20,direction,5,New York,Validation,-0.034146174149188517,-0.030993536899929171,246,14603,True
chaikin_money_flow_20,direction,15,New York,Development,-0.040845063535791794,-0.022470913695582378,636,12589,True
chaikin_money_flow_20,direction,15,New York,Validation,-0.045424249703368384,-0.039486120210640165,246,4870,True
chaikin_money_flow_20,direction,30,New York,Development,-0.043057272174398531,-0.014526813542050071,616,6160,True
chaikin_money_flow_20,direction,30,New York,Validation,-0.062313009301895421,-0.02495397436777292,236,2360,True
chaikin_money_flow_20,direction,60,New York,Development,-0.07541210543759283,__MLAT_CSV_NULL_V1__,0,0,False
chaikin_money_flow_20,direction,60,New York,Validation,-0.086239063524722756,__MLAT_CSV_NULL_V1__,0,0,False
chaikin_money_flow_20,direction,120,New York,Development,-0.11034699252129593,__MLAT_CSV_NULL_V1__,0,0,False
chaikin_money_flow_20,direction,120,New York,Validation,-0.10812859362617634,__MLAT_CSV_NULL_V1__,0,0,False
chaikin_money_flow_20,direction,180,New York,Development,-0.13109437736589385,__MLAT_CSV_NULL_V1__,0,0,False
chaikin_money_flow_20,direction,180,New York,Validation,-0.13936140614962864,__MLAT_CSV_NULL_V1__,0,0,False
chaikin_money_flow_20,expansion,5,New York,Development,-0.023194815918750587,-0.026378528926408833,638,37782,True
chaikin_money_flow_20,expansion,5,New York,Validation,-0.024793676703371088,-0.022945608199694621,246,14603,True
chaikin_money_flow_20,expansion,15,New York,Development,-0.0093964388133250375,-0.015915566377665915,636,12589,True
chaikin_money_flow_20,expansion,15,New York,Validation,-0.015569003878011215,0.00045800579478749265,246,4870,False
chaikin_money_flow_20,expansion,30,New York,Development,0.0021814434886430539,-0.0089499334131858798,616,6160,False
chaikin_money_flow_20,expansion,30,New York,Validation,0.0039873724837206186,0.026913199794555719,236,2360,True
chaikin_money_flow_20,expansion,60,New York,Development,-0.00092901283710222218,__MLAT_CSV_NULL_V1__,0,0,False
chaikin_money_flow_20,expansion,60,New York,Validation,0.0051202789848767407,__MLAT_CSV_NULL_V1__,0,0,False
chaikin_money_flow_20,expansion,120,New York,Development,-0.0021220983121141767,__MLAT_CSV_NULL_V1__,0,0,False
chaikin_money_flow_20,expansion,120,New York,Validation,0.0077923744738757844,__MLAT_CSV_NULL_V1__,0,0,False
chaikin_money_flow_20,expansion,180,New York,Development,0.00036641090820451567,__MLAT_CSV_NULL_V1__,0,0,False
chaikin_money_flow_20,expansion,180,New York,Validation,0.013128770825135829,__MLAT_CSV_NULL_V1__,0,0,False
chaikin_money_flow_20,volatility,5,New York,Development,-0.025569185807651496,-0.031010112606634797,638,37782,True
chaikin_money_flow_20,volatility,5,New York,Validation,-0.041857190108859445,-0.04672416673030852,246,14602,True
chaikin_money_flow_20,volatility,15,New York,Development,-0.020585236615133905,-0.020334697317143723,636,12589,True
chaikin_money_flow_20,volatility,15,New York,Validation,-0.035898064265424051,-0.03706303146290308,246,4869,True
chaikin_money_flow_20,volatility,30,New York,Development,-0.015371148201623042,-0.024576938213301844,616,6160,True
chaikin_money_flow_20,volatility,30,New York,Validation,-0.023142294509538936,-0.041910631741140215,236,2360,True
chaikin_money_flow_20,volatility,60,New York,Development,-0.013669402750189337,__MLAT_CSV_NULL_V1__,0,0,False
chaikin_money_flow_20,volatility,60,New York,Validation,-0.013335102631773153,__MLAT_CSV_NULL_V1__,0,0,False
chaikin_money_flow_20,volatility,120,New York,Development,-0.00039604091980407005,__MLAT_CSV_NULL_V1__,0,0,False
chaikin_money_flow_20,volatility,120,New York,Validation,-0.0068220995703773659,__MLAT_CSV_NULL_V1__,0,0,False
chaikin_money_flow_20,volatility,180,New York,Development,0.0043313678041351257,__MLAT_CSV_NULL_V1__,0,0,False
chaikin_money_flow_20,volatility,180,New York,Validation,0.0032180682819869925,__MLAT_CSV_NULL_V1__,0,0,False
chaikin_money_flow_20,path_risk,5,New York,Development,-0.018946425946282208,-0.023465176427556834,638,37782,True
chaikin_money_flow_20,path_risk,5,New York,Validation,-0.024495210215044659,-0.020807248952730135,246,14603,True
chaikin_money_flow_20,path_risk,15,New York,Development,-0.0043871342604344509,-0.014675954136897639,636,12589,True
chaikin_money_flow_20,path_risk,15,New York,Validation,-0.01575079374064842,0.003084874665477699,246,4870,False
chaikin_money_flow_20,path_risk,30,New York,Development,0.006027015727486199,-0.000806768988587172,616,6160,False
chaikin_money_flow_20,path_risk,30,New York,Validation,0.0023673442313867725,0.025012840267077549,236,2360,True
chaikin_money_flow_20,path_risk,60,New York,Development,0.0050953410429553795,__MLAT_CSV_NULL_V1__,0,0,False
chaikin_money_flow_20,path_risk,60,New York,Validation,0.0046275424948951397,__MLAT_CSV_NULL_V1__,0,0,False
chaikin_money_flow_20,path_risk,120,New York,Development,6.6909811787904279e-05,__MLAT_CSV_NULL_V1__,0,0,False
chaikin_money_flow_20,path_risk,120,New York,Validation,0.0064990954183926902,__MLAT_CSV_NULL_V1__,0,0,False
chaikin_money_flow_20,path_risk,180,New York,Development,0.0022487144518518721,__MLAT_CSV_NULL_V1__,0,0,False
chaikin_money_flow_20,path_risk,180,New York,Validation,0.016608779728085738,__MLAT_CSV_NULL_V1__,0,0,False
amihud_illiquidity_60,direction,5,New York,Development,0.0013018287995122874,0.00079787106761217553,638,37761,True
amihud_illiquidity_60,direction,5,New York,Validation,0.0087456577407633001,0.0074419545147957544,246,14582,True
amihud_illiquidity_60,direction,15,New York,Development,0.0075697106903432941,0.0059063301132320778,636,12582,True
amihud_illiquidity_60,direction,15,New York,Validation,0.014582141979444607,0.011896711040240817,246,4861,True
amihud_illiquidity_60,direction,30,New York,Development,0.012882705152038073,0.019841671331237164,613,6130,True
amihud_illiquidity_60,direction,30,New York,Validation,0.025807831938318704,0.0083782444803021192,234,2340,True
amihud_illiquidity_60,direction,60,New York,Development,0.018866336953618144,__MLAT_CSV_NULL_V1__,0,0,False
amihud_illiquidity_60,direction,60,New York,Validation,0.051709223109772183,__MLAT_CSV_NULL_V1__,0,0,False
amihud_illiquidity_60,direction,120,New York,Development,0.0203795659361341,__MLAT_CSV_NULL_V1__,0,0,False
amihud_illiquidity_60,direction,120,New York,Validation,0.047690309121361033,__MLAT_CSV_NULL_V1__,0,0,False
amihud_illiquidity_60,direction,180,New York,Development,-0.0073621109574143499,__MLAT_CSV_NULL_V1__,0,0,False
amihud_illiquidity_60,direction,180,New York,Validation,0.046107247406912244,__MLAT_CSV_NULL_V1__,0,0,False
amihud_illiquidity_60,expansion,5,New York,Development,0.14441887576693629,0.15072811693618704,638,37761,True
amihud_illiquidity_60,expansion,5,New York,Validation,0.13768589610964879,0.13936949180344749,246,14582,True
amihud_illiquidity_60,expansion,15,New York,Development,0.216423199459086,0.22883845515332751,636,12582,True
amihud_illiquidity_60,expansion,15,New York,Validation,0.20495132592472434,0.19427939453802173,246,4861,True
amihud_illiquidity_60,expansion,30,New York,Development,0.29593154999783589,0.29801986433920796,613,6130,True
amihud_illiquidity_60,expansion,30,New York,Validation,0.2908706965237825,0.26200466200466194,234,2340,True
amihud_illiquidity_60,expansion,60,New York,Development,0.43596808076230475,__MLAT_CSV_NULL_V1__,0,0,False
amihud_illiquidity_60,expansion,60,New York,Validation,0.41462839922086236,__MLAT_CSV_NULL_V1__,0,0,False
amihud_illiquidity_60,expansion,120,New York,Development,0.57909608425692516,__MLAT_CSV_NULL_V1__,0,0,False
amihud_illiquidity_60,expansion,120,New York,Validation,0.56648918668241499,__MLAT_CSV_NULL_V1__,0,0,False
amihud_illiquidity_60,expansion,180,New York,Development,0.6202705210242081,__MLAT_CSV_NULL_V1__,0,0,False
amihud_illiquidity_60,expansion,180,New York,Validation,0.62512693302088762,__MLAT_CSV_NULL_V1__,0,0,False
amihud_illiquidity_60,volatility,5,New York,Development,-0.30799347797203075,-0.31294325512725435,638,37761,True
amihud_illiquidity_60,volatility,5,New York,Validation,-0.39074474047702368,-0.39836612761541718,246,14582,True
amihud_illiquidity_60,volatility,15,New York,Development,-0.31375996356009533,-0.34645853915671077,636,12582,True
amihud_illiquidity_60,volatility,15,New York,Validation,-0.42639472827437058,-0.45475770841624497,246,4861,True
amihud_illiquidity_60,volatility,30,New York,Development,-0.23217781951987007,-0.33546888130901181,613,6130,True
amihud_illiquidity_60,volatility,30,New York,Validation,-0.37311712172381262,-0.46314426314426316,234,2340,True
amihud_illiquidity_60,volatility,60,New York,Development,-0.015813675218148495,__MLAT_CSV_NULL_V1__,0,0,False
amihud_illiquidity_60,volatility,60,New York,Validation,-0.20105151098958399,__MLAT_CSV_NULL_V1__,0,0,False
amihud_illiquidity_60,volatility,120,New York,Development,0.32813814066358332,__MLAT_CSV_NULL_V1__,0,0,False
amihud_illiquidity_60,volatility,120,New York,Validation,0.13367117582634522,__MLAT_CSV_NULL_V1__,0,0,False
amihud_illiquidity_60,volatility,180,New York,Development,0.52626484488840131,__MLAT_CSV_NULL_V1__,0,0,False
amihud_illiquidity_60,volatility,180,New York,Validation,0.38388561142993322,__MLAT_CSV_NULL_V1__,0,0,False
amihud_illiquidity_60,path_risk,5,New York,Development,0.12424232639081111,0.1333425742708696,638,37761,True
amihud_illiquidity_60,path_risk,5,New York,Validation,0.1171532026024943,0.12760541414198201,246,14582,True
amihud_illiquidity_60,path_risk,15,New York,Development,0.18417654382967116,0.19357690572928588,636,12582,True
amihud_illiquidity_60,path_risk,15,New York,Validation,0.17258617207271121,0.16549313917986519,246,4861,True
amihud_illiquidity_60,path_risk,30,New York,Development,0.25731284862070131,0.25071926442236386,613,6130,True
amihud_illiquidity_60,path_risk,30,New York,Validation,0.25531021794570891,0.24154364154364152,234,2340,True
amihud_illiquidity_60,path_risk,60,New York,Development,0.38772670902502065,__MLAT_CSV_NULL_V1__,0,0,False
amihud_illiquidity_60,path_risk,60,New York,Validation,0.37152458669979899,__MLAT_CSV_NULL_V1__,0,0,False
amihud_illiquidity_60,path_risk,120,New York,Development,0.5312649605943125,__MLAT_CSV_NULL_V1__,0,0,False
amihud_illiquidity_60,path_risk,120,New York,Validation,0.51389006023048933,__MLAT_CSV_NULL_V1__,0,0,False
amihud_illiquidity_60,path_risk,180,New York,Development,0.57680539461635039,__MLAT_CSV_NULL_V1__,0,0,False
amihud_illiquidity_60,path_risk,180,New York,Validation,0.57404063315372533,__MLAT_CSV_NULL_V1__,0,0,False
parkinson_volatility_30,direction,5,New York,Development,0.0041491818148115924,0.0040040109938109169,638,37780,True
parkinson_volatility_30,direction,5,New York,Validation,0.016853295736901912,0.017649815132833573,246,14600,True
parkinson_volatility_30,direction,15,New York,Development,0.0031037485024953556,0.0009667609074278039,636,12589,True
parkinson_volatility_30,direction,15,New York,Validation,0.018491464944131706,0.021091121962631441,246,4868,True
parkinson_volatility_30,direction,30,New York,Development,0.0024884769222498432,0.000987922861226718,616,6160,True
parkinson_volatility_30,direction,30,New York,Validation,0.0120350816711158,0.027792861069481381,235,2350,True
parkinson_volatility_30,direction,60,New York,Development,0.006334741901675045,__MLAT_CSV_NULL_V1__,0,0,False
parkinson_volatility_30,direction,60,New York,Validation,-0.012239786698842901,__MLAT_CSV_NULL_V1__,0,0,False
parkinson_volatility_30,direction,120,New York,Development,0.020450232787632201,__MLAT_CSV_NULL_V1__,0,0,False
parkinson_volatility_30,direction,120,New York,Validation,0.0052611232122059372,__MLAT_CSV_NULL_V1__,0,0,False
parkinson_volatility_30,direction,180,New York,Development,0.048517674560684051,__MLAT_CSV_NULL_V1__,0,0,False
parkinson_volatility_30,direction,180,New York,Validation,0.013440612742110676,__MLAT_CSV_NULL_V1__,0,0,False
parkinson_volatility_30,expansion,5,New York,Development,-0.23626173395848418,-0.24851094294884762,638,37780,True
parkinson_volatility_30,expansion,5,New York,Validation,-0.22655760954987458,-0.23252527842682044,246,14600,True
parkinson_volatility_30,expansion,15,New York,Development,-0.322235987764178,-0.33071769731062023,636,12589,True
parkinson_volatility_30,expansion,15,New York,Validation,-0.30976404737244362,-0.2979753407507692,246,4868,True
parkinson_volatility_30,expansion,30,New York,Development,-0.4071780517314732,-0.38522726525108048,616,6160,True
parkinson_volatility_30,expansion,30,New York,Validation,-0.40539276876141511,-0.35355254674403608,235,2350,True
parkinson_volatility_30,expansion,60,New York,Development,-0.51205571444103559,__MLAT_CSV_NULL_V1__,0,0,False
parkinson_volatility_30,expansion,60,New York,Validation,-0.5267789823412744,__MLAT_CSV_NULL_V1__,0,0,False
parkinson_volatility_30,expansion,120,New York,Development,-0.64217734064315768,__MLAT_CSV_NULL_V1__,0,0,False
parkinson_volatility_30,expansion,120,New York,Validation,-0.67115469164221064,__MLAT_CSV_NULL_V1__,0,0,False
parkinson_volatility_30,expansion,180,New York,Development,-0.71427379807657765,__MLAT_CSV_NULL_V1__,0,0,False
parkinson_volatility_30,expansion,180,New York,Validation,-0.74192209618636673,__MLAT_CSV_NULL_V1__,0,0,False
parkinson_volatility_30,volatility,5,New York,Development,0.45647946407098916,0.45368637216306096,638,37780,True
parkinson_volatility_30,volatility,5,New York,Validation,0.48686784047365111,0.49033575627858089,246,14599,True
parkinson_volatility_30,volatility,15,New York,Development,0.50224428445420521,0.50379559178481426,636,12589,True
parkinson_volatility_30,volatility,15,New York,Validation,0.54798045534924678,0.55718843399127316,246,4868,True
parkinson_volatility_30,volatility,30,New York,Development,0.43735345446497714,0.48055883510428959,616,6160,True
parkinson_volatility_30,volatility,30,New York,Validation,0.49038579253559139,0.53325596389426166,235,2350,True
parkinson_volatility_30,volatility,60,New York,Development,0.27304612695728581,__MLAT_CSV_NULL_V1__,0,0,False
parkinson_volatility_30,volatility,60,New York,Validation,0.32257516331963021,__MLAT_CSV_NULL_V1__,0,0,False
parkinson_volatility_30,volatility,120,New York,Development,-0.00015717455211322566,__MLAT_CSV_NULL_V1__,0,0,False
parkinson_volatility_30,volatility,120,New York,Validation,0.019565764805171068,__MLAT_CSV_NULL_V1__,0,0,False
parkinson_volatility_30,volatility,180,New York,Development,-0.23498648903677541,__MLAT_CSV_NULL_V1__,0,0,False
parkinson_volatility_30,volatility,180,New York,Validation,-0.25055717878022671,__MLAT_CSV_NULL_V1__,0,0,False
parkinson_volatility_30,path_risk,5,New York,Development,-0.20707679424492692,-0.21413355626974145,638,37780,True
parkinson_volatility_30,path_risk,5,New York,Validation,-0.19461108510117084,-0.20347790426909021,246,14600,True
parkinson_volatility_30,path_risk,15,New York,Development,-0.27021857790657522,-0.2742117307545906,636,12589,True
parkinson_volatility_30,path_risk,15,New York,Validation,-0.25752910605464413,-0.24504073910621307,246,4868,True
parkinson_volatility_30,path_risk,30,New York,Development,-0.34650952482934738,-0.31806375442739071,616,6160,True
parkinson_volatility_30,path_risk,30,New York,Validation,-0.34395851098755609,-0.31079303675048353,235,2350,True
parkinson_volatility_30,path_risk,60,New York,Development,-0.4516529215379454,__MLAT_CSV_NULL_V1__,0,0,False
parkinson_volatility_30,path_risk,60,New York,Validation,-0.45940042241798135,__MLAT_CSV_NULL_V1__,0,0,False
parkinson_volatility_30,path_risk,120,New York,Development,-0.58281912890146692,__MLAT_CSV_NULL_V1__,0,0,False
parkinson_volatility_30,path_risk,120,New York,Validation,-0.59743303317317831,__MLAT_CSV_NULL_V1__,0,0,False
parkinson_volatility_30,path_risk,180,New York,Development,-0.65667295300830042,__MLAT_CSV_NULL_V1__,0,0,False
parkinson_volatility_30,path_risk,180,New York,Validation,-0.67106470563386389,__MLAT_CSV_NULL_V1__,0,0,False
rogers_satchell_volatility_30,direction,5,New York,Development,0.0034664465901697878,0.0026623961947708653,638,37780,True
rogers_satchell_volatility_30,direction,5,New York,Validation,0.01731757273298298,0.017685230748016065,246,14600,True
rogers_satchell_volatility_30,direction,15,New York,Development,0.0027473895384175994,0.00069130796800582529,636,12589,True
rogers_satchell_volatility_30,direction,15,New York,Validation,0.018257679060660156,0.025845240812635655,246,4868,True
rogers_satchell_volatility_30,direction,30,New York,Development,0.0026446381158915029,0.0052975494006867784,616,6160,True
rogers_satchell_volatility_30,direction,30,New York,Validation,0.0094318947024507223,0.026760483468689082,235,2350,True
rogers_satchell_volatility_30,direction,60,New York,Development,0.0042740014282248709,__MLAT_CSV_NULL_V1__,0,0,False
rogers_satchell_volatility_30,direction,60,New York,Validation,-0.016817287298210443,__MLAT_CSV_NULL_V1__,0,0,False
rogers_satchell_volatility_30,direction,120,New York,Development,0.02228766204864023,__MLAT_CSV_NULL_V1__,0,0,False
rogers_satchell_volatility_30,direction,120,New York,Validation,-0.00090617558635571111,__MLAT_CSV_NULL_V1__,0,0,False
rogers_satchell_volatility_30,direction,180,New York,Development,0.04883012287471334,__MLAT_CSV_NULL_V1__,0,0,False
rogers_satchell_volatility_30,direction,180,New York,Validation,0.0071701671936070296,__MLAT_CSV_NULL_V1__,0,0,False
rogers_satchell_volatility_30,expansion,5,New York,Development,-0.2230868714510221,-0.23476186903993879,638,37780,True
rogers_satchell_volatility_30,expansion,5,New York,Validation,-0.21068845677179496,-0.21654362360108367,246,14600,True
rogers_satchell_volatility_30,expansion,15,New York,Development,-0.30684271621974885,-0.31389602359664848,636,12589,True
rogers_satchell_volatility_30,expansion,15,New York,Validation,-0.29087965320503828,-0.27578813012438319,246,4868,True
rogers_satchell_volatility_30,expansion,30,New York,Development,-0.38822046167915142,-0.3720635160358588,616,6160,True
rogers_satchell_volatility_30,expansion,30,New York,Validation,-0.38509844989824077,-0.33482914248871687,235,2350,True
rogers_satchell_volatility_30,expansion,60,New York,Development,-0.49162843341180001,__MLAT_CSV_NULL_V1__,0,0,False
rogers_satchell_volatility_30,expansion,60,New York,Validation,-0.50284988599804981,__MLAT_CSV_NULL_V1__,0,0,False
rogers_satchell_volatility_30,expansion,120,New York,Development,-0.62149054176568097,__MLAT_CSV_NULL_V1__,0,0,False
rogers_satchell_volatility_30,expansion,120,New York,Validation,-0.65246009178465014,__MLAT_CSV_NULL_V1__,0,0,False
rogers_satchell_volatility_30,expansion,180,New York,Development,-0.69434488275506612,__MLAT_CSV_NULL_V1__,0,0,False
rogers_satchell_volatility_30,expansion,180,New York,Validation,-0.72165984331678634,__MLAT_CSV_NULL_V1__,0,0,False
rogers_satchell_volatility_30,volatility,5,New York,Development,0.46171729253765453,0.45778454264064505,638,37780,True
rogers_satchell_volatility_30,volatility,5,New York,Validation,0.49678213643024416,0.49978586268892367,246,14599,True
rogers_satchell_volatility_30,volatility,15,New York,Development,0.50974259772364672,0.5084461868638076,636,12589,True
rogers_satchell_volatility_30,volatility,15,New York,Validation,0.55748652489503681,0.57058585266412032,246,4868,True
rogers_satchell_volatility_30,volatility,30,New York,Development,0.45064403084940019,0.48591105863833128,616,6160,True
rogers_satchell_volatility_30,volatility,30,New York,Validation,0.50116703024101794,0.54315925209542226,235,2350,True
rogers_satchell_volatility_30,volatility,60,New York,Development,0.29162071558132685,__MLAT_CSV_NULL_V1__,0,0,False
rogers_satchell_volatility_30,volatility,60,New York,Validation,0.33952930314236163,__MLAT_CSV_NULL_V1__,0,0,False
rogers_satchell_volatility_30,volatility,120,New York,Development,0.014533910941672301,__MLAT_CSV_NULL_V1__,0,0,False
rogers_satchell_volatility_30,volatility,120,New York,Validation,0.036856127028539798,__MLAT_CSV_NULL_V1__,0,0,False
rogers_satchell_volatility_30,volatility,180,New York,Development,-0.22172320041308075,__MLAT_CSV_NULL_V1__,0,0,False
rogers_satchell_volatility_30,volatility,180,New York,Validation,-0.23255970727017158,__MLAT_CSV_NULL_V1__,0,0,False
rogers_satchell_volatility_30,path_risk,5,New York,Development,-0.19439419724652721,-0.20171567747298796,638,37780,True
rogers_satchell_volatility_30,path_risk,5,New York,Validation,-0.17915689834841819,-0.18822008945293481,246,14600,True
rogers_satchell_volatility_30,path_risk,15,New York,Development,-0.25637297883097721,-0.25830272575983387,636,12589,True
rogers_satchell_volatility_30,path_risk,15,New York,Validation,-0.24102657800242097,-0.22437773293196475,246,4868,True
rogers_satchell_volatility_30,path_risk,30,New York,Development,-0.33037173224862498,-0.30808736717827623,616,6160,True
rogers_satchell_volatility_30,path_risk,30,New York,Validation,-0.32642982799460291,-0.29573178594455191,235,2350,True
rogers_satchell_volatility_30,path_risk,60,New York,Development,-0.43375334926681314,__MLAT_CSV_NULL_V1__,0,0,False
rogers_satchell_volatility_30,path_risk,60,New York,Validation,-0.43772351978277935,__MLAT_CSV_NULL_V1__,0,0,False
rogers_satchell_volatility_30,path_risk,120,New York,Development,-0.56525697633802274,__MLAT_CSV_NULL_V1__,0,0,False
rogers_satchell_volatility_30,path_risk,120,New York,Validation,-0.58399994397806632,__MLAT_CSV_NULL_V1__,0,0,False
rogers_satchell_volatility_30,path_risk,180,New York,Development,-0.63935520155539638,__MLAT_CSV_NULL_V1__,0,0,False
rogers_satchell_volatility_30,path_risk,180,New York,Validation,-0.65409673373111454,__MLAT_CSV_NULL_V1__,0,0,False
realized_semivariance_balance_60,direction,5,New York,Development,-0.08460401999236461,-0.08259104119858704,638,37761,True
realized_semivariance_balance_60,direction,5,New York,Validation,-0.087038114180468321,-0.082195832654752887,246,14582,True
realized_semivariance_balance_60,direction,15,New York,Development,-0.12024796939101126,-0.12079373553322893,636,12582,True
realized_semivariance_balance_60,direction,15,New York,Validation,-0.13033202705712432,-0.11645373894755531,246,4861,True
realized_semivariance_balance_60,direction,30,New York,Development,-0.15675641517891642,-0.13179013539098949,613,6130,True
realized_semivariance_balance_60,direction,30,New York,Validation,-0.16523474657838957,-0.12523253848822605,234,2340,True
realized_semivariance_balance_60,direction,60,New York,Development,-0.21172041792541876,__MLAT_CSV_NULL_V1__,0,0,False
realized_semivariance_balance_60,direction,60,New York,Validation,-0.2075085954951997,__MLAT_CSV_NULL_V1__,0,0,False
realized_semivariance_balance_60,direction,120,New York,Development,-0.29842821179954804,__MLAT_CSV_NULL_V1__,0,0,False
realized_semivariance_balance_60,direction,120,New York,Validation,-0.26056552150498208,__MLAT_CSV_NULL_V1__,0,0,False
realized_semivariance_balance_60,direction,180,New York,Development,-0.35380278742497578,__MLAT_CSV_NULL_V1__,0,0,False
realized_semivariance_balance_60,direction,180,New York,Validation,-0.31911742259154136,__MLAT_CSV_NULL_V1__,0,0,False
realized_semivariance_balance_60,expansion,5,New York,Development,-0.0099913817538509943,-0.0087640727431788409,638,37761,True
realized_semivariance_balance_60,expansion,5,New York,Validation,0.00032576185162500748,0.0050841649481596146,246,14582,True
realized_semivariance_balance_60,expansion,15,New York,Development,0.00041139956393446917,0.0086214206541100694,636,12582,True
realized_semivariance_balance_60,expansion,15,New York,Validation,0.001807195129731739,0.0050689486665096402,246,4861,True
realized_semivariance_balance_60,expansion,30,New York,Development,0.013527301584911538,0.033168696353219583,613,6130,True
realized_semivariance_balance_60,expansion,30,New York,Validation,0.0015250019522743562,-0.0080808080808080791,234,2340,False
realized_semivariance_balance_60,expansion,60,New York,Development,0.016852787879089413,__MLAT_CSV_NULL_V1__,0,0,False
realized_semivariance_balance_60,expansion,60,New York,Validation,0.019918841178573354,__MLAT_CSV_NULL_V1__,0,0,False
realized_semivariance_balance_60,expansion,120,New York,Development,0.025889903768284154,__MLAT_CSV_NULL_V1__,0,0,False
realized_semivariance_balance_60,expansion,120,New York,Validation,0.032292442461165555,__MLAT_CSV_NULL_V1__,0,0,False
realized_semivariance_balance_60,expansion,180,New York,Development,0.038155267111810581,__MLAT_CSV_NULL_V1__,0,0,False
realized_semivariance_balance_60,expansion,180,New York,Validation,0.037210325421250932,__MLAT_CSV_NULL_V1__,0,0,False
realized_semivariance_balance_60,volatility,5,New York,Development,-0.044786694694862988,-0.043942219003768261,638,37761,True
realized_semivariance_balance_60,volatility,5,New York,Validation,-0.054999470867590355,-0.058760033510208365,246,14582,True
realized_semivariance_balance_60,volatility,15,New York,Development,-0.045774108580517149,-0.044054810890636578,636,12582,True
realized_semivariance_balance_60,volatility,15,New York,Validation,-0.055675609788821842,-0.064168503264629514,246,4861,True
realized_semivariance_balance_60,volatility,30,New York,Development,-0.036478714019306961,-0.028266350289188783,613,6130,True
realized_semivariance_balance_60,volatility,30,New York,Validation,-0.046390886021809338,-0.071328671328671309,234,2340,True
realized_semivariance_balance_60,volatility,60,New York,Development,-0.012409566586419476,__MLAT_CSV_NULL_V1__,0,0,False
realized_semivariance_balance_60,volatility,60,New York,Validation,-0.042918617970127491,__MLAT_CSV_NULL_V1__,0,0,False
realized_semivariance_balance_60,volatility,120,New York,Development,0.0052272744474081466,__MLAT_CSV_NULL_V1__,0,0,False
realized_semivariance_balance_60,volatility,120,New York,Validation,-0.0095027595929268998,__MLAT_CSV_NULL_V1__,0,0,False
realized_semivariance_balance_60,volatility,180,New York,Development,0.015210862366197855,__MLAT_CSV_NULL_V1__,0,0,False
realized_semivariance_balance_60,volatility,180,New York,Validation,0.00055848955533459841,__MLAT_CSV_NULL_V1__,0,0,False
realized_semivariance_balance_60,path_risk,5,New York,Development,-0.0087412319203487316,-0.0076380586720871816,638,37761,True
realized_semivariance_balance_60,path_risk,5,New York,Validation,-0.0037676191803594039,-0.0013749220523708392,246,14582,True
realized_semivariance_balance_60,path_risk,15,New York,Development,0.0021907846643412624,0.015413924491147282,636,12582,True
realized_semivariance_balance_60,path_risk,15,New York,Validation,-0.0025901866322370496,-0.0098289008275294146,246,4861,True
realized_semivariance_balance_60,path_risk,30,New York,Development,0.012661188769836155,0.036946957338474466,613,6130,True
realized_semivariance_balance_60,path_risk,30,New York,Validation,-0.0022120289062954445,-0.009686609686609688,234,2340,True
realized_semivariance_balance_60,path_risk,60,New York,Development,0.02118809477324593,__MLAT_CSV_NULL_V1__,0,0,False
realized_semivariance_balance_60,path_risk,60,New York,Validation,0.0060579169432010815,__MLAT_CSV_NULL_V1__,0,0,False
realized_semivariance_balance_60,path_risk,120,New York,Development,0.030420041248086709,__MLAT_CSV_NULL_V1__,0,0,False
realized_semivariance_balance_60,path_risk,120,New York,Validation,0.022018426963377653,__MLAT_CSV_NULL_V1__,0,0,False
realized_semivariance_balance_60,path_risk,180,New York,Development,0.042119031011989036,__MLAT_CSV_NULL_V1__,0,0,False
realized_semivariance_balance_60,path_risk,180,New York,Validation,0.031516773407230914,__MLAT_CSV_NULL_V1__,0,0,False
bipower_jump_ratio_60,direction,5,New York,Development,0.0014722659805589456,0.0023340648200508175,638,37761,True
bipower_jump_ratio_60,direction,5,New York,Validation,-0.0082178563305144343,-0.0058263389674112149,246,14581,True
bipower_jump_ratio_60,direction,15,New York,Development,-0.0015987814674622658,-0.0059519246391448689,636,12582,True
bipower_jump_ratio_60,direction,15,New York,Validation,-0.017801035700261713,-0.022005729694675909,245,4841,True
bipower_jump_ratio_60,direction,30,New York,Development,-0.0064564767862548555,-0.0039525946251448155,611,6110,True
bipower_jump_ratio_60,direction,30,New York,Validation,-0.026300229127951637,-0.074488927262077842,231,2310,True
bipower_jump_ratio_60,direction,60,New York,Development,-0.013278213125561419,__MLAT_CSV_NULL_V1__,0,0,False
bipower_jump_ratio_60,direction,60,New York,Validation,-0.038668567808336031,__MLAT_CSV_NULL_V1__,0,0,False
bipower_jump_ratio_60,direction,120,New York,Development,-0.032418805502415007,__MLAT_CSV_NULL_V1__,0,0,False
bipower_jump_ratio_60,direction,120,New York,Validation,-0.02715293470839597,__MLAT_CSV_NULL_V1__,0,0,False
bipower_jump_ratio_60,direction,180,New York,Development,-0.036145724959024413,__MLAT_CSV_NULL_V1__,0,0,False
bipower_jump_ratio_60,direction,180,New York,Validation,-0.046969148066428823,__MLAT_CSV_NULL_V1__,0,0,False
bipower_jump_ratio_60,expansion,5,New York,Development,0.019502690844031587,0.014292477510643364,638,37761,True
bipower_jump_ratio_60,expansion,5,New York,Validation,0.034401433653801113,0.031081841751831381,246,14581,True
bipower_jump_ratio_60,expansion,15,New York,Development,0.0074604776782743847,0.00079564939795489543,636,12582,True
bipower_jump_ratio_60,expansion,15,New York,Validation,0.027212382799690769,0.018756542040727381,245,4841,True
bipower_jump_ratio_60,expansion,30,New York,Development,0.0040093304587761457,0.0005434596448369185,611,6110,True
bipower_jump_ratio_60,expansion,30,New York,Validation,0.013409187462958791,0.0011262375338432554,231,2310,True
bipower_jump_ratio_60,expansion,60,New York,Development,-0.0031197268180239838,__MLAT_CSV_NULL_V1__,0,0,False
bipower_jump_ratio_60,expansion,60,New York,Validation,-0.0074064091390609954,__MLAT_CSV_NULL_V1__,0,0,False
bipower_jump_ratio_60,expansion,120,New York,Development,0.011654796728321768,__MLAT_CSV_NULL_V1__,0,0,False
bipower_jump_ratio_60,expansion,120,New York,Validation,-0.013801648616153321,__MLAT_CSV_NULL_V1__,0,0,False
bipower_jump_ratio_60,expansion,180,New York,Development,0.016008661053794743,__MLAT_CSV_NULL_V1__,0,0,False
bipower_jump_ratio_60,expansion,180,New York,Validation,-0.0093232068289610809,__MLAT_CSV_NULL_V1__,0,0,False
bipower_jump_ratio_60,volatility,5,New York,Development,0.058649654272346953,0.052149731728251866,638,37761,True
bipower_jump_ratio_60,volatility,5,New York,Validation,0.052496408087262539,0.051641427416399439,246,14580,True
bipower_jump_ratio_60,volatility,15,New York,Development,0.063605024655368714,0.039779509764146535,636,12582,True
bipower_jump_ratio_60,volatility,15,New York,Validation,0.058001219470713537,0.04892693452505522,245,4840,True
bipower_jump_ratio_60,volatility,30,New York,Development,0.063996183010584087,0.031789183580352605,611,6110,True
bipower_jump_ratio_60,volatility,30,New York,Validation,0.058893621164739098,0.02726589345739595,231,2310,True
bipower_jump_ratio_60,volatility,60,New York,Development,0.064186708148522884,__MLAT_CSV_NULL_V1__,0,0,False
bipower_jump_ratio_60,volatility,60,New York,Validation,0.050748543737840733,__MLAT_CSV_NULL_V1__,0,0,False
bipower_jump_ratio_60,volatility,120,New York,Development,0.083709802606557568,__MLAT_CSV_NULL_V1__,0,0,False
bipower_jump_ratio_60,volatility,120,New York,Validation,0.059475441438559332,__MLAT_CSV_NULL_V1__,0,0,False
bipower_jump_ratio_60,volatility,180,New York,Development,0.080213289904875085,__MLAT_CSV_NULL_V1__,0,0,False
bipower_jump_ratio_60,volatility,180,New York,Validation,0.062971573399119379,__MLAT_CSV_NULL_V1__,0,0,False
bipower_jump_ratio_60,path_risk,5,New York,Development,0.014613351979617361,0.0092241044259840105,638,37761,True
bipower_jump_ratio_60,path_risk,5,New York,Validation,0.028680812302156501,0.0328072167808941,246,14581,True
bipower_jump_ratio_60,path_risk,15,New York,Development,0.0077843099122029951,0.0021105878669683406,636,12582,True
bipower_jump_ratio_60,path_risk,15,New York,Validation,0.023441017419100485,0.018554982962054309,245,4841,True
bipower_jump_ratio_60,path_risk,30,New York,Development,0.0041797596426050429,0.0015673787986459648,611,6110,True
bipower_jump_ratio_60,path_risk,30,New York,Validation,0.0072323418229638115,-0.006064581772049351,231,2310,False
bipower_jump_ratio_60,path_risk,60,New York,Development,-0.0039880144987572913,__MLAT_CSV_NULL_V1__,0,0,False
bipower_jump_ratio_60,path_risk,60,New York,Validation,-0.012026857720861319,__MLAT_CSV_NULL_V1__,0,0,False
bipower_jump_ratio_60,path_risk,120,New York,Development,0.0092596379427454939,__MLAT_CSV_NULL_V1__,0,0,False
bipower_jump_ratio_60,path_risk,120,New York,Validation,-0.018255256874127834,__MLAT_CSV_NULL_V1__,0,0,False
bipower_jump_ratio_60,path_risk,180,New York,Development,0.01324158264072358,__MLAT_CSV_NULL_V1__,0,0,False
bipower_jump_ratio_60,path_risk,180,New York,Validation,-0.016405537915697016,__MLAT_CSV_NULL_V1__,0,0,False
variance_ratio_60_5,direction,5,New York,Development,0.0048991750300450528,0.0083475963704353305,638,37757,True
variance_ratio_60_5,direction,5,New York,Validation,-0.015627554068622727,-0.014120434440426715,246,14579,True
variance_ratio_60_5,direction,15,New York,Development,0.011782139976017649,0.011476731889909391,636,12580,True
variance_ratio_60_5,direction,15,New York,Validation,-0.017860768944741371,-0.0087263316934822442,246,4861,True
variance_ratio_60_5,direction,30,New York,Development,0.012722657736536795,0.00929552963738162,613,6130,True
variance_ratio_60_5,direction,30,New York,Validation,-0.012789984056391137,0.00036118117981616014,234,2340,False
variance_ratio_60_5,direction,60,New York,Development,0.0030739249446050882,__MLAT_CSV_NULL_V1__,0,0,False
variance_ratio_60_5,direction,60,New York,Validation,-0.0098270711099912294,__MLAT_CSV_NULL_V1__,0,0,False
variance_ratio_60_5,direction,120,New York,Development,-0.017421777711541492,__MLAT_CSV_NULL_V1__,0,0,False
variance_ratio_60_5,direction,120,New York,Validation,-0.0074749961448707285,__MLAT_CSV_NULL_V1__,0,0,False
variance_ratio_60_5,direction,180,New York,Development,-0.012021694554983489,__MLAT_CSV_NULL_V1__,0,0,False
variance_ratio_60_5,direction,180,New York,Validation,0.0039002988611298943,__MLAT_CSV_NULL_V1__,0,0,False
variance_ratio_60_5,expansion,5,New York,Development,-0.038297226871761847,-0.034302972337378612,638,37757,True
variance_ratio_60_5,expansion,5,New York,Validation,-0.024588914707661131,-0.019544052410591813,246,14579,True
variance_ratio_60_5,expansion,15,New York,Development,-0.069817023948186299,-0.067353324909529791,636,12580,True
variance_ratio_60_5,expansion,15,New York,Validation,-0.060159584548149271,-0.05723943050832727,246,4861,True
variance_ratio_60_5,expansion,30,New York,Development,-0.087056191455554308,-0.095054999261703521,613,6130,True
variance_ratio_60_5,expansion,30,New York,Validation,-0.069406109325833493,-0.076715876715876707,234,2340,True
variance_ratio_60_5,expansion,60,New York,Development,-0.099700483748566909,__MLAT_CSV_NULL_V1__,0,0,False
variance_ratio_60_5,expansion,60,New York,Validation,-0.080126980562618993,__MLAT_CSV_NULL_V1__,0,0,False
variance_ratio_60_5,expansion,120,New York,Development,-0.11086309421390406,__MLAT_CSV_NULL_V1__,0,0,False
variance_ratio_60_5,expansion,120,New York,Validation,-0.051082381762191424,__MLAT_CSV_NULL_V1__,0,0,False
variance_ratio_60_5,expansion,180,New York,Development,-0.10078941140981802,__MLAT_CSV_NULL_V1__,0,0,False
variance_ratio_60_5,expansion,180,New York,Validation,-0.046581530651556638,__MLAT_CSV_NULL_V1__,0,0,False
variance_ratio_60_5,volatility,5,New York,Development,0.046809276940048522,0.053347404446801923,638,37757,True
variance_ratio_60_5,volatility,5,New York,Validation,0.037993555687013833,0.044264005356737843,246,14578,True
variance_ratio_60_5,volatility,15,New York,Development,0.040073493960093909,0.045484069512926335,636,12580,True
variance_ratio_60_5,volatility,15,New York,Validation,0.041366842292739459,0.038560968342739838,246,4860,True
variance_ratio_60_5,volatility,30,New York,Development,0.021504176543510556,0.043017450195264213,613,6130,True
variance_ratio_60_5,volatility,30,New York,Validation,0.026213296880135208,0.022429422429422433,234,2340,True
variance_ratio_60_5,volatility,60,New York,Development,-0.0087073042897588843,__MLAT_CSV_NULL_V1__,0,0,False
variance_ratio_60_5,volatility,60,New York,Validation,-0.0085265074984009603,__MLAT_CSV_NULL_V1__,0,0,False
variance_ratio_60_5,volatility,120,New York,Development,-0.066531252329738652,__MLAT_CSV_NULL_V1__,0,0,False
variance_ratio_60_5,volatility,120,New York,Validation,-0.063612260871639237,__MLAT_CSV_NULL_V1__,0,0,False
variance_ratio_60_5,volatility,180,New York,Development,-0.083514735162407205,__MLAT_CSV_NULL_V1__,0,0,False
variance_ratio_60_5,volatility,180,New York,Validation,-0.067105403209447606,__MLAT_CSV_NULL_V1__,0,0,False
variance_ratio_60_5,path_risk,5,New York,Development,-0.037964059282117754,-0.035289513824047256,638,37757,True
variance_ratio_60_5,path_risk,5,New York,Validation,-0.030651735799203116,-0.023117551190291248,246,14579,True
variance_ratio_60_5,path_risk,15,New York,Development,-0.067390464580984438,-0.063745711495660204,636,12580,True
variance_ratio_60_5,path_risk,15,New York,Validation,-0.056392396779962342,-0.05944800142038463,246,4861,True
variance_ratio_60_5,path_risk,30,New York,Development,-0.080430458400124694,-0.084383805427851094,613,6130,True
variance_ratio_60_5,path_risk,30,New York,Validation,-0.062955124867370635,-0.04413364413364413,234,2340,True
variance_ratio_60_5,path_risk,60,New York,Development,-0.087477789454983565,__MLAT_CSV_NULL_V1__,0,0,False
variance_ratio_60_5,path_risk,60,New York,Validation,-0.074539772566596663,__MLAT_CSV_NULL_V1__,0,0,False
variance_ratio_60_5,path_risk,120,New York,Development,-0.098762460823172984,__MLAT_CSV_NULL_V1__,0,0,False
variance_ratio_60_5,path_risk,120,New York,Validation,-0.044617013490606872,__MLAT_CSV_NULL_V1__,0,0,False
variance_ratio_60_5,path_risk,180,New York,Development,-0.091666458456943684,__MLAT_CSV_NULL_V1__,0,0,False
variance_ratio_60_5,path_risk,180,New York,Validation,-0.040143615010073186,__MLAT_CSV_NULL_V1__,0,0,False
return_sign_entropy_60,direction,5,New York,Development,-0.0063534501003487147,-0.0052281214639197417,638,37761,True
return_sign_entropy_60,direction,5,New York,Validation,-0.012413360696340801,-0.016815013960910476,246,14582,True
return_sign_entropy_60,direction,15,New York,Development,-0.0084196320181102215,-0.0066396101805740694,636,12582,True
return_sign_entropy_60,direction,15,New York,Validation,-0.01854655016566056,-0.024436523301448371,246,4861,True
return_sign_entropy_60,direction,30,New York,Development,-0.0017446398678189166,0.0040523157514881173,613,6130,False
return_sign_entropy_60,direction,30,New York,Validation,-0.018319379269255018,-0.046768409182126394,234,2340,True
return_sign_entropy_60,direction,60,New York,Development,0.0013854762205298791,__MLAT_CSV_NULL_V1__,0,0,False
return_sign_entropy_60,direction,60,New York,Validation,-0.013987868452709037,__MLAT_CSV_NULL_V1__,0,0,False
return_sign_entropy_60,direction,120,New York,Development,-0.01864549968567307,__MLAT_CSV_NULL_V1__,0,0,False
return_sign_entropy_60,direction,120,New York,Validation,-0.0077774979666979695,__MLAT_CSV_NULL_V1__,0,0,False
return_sign_entropy_60,direction,180,New York,Development,-0.040498423380375952,__MLAT_CSV_NULL_V1__,0,0,False
return_sign_entropy_60,direction,180,New York,Validation,-0.016738306625674586,__MLAT_CSV_NULL_V1__,0,0,False
return_sign_entropy_60,expansion,5,New York,Development,0.13782043122116672,0.13842620058347563,638,37761,True
return_sign_entropy_60,expansion,5,New York,Validation,0.12578813206170342,0.12761691191813487,246,14582,True
return_sign_entropy_60,expansion,15,New York,Development,0.18863225663082331,0.19709103108020568,636,12582,True
return_sign_entropy_60,expansion,15,New York,Validation,0.1748989050763943,0.18135174137022472,246,4861,True
return_sign_entropy_60,expansion,30,New York,Development,0.23823928609034345,0.26043281800311907,613,6130,True
return_sign_entropy_60,expansion,30,New York,Validation,0.22145756886726364,0.21316561901905104,234,2340,True
return_sign_entropy_60,expansion,60,New York,Development,0.32360936840893134,__MLAT_CSV_NULL_V1__,0,0,False
return_sign_entropy_60,expansion,60,New York,Validation,0.29236215658059783,__MLAT_CSV_NULL_V1__,0,0,False
return_sign_entropy_60,expansion,120,New York,Development,0.42295500432579369,__MLAT_CSV_NULL_V1__,0,0,False
return_sign_entropy_60,expansion,120,New York,Validation,0.41149318269327667,__MLAT_CSV_NULL_V1__,0,0,False
return_sign_entropy_60,expansion,180,New York,Development,0.4603770383813745,__MLAT_CSV_NULL_V1__,0,0,False
return_sign_entropy_60,expansion,180,New York,Validation,0.44292428730650063,__MLAT_CSV_NULL_V1__,0,0,False
return_sign_entropy_60,volatility,5,New York,Development,-0.22555601429053262,-0.23096080341848069,638,37761,True
return_sign_entropy_60,volatility,5,New York,Validation,-0.25380968106037521,-0.26148033864647569,246,14582,True
return_sign_entropy_60,volatility,15,New York,Development,-0.23584176195832252,-0.26486574680337899,636,12582,True
return_sign_entropy_60,volatility,15,New York,Validation,-0.27428148495715765,-0.29581754286920614,246,4861,True
return_sign_entropy_60,volatility,30,New York,Development,-0.18163878292203892,-0.24656031831136047,613,6130,True
return_sign_entropy_60,volatility,30,New York,Validation,-0.23385923664480762,-0.31000516468165684,234,2340,True
return_sign_entropy_60,volatility,60,New York,Development,-0.041483948762145555,__MLAT_CSV_NULL_V1__,0,0,False
return_sign_entropy_60,volatility,60,New York,Validation,-0.11420489255362593,__MLAT_CSV_NULL_V1__,0,0,False
return_sign_entropy_60,volatility,120,New York,Development,0.20063537238031509,__MLAT_CSV_NULL_V1__,0,0,False
return_sign_entropy_60,volatility,120,New York,Validation,0.12619010541881934,__MLAT_CSV_NULL_V1__,0,0,False
return_sign_entropy_60,volatility,180,New York,Development,0.34855280848621234,__MLAT_CSV_NULL_V1__,0,0,False
return_sign_entropy_60,volatility,180,New York,Validation,0.30107238530675362,__MLAT_CSV_NULL_V1__,0,0,False
return_sign_entropy_60,path_risk,5,New York,Development,0.12205378429176759,0.12064228011229132,638,37761,True
return_sign_entropy_60,path_risk,5,New York,Validation,0.10849534470815522,0.11051505442230401,246,14582,True
return_sign_entropy_60,path_risk,15,New York,Development,0.16151151580111184,0.16873011570573282,636,12582,True
return_sign_entropy_60,path_risk,15,New York,Validation,0.1517261155567641,0.15200660620209486,246,4861,True
return_sign_entropy_60,path_risk,30,New York,Development,0.20447896310031019,0.22480131281662821,613,6130,True
return_sign_entropy_60,path_risk,30,New York,Validation,0.19240970572450158,0.20352979926263687,234,2340,True
return_sign_entropy_60,path_risk,60,New York,Development,0.28502320330776193,__MLAT_CSV_NULL_V1__,0,0,False
return_sign_entropy_60,path_risk,60,New York,Validation,0.2619563100948461,__MLAT_CSV_NULL_V1__,0,0,False
return_sign_entropy_60,path_risk,120,New York,Development,0.38491248348794221,__MLAT_CSV_NULL_V1__,0,0,False
return_sign_entropy_60,path_risk,120,New York,Validation,0.3760825833467813,__MLAT_CSV_NULL_V1__,0,0,False
return_sign_entropy_60,path_risk,180,New York,Development,0.42764743332389282,__MLAT_CSV_NULL_V1__,0,0,False
return_sign_entropy_60,path_risk,180,New York,Validation,0.41052063047595361,__MLAT_CSV_NULL_V1__,0,0,False
volatility_of_volatility_60,direction,5,New York,Development,-0.0059504045453506824,-0.0054337760370232096,638,37749,True
volatility_of_volatility_60,direction,5,New York,Validation,-0.0085574249847269485,-0.0077019391570348535,246,14571,True
volatility_of_volatility_60,direction,15,New York,Development,-0.010406782080027844,-0.020056056519699803,636,12578,True
volatility_of_volatility_60,direction,15,New York,Validation,-0.01059022408876072,-0.010853116473306588,246,4857,True
volatility_of_volatility_60,direction,30,New York,Development,-0.010010452754457853,-0.020537283422470395,613,6130,True
volatility_of_volatility_60,direction,30,New York,Validation,-0.01519949223883062,-0.0010667893581577513,234,2340,True
volatility_of_volatility_60,direction,60,New York,Development,-0.0094276594618681025,__MLAT_CSV_NULL_V1__,0,0,False
volatility_of_volatility_60,direction,60,New York,Validation,-0.0044819768042663492,__MLAT_CSV_NULL_V1__,0,0,False
volatility_of_volatility_60,direction,120,New York,Development,0.0011716415637714422,__MLAT_CSV_NULL_V1__,0,0,False
volatility_of_volatility_60,direction,120,New York,Validation,0.013400482986595024,__MLAT_CSV_NULL_V1__,0,0,False
volatility_of_volatility_60,direction,180,New York,Development,-0.0018596276412570271,__MLAT_CSV_NULL_V1__,0,0,False
volatility_of_volatility_60,direction,180,New York,Validation,0.010785179724105422,__MLAT_CSV_NULL_V1__,0,0,False
volatility_of_volatility_60,expansion,5,New York,Development,-0.05811850730007459,-0.065199976511952223,638,37749,True
volatility_of_volatility_60,expansion,5,New York,Validation,-0.058526266826365379,-0.061891475995935752,246,14571,True
volatility_of_volatility_60,expansion,15,New York,Development,-0.09482216920631352,-0.095041284731334913,636,12578,True
volatility_of_volatility_60,expansion,15,New York,Validation,-0.089591004694875812,-0.089370092924386274,246,4857,True
volatility_of_volatility_60,expansion,30,New York,Development,-0.13139504454122666,-0.10586057526266592,613,6130,True
volatility_of_volatility_60,expansion,30,New York,Validation,-0.11611409238725247,-0.091170850690171529,234,2340,True
volatility_of_volatility_60,expansion,60,New York,Development,-0.14055000730160724,__MLAT_CSV_NULL_V1__,0,0,False
volatility_of_volatility_60,expansion,60,New York,Validation,-0.1419158899143444,__MLAT_CSV_NULL_V1__,0,0,False
volatility_of_volatility_60,expansion,120,New York,Development,-0.12530693591427183,__MLAT_CSV_NULL_V1__,0,0,False
volatility_of_volatility_60,expansion,120,New York,Validation,-0.15736626813695648,__MLAT_CSV_NULL_V1__,0,0,False
volatility_of_volatility_60,expansion,180,New York,Development,-0.1345926122599892,__MLAT_CSV_NULL_V1__,0,0,False
volatility_of_volatility_60,expansion,180,New York,Validation,-0.16696019737887918,__MLAT_CSV_NULL_V1__,0,0,False
volatility_of_volatility_60,volatility,5,New York,Development,0.1725974548033265,0.17160827616909544,638,37749,True
volatility_of_volatility_60,volatility,5,New York,Validation,0.19798111804133356,0.1999644490657693,246,14570,True
volatility_of_volatility_60,volatility,15,New York,Development,0.18001516645991678,0.17553401794997392,636,12578,True
volatility_of_volatility_60,volatility,15,New York,Validation,0.20819376360895686,0.20556641307047643,246,4857,True
volatility_of_volatility_60,volatility,30,New York,Development,0.14553625366632536,0.14878639576845121,613,6130,True
volatility_of_volatility_60,volatility,30,New York,Validation,0.18690970610418919,0.16034642959915626,234,2340,True
volatility_of_volatility_60,volatility,60,New York,Development,0.12229537188265148,__MLAT_CSV_NULL_V1__,0,0,False
volatility_of_volatility_60,volatility,60,New York,Validation,0.15313982925638697,__MLAT_CSV_NULL_V1__,0,0,False
volatility_of_volatility_60,volatility,120,New York,Development,0.13892259901153636,__MLAT_CSV_NULL_V1__,0,0,False
volatility_of_volatility_60,volatility,120,New York,Validation,0.13387053745763572,__MLAT_CSV_NULL_V1__,0,0,False
volatility_of_volatility_60,volatility,180,New York,Development,0.09038128210841867,__MLAT_CSV_NULL_V1__,0,0,False
volatility_of_volatility_60,volatility,180,New York,Validation,0.063332903142808053,__MLAT_CSV_NULL_V1__,0,0,False
volatility_of_volatility_60,path_risk,5,New York,Development,-0.049593473637457836,-0.050988803012587035,638,37749,True
volatility_of_volatility_60,path_risk,5,New York,Validation,-0.047109394812033197,-0.050667436465895305,246,14571,True
volatility_of_volatility_60,path_risk,15,New York,Development,-0.079390737115560189,-0.079847146489794033,636,12578,True
volatility_of_volatility_60,path_risk,15,New York,Validation,-0.071466159115749175,-0.080302530408902104,246,4857,True
volatility_of_volatility_60,path_risk,30,New York,Development,-0.11613034798359555,-0.094369469573384726,613,6130,True
volatility_of_volatility_60,path_risk,30,New York,Validation,-0.097589796986575716,-0.077215546182826264,234,2340,True
volatility_of_volatility_60,path_risk,60,New York,Development,-0.13205822319027247,__MLAT_CSV_NULL_V1__,0,0,False
volatility_of_volatility_60,path_risk,60,New York,Validation,-0.12126860785699949,__MLAT_CSV_NULL_V1__,0,0,False
volatility_of_volatility_60,path_risk,120,New York,Development,-0.12305609382497501,__MLAT_CSV_NULL_V1__,0,0,False
volatility_of_volatility_60,path_risk,120,New York,Validation,-0.15244136222145968,__MLAT_CSV_NULL_V1__,0,0,False
volatility_of_volatility_60,path_risk,180,New York,Development,-0.14280207076011397,__MLAT_CSV_NULL_V1__,0,0,False
volatility_of_volatility_60,path_risk,180,New York,Validation,-0.16574525656757624,__MLAT_CSV_NULL_V1__,0,0,False
