feature_name,target_family,horizon_minutes,entry_session,research_partition,finite_observations,eligible_dates,mean_daily_ic,bootstrap_ci_lower,bootstrap_ci_upper,p_value,observations,q1_mean,q2_mean,q3_mean,q4_mean,q5_mean,absolute_monotonicity,top_bottom_effect_size,top_bottom_tick_spread,thinned_mean_daily_ic,thinning_sign_agreement,q_value
bollinger_zscore_20,direction,5,London,Development,113870,636,-0.078590642823528054,-0.090023125661120459,-0.067096933935119993,0.00099950024987506244,113872,0.018237674026521301,0.019372363477167896,0.025614435731028881,-0.0045112279857846948,-0.032230150318340145,0.59999999999999998,-0.029939273524476621,-0.25599839358164,-0.07175321568075646,True,0.0029985007496251873
bollinger_zscore_20,direction,5,London,Validation,43612,244,-0.068101499181971364,-0.086464528160642581,-0.050566362951522177,0.00099950024987506244,43615,0.063623738093942644,0.027572712713749063,-0.0038863634279934505,0.0073635057211223808,0.044033501104747637,0.29999999999999999,-0.01189005713860632,-0.24557614826752622,-0.060581787384582267,True,__MLAT_CSV_NULL_V1__
bollinger_zscore_20,direction,15,London,Development,113870,636,-0.1102726357267383,-0.12606903841755684,-0.094104515706719696,0.00099950024987506244,113872,0.0085209484668368959,0.010339150365625801,0.037448029133467127,-0.011010758253327157,-0.041055062162231905,0.59999999999999998,-0.017644876004963683,-0.27549993869758488,-0.096546722978943109,True,0.0029985007496251873
bollinger_zscore_20,direction,15,London,Validation,43612,244,-0.11800409741095537,-0.14555327941254953,-0.091531506522074466,0.00099950024987506244,43615,0.13535304742378915,0.11928897182652295,0.1104276611525709,-0.0066994927695343074,0.061332899023271735,0.8999999999999998,-0.026049194331301279,-0.65682381962389758,-0.098641117035001558,True,__MLAT_CSV_NULL_V1__
bollinger_zscore_20,direction,30,London,Development,113870,636,-0.15062798215439552,-0.16785831907943549,-0.1336328705954464,0.00099950024987506244,113872,0.0072724510317486446,0.029020137840587542,0.094261569337354897,-0.0083150410083627259,-0.092242896042871864,0.59999999999999998,-0.025141113535629596,-0.62623359562512337,__MLAT_CSV_NULL_V1__,False,0.0029985007496251873
bollinger_zscore_20,direction,30,London,Validation,43612,244,-0.14990740589588247,-0.17861556197256284,-0.12110521032521226,0.00099950024987506244,43615,0.21399616173511979,0.13132560997232931,0.25096734476146326,0.14494176858569938,0.21259389166584813,0.099999999999999992,-0.00034502538242518012,-0.26920646740825127,__MLAT_CSV_NULL_V1__,False,__MLAT_CSV_NULL_V1__
bollinger_zscore_20,direction,60,London,Development,113870,636,-0.19556818419789637,-0.21254683492004869,-0.18002675729209897,0.00099950024987506244,113872,-0.025511704707444915,0.01008375169886905,0.041323688207671107,-0.038280708577794031,-0.12536455012451958,0.59999999999999998,-0.018321347025704447,-0.63906183910292524,__MLAT_CSV_NULL_V1__,False,0.0029985007496251873
bollinger_zscore_20,direction,60,London,Validation,43612,244,-0.17914797396748636,-0.20584178378296875,-0.15158887921389497,0.00099950024987506244,43615,0.28437077563997742,0.24012878428973666,0.44268369929277246,0.46748180891185326,0.54817392291102829,0.8999999999999998,0.045255611566693499,1.1905609924019993,__MLAT_CSV_NULL_V1__,False,__MLAT_CSV_NULL_V1__
bollinger_zscore_20,direction,120,London,Development,113870,636,-0.22422389314259825,-0.24025008560250971,-0.20869514097686775,0.00099950024987506244,113872,-0.015074576291867545,0.015364722582361833,-0.021550867680300907,0.06963099550570015,0.084094791218524201,0.69999999999999996,0.01306607577580503,0.27435543601214957,__MLAT_CSV_NULL_V1__,False,0.0029985007496251873
bollinger_zscore_20,direction,120,London,Validation,43612,244,-0.21705239275401753,-0.24570451278918662,-0.18943249503738299,0.00099950024987506244,43615,0.60683057914976568,0.55089183261696106,0.8013343626412831,0.73163771466935834,0.86761315047888521,0.79999999999999993,0.03080758514779805,1.0518809636277755,__MLAT_CSV_NULL_V1__,False,__MLAT_CSV_NULL_V1__
bollinger_zscore_20,direction,180,London,Development,113870,636,-0.20172162361818388,-0.21716715392838579,-0.18531382308093031,0.00099950024987506244,113872,-0.041431999384882914,0.00088533569955327241,-0.0011714686491684763,0.25599689932097036,0.22061278712471089,0.79999999999999993,0.024442698750730376,0.19244041799664557,__MLAT_CSV_NULL_V1__,False,0.0029985007496251873
bollinger_zscore_20,direction,180,London,Validation,43612,244,-0.2044965130661219,-0.23305942190229098,-0.17672662155880969,0.00099950024987506244,43615,1.0465877440833788,0.7907551555312996,0.95357022503946942,0.76999895441700994,1.0925503313222291,0.099999999999999992,0.0040820800006970614,1.3910101543372821,__MLAT_CSV_NULL_V1__,False,__MLAT_CSV_NULL_V1__
bollinger_zscore_20,expansion,5,London,Development,113870,636,-0.016834345322579509,-0.030485905964389992,-0.0037647484155215903,0.010994502748625687,113872,2.6237744994477019,2.3555821737514453,2.3229524007513764,2.3430465445864526,2.5382038485656411,0.29999999999999999,-0.06978031171304179,__MLAT_CSV_NULL_V1__,-0.022795556906861414,True,0.019307419461001209
bollinger_zscore_20,expansion,5,London,Validation,43612,244,-0.027912958374322939,-0.049853815962829832,-0.0062246752289778669,0.013993003498250875,43615,2.6044955233143821,2.3657339424464436,2.3237788906839763,2.3837347902915242,2.5205195158897093,0.099999999999999992,-0.075554051973281605,__MLAT_CSV_NULL_V1__,-0.031004389558046783,True,__MLAT_CSV_NULL_V1__
bollinger_zscore_20,expansion,15,London,Development,113870,636,-0.011745466763144526,-0.028376625047605478,0.0041071784974130244,0.15792103948025987,113872,4.5158304252432,4.2340230385276367,4.1816332444101389,4.1963052303256818,4.382665133722254,0.29999999999999999,-0.066648366301528372,__MLAT_CSV_NULL_V1__,-0.029352217635047802,True,0.22294734985448453
bollinger_zscore_20,expansion,15,London,Validation,43612,244,-0.022570580760269722,-0.047578398463587988,0.002748795916333507,0.076961519240379805,43615,4.5287133852969612,4.2769091904911871,4.2437230585780545,4.2797855104474172,4.4333366050670859,0.099999999999999992,-0.051623468261813597,__MLAT_CSV_NULL_V1__,-0.01077847772062648,True,__MLAT_CSV_NULL_V1__
bollinger_zscore_20,expansion,30,London,Development,113870,636,-0.018128490577867258,-0.036074976179478073,-0.00070955736210078608,0.040979510244877559,113872,6.3448504965171884,6.0459024081034629,5.949523959141251,5.939768601045591,6.1266864379613235,0.39999999999999997,-0.077956257169981724,__MLAT_CSV_NULL_V1__,__MLAT_CSV_NULL_V1__,False,0.065567216391804101
bollinger_zscore_20,expansion,30,London,Validation,43612,244,-0.044094582331481884,-0.071238378135545136,-0.015082987329164447,0.0039980009995002497,43615,6.4523008039738041,6.1820184000646563,6.0745905235274948,6.0846398963014607,6.2197338480275981,0.29999999999999999,-0.085496312738495769,__MLAT_CSV_NULL_V1__,__MLAT_CSV_NULL_V1__,False,__MLAT_CSV_NULL_V1__
bollinger_zscore_20,expansion,60,London,Development,113870,636,-0.02071522871236809,-0.038575979711877303,-0.002408536253814624,0.02798600699650175,113872,8.7632379044590429,8.4779204861387374,8.4077946235981393,8.350589113660261,8.5201490531348725,0.39999999999999997,-0.063170498648766227,__MLAT_CSV_NULL_V1__,__MLAT_CSV_NULL_V1__,False,0.046860290784840143
bollinger_zscore_20,expansion,60,London,Validation,43612,244,-0.060477730764892608,-0.088630070165769084,-0.032174542133296215,0.00099950024987506244,43615,9.1260801396434825,8.8118230895758103,8.6993989037693318,8.5644956488384079,8.6904190087978375,0.8999999999999998,-0.10849966013945554,__MLAT_CSV_NULL_V1__,__MLAT_CSV_NULL_V1__,False,__MLAT_CSV_NULL_V1__
bollinger_zscore_20,expansion,120,London,Development,113870,636,-0.026423097198398294,-0.044110592768915768,-0.0073779175533728444,0.0099950024987506252,113872,12.132901447612776,11.829422971089063,11.767123386333843,11.640130805648793,11.878960145156757,0.39999999999999997,-0.047237744876780875,__MLAT_CSV_NULL_V1__,__MLAT_CSV_NULL_V1__,False,0.017991004497751126
bollinger_zscore_20,expansion,120,London,Validation,43612,244,-0.059841835803494288,-0.088279081768332601,-0.031552241628771405,0.00099950024987506244,43615,12.751917217845579,12.361627872172882,12.225263392966884,12.156114012071873,12.223949189389565,0.8999999999999998,-0.090879571544220522,__MLAT_CSV_NULL_V1__,__MLAT_CSV_NULL_V1__,False,__MLAT_CSV_NULL_V1__
bollinger_zscore_20,expansion,180,London,Development,113870,636,0.0052183422478440907,-0.012870299286563596,0.022997667754020609,0.5577211394302849,113872,15.993213201403828,15.964266513882736,15.996836324815826,15.948071299107378,16.210375110565398,0.29999999999999999,0.024375709208470837,__MLAT_CSV_NULL_V1__,__MLAT_CSV_NULL_V1__,False,0.64767616191904054
bollinger_zscore_20,expansion,180,London,Validation,43612,244,-0.041582760988306371,-0.072796260111856526,-0.009508865490067667,0.011994002998500749,43615,16.745454978847174,16.391698231485517,16.327056164501098,16.196379027426723,16.414197427494685,0.39999999999999997,-0.036275402789462459,__MLAT_CSV_NULL_V1__,__MLAT_CSV_NULL_V1__,False,__MLAT_CSV_NULL_V1__
bollinger_zscore_20,volatility,5,London,Development,113870,636,-0.018415418204133453,-0.032340734462427675,-0.0044623884622337464,0.011994002998500749,113872,4.6188794734553493,4.1955908645708542,4.0739390964763684,4.0868124704676321,4.374236091710018,0.29999999999999999,-0.087620351907998148,__MLAT_CSV_NULL_V1__,-0.022078605676602605,True,0.025399065173295703
bollinger_zscore_20,volatility,5,London,Validation,43612,244,-0.015760224764004335,-0.038685504708469348,0.0079789005810325907,0.18990504747626186,43615,4.237562914199513,4.0246173115729018,3.9121022375466779,3.9950448415447197,4.1409060613031459,0.29999999999999999,-0.044126736377830433,__MLAT_CSV_NULL_V1__,-0.021608857972494337,True,__MLAT_CSV_NULL_V1__
bollinger_zscore_20,volatility,15,London,Development,113870,636,-0.023577786681603544,-0.042466328428343782,-0.0051443104113577231,0.010994502748625687,113872,8.1716624791916388,7.6918660017812464,7.4633573352652789,7.466147472216873,7.7618775655547996,0.29999999999999999,-0.10324239925595675,__MLAT_CSV_NULL_V1__,-0.034723820483314155,True,0.023988005997001502
bollinger_zscore_20,volatility,15,London,Validation,43612,244,-0.016110495422720982,-0.046319896594890747,0.012341168125126601,0.25687156421789104,43615,7.5544944928040261,7.3048582637061514,7.1537053829498385,7.255243429209477,7.4413754648249473,0.29999999999999999,-0.037355572932069703,__MLAT_CSV_NULL_V1__,0.0079177021325781624,False,__MLAT_CSV_NULL_V1__
bollinger_zscore_20,volatility,30,London,Development,113870,636,-0.032215029618491361,-0.052043648457853524,-0.012826524054894073,0.0019990004997501249,113872,11.501967239665671,11.020462398011086,10.711785422797833,10.660201348562182,10.981345386974732,0.69999999999999996,-0.10215449966192397,__MLAT_CSV_NULL_V1__,__MLAT_CSV_NULL_V1__,False,0.0057571214392803591
bollinger_zscore_20,volatility,30,London,Validation,43612,244,-0.028549407194293445,-0.059650805846587142,0.0024974512301081222,0.072963518240879557,43615,10.709684340462044,10.488356167823589,10.301663886601784,10.321644240248732,10.514169121315534,0.29999999999999999,-0.051831330736704866,__MLAT_CSV_NULL_V1__,__MLAT_CSV_NULL_V1__,False,__MLAT_CSV_NULL_V1__
bollinger_zscore_20,volatility,60,London,Development,113870,636,-0.023299311218895103,-0.042026512037352422,-0.0043657013699435563,0.01999000499750125,113872,15.931625251984389,15.50573376975689,15.223292753575173,15.074214886408996,15.348800340484887,0.69999999999999996,-0.089335352440071514,__MLAT_CSV_NULL_V1__,__MLAT_CSV_NULL_V1__,False,0.035982008995502253
bollinger_zscore_20,volatility,60,London,Validation,43612,244,-0.034396156651103571,-0.067728611662983246,-0.0017756476830465317,0.037981009495252377,43615,15.043813634907828,14.85141024159458,14.613800895714583,14.583073207483194,14.737965235770424,0.69999999999999996,-0.063263673389475625,__MLAT_CSV_NULL_V1__,__MLAT_CSV_NULL_V1__,False,__MLAT_CSV_NULL_V1__
bollinger_zscore_20,volatility,120,London,Development,113870,636,-0.024901634265747374,-0.043885855838509603,-0.0054560820371378797,0.0089955022488755615,113872,22.127531536956859,21.71731464074524,21.445666422764951,21.150226556153491,21.438388077314695,0.8999999999999998,-0.079935356597260351,__MLAT_CSV_NULL_V1__,__MLAT_CSV_NULL_V1__,False,0.022333660755828981
bollinger_zscore_20,volatility,120,London,Validation,43612,244,-0.023820776008655356,-0.053410634467750871,0.0066290410116539604,0.11294352823588207,43615,20.861701308160661,20.826949479706911,20.57619580838713,20.563007104374922,20.667485168962692,0.69999999999999996,-0.032285233873822559,__MLAT_CSV_NULL_V1__,__MLAT_CSV_NULL_V1__,False,__MLAT_CSV_NULL_V1__
bollinger_zscore_20,volatility,180,London,Development,113870,636,0.0044700111969954411,-0.013531902791557297,0.022850952224775567,0.6376811594202898,113872,28.621788134877015,28.512975970035562,28.366211332702669,28.208354241289378,28.299527369853141,0.8999999999999998,-0.027640704350565336,__MLAT_CSV_NULL_V1__,__MLAT_CSV_NULL_V1__,False,0.72877846790890266
bollinger_zscore_20,volatility,180,London,Validation,43612,244,-0.0010929974369019407,-0.032524053876331581,0.029081679704696412,0.94452773613193408,43615,26.866153327919758,27.110623071982435,26.94093839448373,26.828228512391792,26.94628999700177,0,0.0090423014374325268,__MLAT_CSV_NULL_V1__,__MLAT_CSV_NULL_V1__,False,__MLAT_CSV_NULL_V1__
bollinger_zscore_20,path_risk,5,London,Development,113870,636,-0.012007787818949518,-0.024459132409445541,-0.00039328634791906299,0.047976011994002997,113872,2.1040672478585618,1.9056905237128763,1.8731588448049381,1.8927259268478991,2.0409797523448407,0.29999999999999999,-0.052469353819534173,__MLAT_CSV_NULL_V1__,-0.019141899896918311,True,0.080331927059725944
bollinger_zscore_20,path_risk,5,London,Validation,43612,244,-0.017567182229375283,-0.036569699898453371,0.0018473246944907711,0.075962018990504754,43615,2.0850210598298968,1.91066233680412,1.8691621037087793,1.9344615836690304,2.026676510255871,0.099999999999999992,-0.053131140334351228,__MLAT_CSV_NULL_V1__,-0.021011128306497324,True,__MLAT_CSV_NULL_V1__
bollinger_zscore_20,path_risk,15,London,Development,113870,636,-0.0092004015640090135,-0.025386264935351323,0.0060832453005074394,0.22788605697151423,113872,3.5928903650319124,3.3819109650271288,3.332975780251922,3.3467725897427303,3.4792310219659841,0.29999999999999999,-0.057578831233472925,__MLAT_CSV_NULL_V1__,-0.029247603566725868,True,0.32815592203898047
bollinger_zscore_20,path_risk,15,London,Validation,43612,244,-0.011061960498626277,-0.034392808502830927,0.012251524011928276,0.35282358820589704,43615,3.5894026171765048,3.4037508267420904,3.37969417436969,3.4285192860294886,3.5460508416000809,0.099999999999999992,-0.023356860089980124,__MLAT_CSV_NULL_V1__,0.0057367846376558786,False,__MLAT_CSV_NULL_V1__
bollinger_zscore_20,path_risk,30,London,Development,113870,636,-0.013601077779724623,-0.030130862859405479,0.0022321207866290368,0.099950024987506242,113872,5.0409697821740895,4.812940651313097,4.725546697490878,4.7183448398792684,4.84245322476787,0.39999999999999997,-0.071414667746985336,__MLAT_CSV_NULL_V1__,__MLAT_CSV_NULL_V1__,False,0.15644351737174891
bollinger_zscore_20,path_risk,30,London,Validation,43612,244,-0.030717098326862407,-0.057490878689167961,-0.004879389346708389,0.025987006496751622,43615,5.1211452910642992,4.9100027842850649,4.8088596961316741,4.8329998119703586,4.9566894962850752,0.29999999999999999,-0.060601074072939375,__MLAT_CSV_NULL_V1__,__MLAT_CSV_NULL_V1__,False,__MLAT_CSV_NULL_V1__
bollinger_zscore_20,path_risk,60,London,Development,113870,636,-0.018885641853069995,-0.036921729223333428,-0.0014010072834116417,0.036981509245377311,113872,6.9753913079421332,6.7499215192029194,6.6805055165459581,6.6415379816460547,6.7251351978254359,0.69999999999999996,-0.065463444441419105,__MLAT_CSV_NULL_V1__,__MLAT_CSV_NULL_V1__,False,0.063396872992075387
bollinger_zscore_20,path_risk,60,London,Validation,43612,244,-0.063288921706509432,-0.09268504047582822,-0.034284879239409698,0.00099950024987506244,43615,7.3106789577580757,7.0349350548461071,6.9334152833490954,6.7870839575921238,6.878269608722908,0.8999999999999998,-0.10794601052436795,__MLAT_CSV_NULL_V1__,__MLAT_CSV_NULL_V1__,False,__MLAT_CSV_NULL_V1__
bollinger_zscore_20,path_risk,120,London,Development,113870,636,-0.020620353663429417,-0.039365385764598457,-0.0017777001704658002,0.028985507246376812,113872,9.6399289338318468,9.4059526143569698,9.3486381384152182,9.2401316583908653,9.399728226997901,0.69999999999999996,-0.045568660108094183,__MLAT_CSV_NULL_V1__,__MLAT_CSV_NULL_V1__,False,0.050901378579003183
bollinger_zscore_20,path_risk,120,London,Validation,43612,244,-0.05805756220945664,-0.087451189042028907,-0.027471436790486591,0.00099950024987506244,43615,10.241243209191001,9.8762169393321813,9.7262405998895254,9.6377370751390909,9.698068250758217,0.8999999999999998,-0.093370370922071552,__MLAT_CSV_NULL_V1__,__MLAT_CSV_NULL_V1__,False,__MLAT_CSV_NULL_V1__
bollinger_zscore_20,path_risk,180,London,Development,113870,636,0.0042693075482893228,-0.014839356365841348,0.024236265829357402,0.66266866566716642,113872,12.607595978744216,12.612157984081755,12.643250395250041,12.639400721772029,12.836424161655984,0.8999999999999998,0.028416371523200284,__MLAT_CSV_NULL_V1__,__MLAT_CSV_NULL_V1__,False,0.75112443778110938
bollinger_zscore_20,path_risk,180,London,Validation,43612,244,-0.038987722117772204,-0.072458102132637994,-0.00766031734479913,0.017991004497751123,43615,13.32416997897753,12.961299473573606,12.910109954285403,12.790192507831893,12.96596593869638,0.39999999999999997,-0.042674136051606394,__MLAT_CSV_NULL_V1__,__MLAT_CSV_NULL_V1__,False,__MLAT_CSV_NULL_V1__
bollinger_bandwidth_20,direction,5,London,Development,113870,636,0.00205720488255381,-0.01062824251949963,0.014219713244998598,0.75062468765617196,113872,0.029453878462799149,0.010139805358862459,-0.006267384126057934,0.0011434625773271529,-0.0075893470991498365,0.8999999999999998,-0.023119067290698948,-0.12441946449710704,-0.0016733843285756055,False,0.81093781467475223
bollinger_bandwidth_20,direction,5,London,Validation,43612,244,0.013544567163544401,-0.0092976662742662013,0.035029259825628302,0.24587706146926536,43615,0.024316536706227441,-0.022096946979021394,0.034022734151364808,0.044873859542059906,0.064423454509738964,0.8999999999999998,0.023965500385035778,0.39197708030042394,0.017059252710023672,True,__MLAT_CSV_NULL_V1__
bollinger_bandwidth_20,direction,15,London,Development,113870,636,0.012917380463816838,-0.0061855210839522005,0.031996566430420224,0.17891054472763618,113872,0.030136444673711519,0.035825468874777687,0.0099527292439661533,-0.041838154999055202,-0.02908140722685584,0.79999999999999993,-0.021413128238124531,-0.22068697198755002,0.0047792969343113476,True,0.4070464767616192
bollinger_bandwidth_20,direction,15,London,Validation,43612,244,0.0073592064560873503,-0.023649868057681482,0.038084003515099281,0.6376811594202898,43615,0.034114252035417549,0.0048288119412904897,0.091672936037810182,0.15934717042439864,0.1231043441536699,0.79999999999999993,0.031097584573825294,0.82144028031641159,-0.013133484676802124,False,__MLAT_CSV_NULL_V1__
bollinger_bandwidth_20,direction,30,London,Development,113870,636,0.0065123132428850077,-0.015627511675121379,0.028476565049216935,0.58370814592703646,113872,0.1310156929096585,0.077311051456684751,-0.0089703170415867325,-0.06180913441764118,-0.10487736267334091,0.99999999999999989,-0.060593885887414392,-1.1233313399142013,__MLAT_CSV_NULL_V1__,False,0.76412702739539318
bollinger_bandwidth_20,direction,30,London,Validation,43612,244,-0.0025176928121920209,-0.038255246108280412,0.032265842846555134,0.85857071464267865,43615,0.17867972218530337,0.11838083625113707,0.23609403841188381,0.22115240231674516,0.19832089613714984,0.49999999999999994,0.0048581018197203507,0.52393809098497623,__MLAT_CSV_NULL_V1__,False,__MLAT_CSV_NULL_V1__
bollinger_bandwidth_20,direction,60,London,Development,113870,636,0.0068154664934454781,-0.017986678937227454,0.029876319869951738,0.60569715142428782,113872,0.019758717943077538,0.10714328045078257,0.069823307813228153,-0.12238388194242801,-0.20989687044521196,0.69999999999999996,-0.042106999258767201,-1.5306235472945151,__MLAT_CSV_NULL_V1__,False,0.76887871853546919
bollinger_bandwidth_20,direction,60,London,Validation,43612,244,-0.033176460524288617,-0.073268906173305642,0.003934550475086865,0.093953023488255877,43615,0.494747572046913,0.41012593684768162,0.48158542443722752,0.42107995107156909,0.15605024413697935,0.69999999999999996,-0.058957760973575739,-2.2725626169287456,__MLAT_CSV_NULL_V1__,False,__MLAT_CSV_NULL_V1__
bollinger_bandwidth_20,direction,120,London,Development,113870,636,0.014409050955211979,-0.011728898622463823,0.041028165218876214,0.28685657171414292,113872,-0.039960104191644183,0.20545695903197383,0.19978856548810253,-0.078133736180236182,-0.15387664681299812,0.69999999999999996,-0.014971138871039281,-1.4948707544786406,__MLAT_CSV_NULL_V1__,False,0.54351771482679712
bollinger_bandwidth_20,direction,120,London,Validation,43612,244,-0.056151747498217809,-0.097628398728980839,-0.015473470057905836,0.0079960019990004995,43615,0.90417134518366526,0.98986656565129894,0.95824799484392664,0.63526629368584409,-0.013148227224140982,0.69999999999999996,-0.1124084983808819,-6.3738905124188516,__MLAT_CSV_NULL_V1__,False,__MLAT_CSV_NULL_V1__
bollinger_bandwidth_20,direction,180,London,Development,113870,636,0.004671044542326609,-0.021065013243709751,0.02984776064085121,0.7476261869065467,113872,0.40101109614483732,0.25878404379238384,0.084406814025628399,-0.047767290530974386,-0.25438669642522926,0.99999999999999989,-0.059204406093918006,-4.4698974105144273,__MLAT_CSV_NULL_V1__,False,0.81093781467475223
bollinger_bandwidth_20,direction,180,London,Validation,43612,244,-0.020315202396109806,-0.059812545620948884,0.020283159423432024,0.34082958520739631,43615,0.93489860290333315,1.3706556794443829,1.484965388964044,1.1153163598201785,-0.50102048751821437,0.29999999999999999,-0.12492256968088029,-12.169960271769181,__MLAT_CSV_NULL_V1__,False,__MLAT_CSV_NULL_V1__
bollinger_bandwidth_20,expansion,5,London,Development,113870,636,-0.13311406733178885,-0.14396674580568933,-0.12250427658966517,0.00099950024987506244,113872,2.5976273837270925,2.4723260277104595,2.4383030018116516,2.383233733292589,2.2951465006756089,0.99999999999999989,-0.26333366476027359,__MLAT_CSV_NULL_V1__,-0.12666365077729372,True,0.0019449734592163377
bollinger_bandwidth_20,expansion,5,London,Validation,43612,244,-0.12050526453700827,-0.13666244844468139,-0.10504813581918106,0.00099950024987506244,43615,2.6249659381460004,2.4789515868149246,2.4371896301236555,2.3608368914382356,2.3237792736158189,0.99999999999999989,-0.26225490886033737,__MLAT_CSV_NULL_V1__,-0.11598407970351179,True,__MLAT_CSV_NULL_V1__
bollinger_bandwidth_20,expansion,15,London,Development,113870,636,-0.22814927075813776,-0.24206682156611614,-0.21381085148300646,0.00099950024987506244,113872,4.6996707852467958,4.4316220169919642,4.2975368001221241,4.1406158535666,3.9490185409200942,0.99999999999999989,-0.39024686143706921,__MLAT_CSV_NULL_V1__,-0.21932814603613679,True,0.0019449734592163377
bollinger_bandwidth_20,expansion,15,London,Validation,43612,244,-0.20811198470018982,-0.23250727717617409,-0.18474228203171247,0.00099950024987506244,43615,4.8170349623564173,4.4682465294119238,4.3535520732270854,4.1854987272481399,3.9734038583059643,0.99999999999999989,-0.43288710989461343,__MLAT_CSV_NULL_V1__,-0.21765011847656479,True,__MLAT_CSV_NULL_V1__
bollinger_bandwidth_20,expansion,30,London,Development,113870,636,-0.28820850370276968,-0.30395518864983023,-0.27264633673047223,0.00099950024987506244,113872,6.7043959408792162,6.3121940395651235,6.113001315988754,5.7860738405207517,5.5039833373313254,0.99999999999999989,-0.44097270689902685,__MLAT_CSV_NULL_V1__,__MLAT_CSV_NULL_V1__,False,0.0019449734592163377
bollinger_bandwidth_20,expansion,30,London,Validation,43612,244,-0.25925950806535536,-0.28611238299840719,-0.23405173253328801,0.00099950024987506244,43615,6.9733456864258576,6.4342751558664446,6.1905235789896169,5.9564778627563308,5.4922940201200419,0.99999999999999989,-0.52769397307214527,__MLAT_CSV_NULL_V1__,__MLAT_CSV_NULL_V1__,False,__MLAT_CSV_NULL_V1__
bollinger_bandwidth_20,expansion,60,London,Development,113870,636,-0.3564805516965277,-0.37340159803659911,-0.33881901122370411,0.00099950024987506244,113872,9.5142337853787868,8.8943635422895415,8.5243382694488723,8.0245725722196397,7.5832749556185508,0.99999999999999989,-0.49757713204480575,__MLAT_CSV_NULL_V1__,__MLAT_CSV_NULL_V1__,False,0.0019449734592163377
bollinger_bandwidth_20,expansion,60,London,Validation,43612,244,-0.32878815443332321,-0.36098899997974293,-0.29650010245530845,0.00099950024987506244,43615,9.9777292875495469,9.2935800161826982,8.8133660872241464,8.2943073363170789,7.5359624448988338,0.99999999999999989,-0.62000774708186734,__MLAT_CSV_NULL_V1__,__MLAT_CSV_NULL_V1__,False,__MLAT_CSV_NULL_V1__
bollinger_bandwidth_20,expansion,120,London,Development,113870,636,-0.42614722296701329,-0.44271490279689329,-0.40876448236321461,0.00099950024987506244,113872,13.514983934571163,12.346439810744439,11.86138416103274,11.131907860921656,10.4277800896568,0.99999999999999989,-0.5732816179347362,__MLAT_CSV_NULL_V1__,__MLAT_CSV_NULL_V1__,False,0.0019449734592163377
bollinger_bandwidth_20,expansion,120,London,Validation,43612,244,-0.39239324353367927,-0.41824880452971563,-0.36509255523448692,0.00099950024987506244,43615,13.794143591366675,13.225389119767188,12.463620138811242,11.645534946976062,10.5762093393623,0.99999999999999989,-0.58110386102596512,__MLAT_CSV_NULL_V1__,__MLAT_CSV_NULL_V1__,False,__MLAT_CSV_NULL_V1__
bollinger_bandwidth_20,expansion,180,London,Development,113870,636,-0.44701455554049058,-0.46360870474173194,-0.42962128844785141,0.00099950024987506244,113872,19.734407792520901,16.908412890327977,15.859197026196769,14.581542122758773,13.103451321536998,0.99999999999999989,-0.70650725241211665,__MLAT_CSV_NULL_V1__,__MLAT_CSV_NULL_V1__,False,0.0019449734592163377
bollinger_bandwidth_20,expansion,180,London,Validation,43612,244,-0.37649555183828654,-0.41115904620747701,-0.34531525442953537,0.00099950024987506244,43615,19.45126770279731,17.411223644674042,16.468746890103336,15.171344258191249,13.703000720769115,0.99999999999999989,-0.59640327454493725,__MLAT_CSV_NULL_V1__,__MLAT_CSV_NULL_V1__,False,__MLAT_CSV_NULL_V1__
bollinger_bandwidth_20,volatility,5,London,Development,113870,636,0.12395186483095404,0.10950097416590289,0.13804802612043421,0.00099950024987506244,113872,3.115883624431024,3.7087492159634263,4.1143673081223673,4.6172329626136586,5.7662373095942403,0.99999999999999989,1.0110749247311077,__MLAT_CSV_NULL_V1__,0.12959018669141578,True,0.0029985007496251873
bollinger_bandwidth_20,volatility,5,London,Validation,43612,244,0.10426557417730645,0.081603171286561971,0.12646086590197983,0.00099950024987506244,43615,3.2114782960240857,3.6517442749603837,3.9556013648285417,4.3088737172555058,5.2369805615109053,0.99999999999999989,0.89288416402475823,__MLAT_CSV_NULL_V1__,0.10248678430496612,True,__MLAT_CSV_NULL_V1__
bollinger_bandwidth_20,volatility,15,London,Development,113870,636,0.12022014084238655,0.10144516814785756,0.14008296519583402,0.00099950024987506244,113872,5.7563680415153886,6.8189005459412053,7.4277504096872073,8.2725083257326322,10.234007974636025,0.99999999999999989,1.1975268913624357,__MLAT_CSV_NULL_V1__,0.11847503762060725,True,0.0029985007496251873
bollinger_bandwidth_20,volatility,15,London,Validation,43612,244,0.10573352233561416,0.077300496392014376,0.13245424885979479,0.00099950024987506244,43615,5.9130180434097888,6.6365668047420563,7.1626676647278664,7.8397565765554384,9.2246834805729971,0.99999999999999989,1.0821547453462841,__MLAT_CSV_NULL_V1__,0.12113506328382362,True,__MLAT_CSV_NULL_V1__
bollinger_bandwidth_20,volatility,30,London,Development,113870,636,0.091411644554547644,0.071161822571709651,0.1117735800936249,0.00099950024987506244,113872,8.2978941153099299,9.8172354306941916,10.611671334386966,11.72377481725832,14.363716153415574,0.99999999999999989,1.2530577362298487,__MLAT_CSV_NULL_V1__,__MLAT_CSV_NULL_V1__,False,0.0029985007496251873
bollinger_bandwidth_20,volatility,30,London,Validation,43612,244,0.082891315468368504,0.051617581106232491,0.11518990228260491,0.00099950024987506244,43615,8.5599086957926378,9.5312141569403135,10.223871769476315,11.162708574415749,12.929212464942534,0.99999999999999989,1.1431417253594793,__MLAT_CSV_NULL_V1__,__MLAT_CSV_NULL_V1__,False,__MLAT_CSV_NULL_V1__
bollinger_bandwidth_20,volatility,60,London,Development,113870,636,0.05018312321950049,0.025779898952339706,0.073723847959995981,0.00099950024987506244,113872,11.806578376373606,13.863134485289773,14.94668391942114,16.426430410696813,19.958376276409243,0.99999999999999989,1.2684685716645212,__MLAT_CSV_NULL_V1__,__MLAT_CSV_NULL_V1__,False,0.0029985007496251873
bollinger_bandwidth_20,volatility,60,London,Validation,43612,244,0.032237056147507069,-0.0016032466269033554,0.06442917118881536,0.063968015992003996,43615,12.155177603201796,13.625259813456019,14.525619361852421,15.711400322315816,17.852182128048735,0.99999999999999989,1.1951354757872146,__MLAT_CSV_NULL_V1__,__MLAT_CSV_NULL_V1__,False,__MLAT_CSV_NULL_V1__
bollinger_bandwidth_20,volatility,120,London,Development,113870,636,0.0035732106123931686,-0.020134881773317435,0.026111407896550504,0.77561219390304847,113872,16.864273371211858,19.393221819126826,20.991113171115252,22.971192989586303,27.551104835567923,0.99999999999999989,1.2468312336526619,__MLAT_CSV_NULL_V1__,__MLAT_CSV_NULL_V1__,False,0.83349370091073871
bollinger_bandwidth_20,volatility,120,London,Validation,43612,244,-0.032036528447566888,-0.065590311101348983,0.00308056039143991,0.07096451774112944,43615,17.247863858916052,19.348119486390843,20.374069987550797,21.928402458892243,24.616817054370578,0.99999999999999989,1.2089772333641835,__MLAT_CSV_NULL_V1__,__MLAT_CSV_NULL_V1__,False,__MLAT_CSV_NULL_V1__
bollinger_bandwidth_20,volatility,180,London,Development,113870,636,-0.14797530868880471,-0.1702213871950716,-0.12612790292630452,0.00099950024987506244,113872,23.866355654179856,26.117860079693784,27.662710670635636,29.726985386529726,34.528735939494631,0.99999999999999989,0.89557383769846044,__MLAT_CSV_NULL_V1__,__MLAT_CSV_NULL_V1__,False,0.0029985007496251873
bollinger_bandwidth_20,volatility,180,London,Validation,43612,244,-0.11367188571619855,-0.15233156612684279,-0.077959599416316125,0.00099950024987506244,43615,23.571215290799756,25.349452664397656,26.558504177440575,28.16747496085307,31.119157420564868,0.99999999999999989,0.77506110281185026,__MLAT_CSV_NULL_V1__,__MLAT_CSV_NULL_V1__,False,__MLAT_CSV_NULL_V1__
bollinger_bandwidth_20,path_risk,5,London,Development,113870,636,-0.12116889438901841,-0.13135295595776839,-0.11084025407908202,0.00099950024987506244,113872,2.0995626502524529,1.9909247357637625,1.9672013662240626,1.921491350377144,1.8400679113706111,0.99999999999999989,-0.23049815044871116,__MLAT_CSV_NULL_V1__,-0.11624723912658171,True,0.0019449734592163377
bollinger_bandwidth_20,path_risk,5,London,Validation,43612,244,-0.11438777824095403,-0.12989156629266441,-0.098262040902105108,0.00099950024987506244,43615,2.1375403764794494,2.0030126636255701,1.9555874757903231,1.8917506497027545,1.8626923083895579,0.99999999999999989,-0.24044441235634728,__MLAT_CSV_NULL_V1__,-0.10803620735432382,True,__MLAT_CSV_NULL_V1__
bollinger_bandwidth_20,path_risk,15,London,Development,113870,636,-0.20168369092095834,-0.21554699030940402,-0.18697165261722587,0.00099950024987506244,113872,3.751657630197144,3.5216896158566415,3.4232175087785288,3.3082337463240759,3.1354805727590569,0.99999999999999989,-0.32289079272570365,__MLAT_CSV_NULL_V1__,-0.19832433816223038,True,0.0019449734592163377
bollinger_bandwidth_20,path_risk,15,London,Validation,43612,244,-0.18485095766395393,-0.20778797552761738,-0.16126938890060882,0.00099950024987506244,43615,3.8857640509498279,3.5586845084450398,3.4698276396695782,3.307781475420108,3.1621160904411121,0.99999999999999989,-0.36788965179044586,__MLAT_CSV_NULL_V1__,-0.19785682552576878,True,__MLAT_CSV_NULL_V1__
bollinger_bandwidth_20,path_risk,30,London,Development,113870,636,-0.25306788864808749,-0.26870824656652137,-0.23801133496703253,0.00099950024987506244,113872,5.3349609853606834,5.0220189318156354,4.8547684858352191,4.5904927397854305,4.348564600850052,0.99999999999999989,-0.36282407934897337,__MLAT_CSV_NULL_V1__,__MLAT_CSV_NULL_V1__,False,0.0019449734592163377
bollinger_bandwidth_20,path_risk,30,London,Validation,43612,244,-0.22358007865829749,-0.25094953250322938,-0.19854825620547256,0.00099950024987506244,43615,5.5794240454405442,5.1087053530492348,4.9232564446589553,4.6934607505973043,4.3611614214037324,0.99999999999999989,-0.43034500483662702,__MLAT_CSV_NULL_V1__,__MLAT_CSV_NULL_V1__,False,__MLAT_CSV_NULL_V1__
bollinger_bandwidth_20,path_risk,60,London,Development,113870,636,-0.301647341348458,-0.31953056840055077,-0.28374563885592297,0.00099950024987506244,113872,7.5751057425693169,7.0612551646381148,6.7878375623695781,6.3559123151634864,6.0094563916119661,0.99999999999999989,-0.40394731755558921,__MLAT_CSV_NULL_V1__,__MLAT_CSV_NULL_V1__,False,0.0019449734592163377
bollinger_bandwidth_20,path_risk,60,London,Validation,43612,244,-0.29417941009135218,-0.32493268980472223,-0.26307263145004445,0.00099950024987506244,43615,7.9685612558867005,7.4363220845894258,7.0644456709421304,6.527058359810944,5.9655940507536576,0.99999999999999989,-0.50753973547890496,__MLAT_CSV_NULL_V1__,__MLAT_CSV_NULL_V1__,False,__MLAT_CSV_NULL_V1__
bollinger_bandwidth_20,path_risk,120,London,Development,113870,636,-0.35433888218653842,-0.37282483374773584,-0.33658327425493711,0.00099950024987506244,113872,10.774817557407445,9.7624151474174976,9.4244731575274479,8.8187197013598659,8.2814857734974296,0.99999999999999989,-0.47007598120777244,__MLAT_CSV_NULL_V1__,__MLAT_CSV_NULL_V1__,False,0.0019449734592163377
bollinger_bandwidth_20,path_risk,120,London,Validation,43612,244,-0.31647756249454856,-0.34762965091956011,-0.28535800581804788,0.00099950024987506244,43615,10.913063545279284,10.524006558734884,10.003002738638431,9.2573377154148702,8.4621720408101169,0.99999999999999989,-0.44111473254316202,__MLAT_CSV_NULL_V1__,__MLAT_CSV_NULL_V1__,False,__MLAT_CSV_NULL_V1__
bollinger_bandwidth_20,path_risk,180,London,Development,113870,636,-0.38644480018625349,-0.40508853146118218,-0.36909225022776904,0.00099950024987506244,113872,15.607373542320893,13.321260562574009,12.536023587682331,11.511241474036112,10.42136903967056,0.99999999999999989,-0.62171384769942384,__MLAT_CSV_NULL_V1__,__MLAT_CSV_NULL_V1__,False,0.0019449734592163377
bollinger_bandwidth_20,path_risk,180,London,Validation,43612,244,-0.30620958476116822,-0.33973231224353734,-0.27241814177150897,0.00099950024987506244,43615,15.24141896826889,13.669166728869291,13.122251025851201,12.035796925021112,10.981085368485971,0.99999999999999989,-0.4886417548975685,__MLAT_CSV_NULL_V1__,__MLAT_CSV_NULL_V1__,False,__MLAT_CSV_NULL_V1__
cutler_rsi_14,direction,5,London,Development,113880,636,-0.075995904741871331,-0.086913271935094377,-0.065168567969453597,0.00099950024987506244,113892,0.014178623276275303,0.011813489696211158,0.02058664815687087,-0.002173193397082458,-0.018418469733086529,0.69999999999999996,-0.019871719923912238,-0.17617368741715522,-0.071518429135897746,True,0.0029985007496251873
cutler_rsi_14,direction,5,London,Validation,43612,244,-0.067857378929517764,-0.086340215719031832,-0.049004798039010082,0.00099950024987506244,43615,0.050398664550398681,0.00027268540086860643,0.02070564147189052,0.033208740671165853,0.035190962362494776,0,-0.0093360948982127035,-0.21549398740895254,-0.06176777915291904,True,__MLAT_CSV_NULL_V1__
cutler_rsi_14,direction,15,London,Development,113880,636,-0.10886938657591597,-0.12514651251009265,-0.093319351038389578,0.00099950024987506244,113892,0.0047995633920118602,0.02752462547946416,0.0020950217370939881,-0.0034270557836708375,-0.029874366131171184,0.8999999999999998,-0.012498641374464797,-0.239684857452404,-0.095766048846846238,True,0.0029985007496251873
cutler_rsi_14,direction,15,London,Validation,43612,244,-0.11896107289469086,-0.14679095551698121,-0.091866456472516372,0.00099950024987506244,43615,0.10525917305563466,0.14520819382470074,0.076446167736090864,0.039766767957833675,0.05370111609321921,0.79999999999999993,-0.018557936046370502,-0.57889691759160167,-0.096003964510720047,True,__MLAT_CSV_NULL_V1__
cutler_rsi_14,direction,30,London,Development,113880,636,-0.14983215576427264,-0.16563729196475047,-0.13314999561459218,0.00099950024987506244,113892,-0.015956490358892694,0.058491503640969653,0.056272869133411826,0.0028569433557428144,-0.074535827348375952,0.39999999999999997,-0.015170613547580333,-0.54010933092464364,__MLAT_CSV_NULL_V1__,False,0.0029985007496251873
cutler_rsi_14,direction,30,London,Validation,43612,244,-0.14654745903613187,-0.17398981436346467,-0.11864291069827841,0.00099950024987506244,43615,0.11776129530925161,0.21137975764212916,0.19199885421376181,0.22207940324006403,0.21314203093799969,0.79999999999999993,0.023721289627855916,0.360009911700371,__MLAT_CSV_NULL_V1__,False,__MLAT_CSV_NULL_V1__
cutler_rsi_14,direction,60,London,Development,113880,636,-0.19622212336576675,-0.21189550193078488,-0.17979349880626799,0.00099950024987506244,113892,-0.042694596014056049,0.06238383588295264,-0.032904327583421857,-0.025353338740838515,-0.10160876673140415,0.29999999999999999,-0.011160586050335352,-0.47008025188678082,__MLAT_CSV_NULL_V1__,False,0.0029985007496251873
cutler_rsi_14,direction,60,London,Validation,43612,244,-0.17538015099970319,-0.20237332381780948,-0.14859279583336743,0.00099950024987506244,43615,0.19061132340638565,0.32379543175294245,0.39584100030419028,0.46985434008395033,0.60002282294686193,0.99999999999999989,0.070831942055061783,2.2685469432765268,__MLAT_CSV_NULL_V1__,False,__MLAT_CSV_NULL_V1__
cutler_rsi_14,direction,120,London,Development,113880,636,-0.2266817508316972,-0.24177669064679302,-0.2100495520141728,0.00099950024987506244,113892,0.040763959936328115,-0.0082910362780454112,-0.097658541809618776,0.048056345698031439,0.14246432582936935,0.59999999999999998,0.013810982113070771,0.5016637380600496,__MLAT_CSV_NULL_V1__,False,0.0029985007496251873
cutler_rsi_14,direction,120,London,Validation,43612,244,-0.21516447908142575,-0.24330201021555201,-0.18862918901655562,0.00099950024987506244,43615,0.53783496087142191,0.63370893808634354,0.73878728986029485,0.68619995029375858,0.95475206133805102,0.8999999999999998,0.048928093831696905,2.1054523771054217,__MLAT_CSV_NULL_V1__,False,__MLAT_CSV_NULL_V1__
cutler_rsi_14,direction,180,London,Development,113880,636,-0.2027204812706718,-0.21905098604534018,-0.18589447448975002,0.00099950024987506244,113892,-0.12254616036232249,0.043233776649026098,0.026688988313644087,0.22204908994072858,0.25479788278538995,0.8999999999999998,0.036080005363761908,0.79703385538301486,__MLAT_CSV_NULL_V1__,False,0.0029985007496251873
cutler_rsi_14,direction,180,London,Validation,43612,244,-0.20549184067503889,-0.23365253167979252,-0.17637197462382803,0.00099950024987506244,43615,0.97860734589826071,0.90230831467249029,0.76855599484016912,0.77325621764221553,1.2186019731217828,0.099999999999999992,0.02116831369213517,2.3481086258601196,__MLAT_CSV_NULL_V1__,False,__MLAT_CSV_NULL_V1__
cutler_rsi_14,expansion,5,London,Development,113880,636,-0.013964446499303831,-0.027146968693340646,-0.00089950271589021315,0.036981509245377311,113892,2.5473879256540726,2.3977733354272925,2.3727735682447184,2.3871577785260163,2.4781563359299685,0.29999999999999999,-0.058012418614355847,__MLAT_CSV_NULL_V1__,-0.017452877239440605,True,0.060515196946981049
cutler_rsi_14,expansion,5,London,Validation,43612,244,-0.026525263094417276,-0.045543062778962057,-0.0070443641054906215,0.0089955022488755615,43615,2.552770043036094,2.3827777517936677,2.3902075937667977,2.3993678568026877,2.4785537449372117,0,-0.066814706870756538,__MLAT_CSV_NULL_V1__,-0.033153687209888573,True,__MLAT_CSV_NULL_V1__
cutler_rsi_14,expansion,15,London,Development,113880,636,-0.005330727342838998,-0.022256553054762554,0.012806283396483022,0.5577211394302849,113892,4.4090539135856108,4.282729753666656,4.28339990554234,4.2367767903677427,4.3006592306542659,0.29999999999999999,-0.05552298698583237,__MLAT_CSV_NULL_V1__,-0.02744547712244982,True,0.64767616191904054
cutler_rsi_14,expansion,15,London,Validation,43612,244,-0.023842762371316266,-0.049761628810084037,0.0014797087264955754,0.069965017491254375,43615,4.4482296306256641,4.3270464969558136,4.3159640387974596,4.3149710723103833,4.3647231891000446,0.39999999999999997,-0.046338444566528428,__MLAT_CSV_NULL_V1__,-0.026348202646860809,True,__MLAT_CSV_NULL_V1__
cutler_rsi_14,expansion,30,London,Development,113880,636,-0.011378782445465597,-0.028927039516813316,0.006774738071873166,0.23388305847076463,113892,6.2165559815701004,6.0920661455967542,6.1051697482017122,5.9919630823834309,6.0035052565411728,0.79999999999999993,-0.078648226478560887,__MLAT_CSV_NULL_V1__,__MLAT_CSV_NULL_V1__,False,0.31772792848858594
cutler_rsi_14,expansion,30,London,Validation,43612,244,-0.043381002830794532,-0.071888209499883129,-0.013241314693476069,0.0049975012493753126,43615,6.3522369892837665,6.2572857687871357,6.1793874168874456,6.0754596420735254,6.157940865250521,0.8999999999999998,-0.072276554598366891,__MLAT_CSV_NULL_V1__,__MLAT_CSV_NULL_V1__,False,__MLAT_CSV_NULL_V1__
cutler_rsi_14,expansion,60,London,Development,113880,636,-0.014865467717053219,-0.032551765460762404,0.0032535023360904269,0.12193903048475763,113892,8.5623665295484379,8.5572081245445322,8.6068752391863494,8.4785074492309587,8.3179975752046005,0.69999999999999996,-0.066091331416492413,__MLAT_CSV_NULL_V1__,__MLAT_CSV_NULL_V1__,False,0.17917571826331732
cutler_rsi_14,expansion,60,London,Validation,43612,244,-0.059757832563910949,-0.089690988206254874,-0.029037035527408314,0.0019990004997501249,43615,8.9632427487367554,8.9596388046320943,8.7882657989901087,8.6225945807421791,8.574741769267245,0.99999999999999989,-0.096759714697027321,__MLAT_CSV_NULL_V1__,__MLAT_CSV_NULL_V1__,False,__MLAT_CSV_NULL_V1__
cutler_rsi_14,expansion,120,London,Development,113880,636,-0.02287960508816813,-0.042354054482106593,-0.0033312896984190065,0.025987006496751622,113892,11.876498783744788,11.943038117691859,12.040988650833631,11.826303592610913,11.56520978572091,0.59999999999999998,-0.059767723817802348,__MLAT_CSV_NULL_V1__,__MLAT_CSV_NULL_V1__,False,0.044549153994431351
cutler_rsi_14,expansion,120,London,Validation,43612,244,-0.060538961111029743,-0.090414077664168979,-0.030578035079176197,0.0019990004997501249,43615,12.563847854360816,12.525576737558472,12.344807657707168,12.174546547751525,12.12709756794521,0.99999999999999989,-0.074243164572148912,__MLAT_CSV_NULL_V1__,__MLAT_CSV_NULL_V1__,False,__MLAT_CSV_NULL_V1__
cutler_rsi_14,expansion,180,London,Development,113880,636,0.0089313396524060337,-0.010881963970321411,0.027916465414378241,0.38780609695152424,113892,15.724310850843137,16.026001888815635,16.416647249125361,16.104511001540171,15.843436586145586,0.29999999999999999,0.013605517429303719,__MLAT_CSV_NULL_V1__,__MLAT_CSV_NULL_V1__,False,0.49860783893767407
cutler_rsi_14,expansion,180,London,Validation,43612,244,-0.043158945459588247,-0.075711117334241795,-0.01211994793327976,0.0099950024987506252,43615,16.566807663356176,16.552380681113402,16.41017779249059,16.328755713991999,16.237557846578817,0.99999999999999989,-0.035887099523459302,__MLAT_CSV_NULL_V1__,__MLAT_CSV_NULL_V1__,False,__MLAT_CSV_NULL_V1__
cutler_rsi_14,volatility,5,London,Development,113880,636,-0.019158400270032259,-0.032963027390110866,-0.0051125510455273179,0.0089955022488755615,113892,4.6225094796447994,4.2039968709874991,4.0467729826770302,4.1188540673981757,4.3551083833469004,0.29999999999999999,-0.095883886728483511,__MLAT_CSV_NULL_V1__,-0.02238769869023961,True,0.022333660755828981
cutler_rsi_14,volatility,5,London,Validation,43612,244,-0.016451341901541603,-0.039417886194972815,0.0077446007021055871,0.16491754122938532,43615,4.2802796063679489,3.965492843597648,3.9302304790849325,3.9695966090536423,4.1611421186877049,0.099999999999999992,-0.051909531268301105,__MLAT_CSV_NULL_V1__,-0.027082930894926922,True,__MLAT_CSV_NULL_V1__
cutler_rsi_14,volatility,15,London,Development,113880,636,-0.02277214699769764,-0.041305016615850232,-0.0034505295680992442,0.013993003498250875,113892,8.1882887172852978,7.6792807097888209,7.4496233507034111,7.4607299955721338,7.7744484580582158,0.29999999999999999,-0.10340836180184478,__MLAT_CSV_NULL_V1__,-0.04198696703324048,True,0.027229628429028731
cutler_rsi_14,volatility,15,London,Validation,43612,244,-0.015040330464982314,-0.043591571284756901,0.012495331467383367,0.3168415792103948,43615,7.5825106438080558,7.259412785718947,7.1727269537970368,7.2192605153272247,7.4714279682111586,0.29999999999999999,-0.03579470872879887,__MLAT_CSV_NULL_V1__,-0.023542595218986894,True,__MLAT_CSV_NULL_V1__
cutler_rsi_14,volatility,30,London,Development,113880,636,-0.030574666774370651,-0.05011199443150488,-0.010921587762800628,0.0039980009995002497,113892,11.543820167341471,10.992325327380202,10.681565277763207,10.675984288463194,10.979099095716007,0.69999999999999996,-0.11131007562797966,__MLAT_CSV_NULL_V1__,__MLAT_CSV_NULL_V1__,False,0.010661335998667332
cutler_rsi_14,volatility,30,London,Validation,43612,244,-0.032487637258710761,-0.064969416355860884,-0.00070433961188870844,0.047976011994002997,43615,10.768772307156917,10.429726223012979,10.319532014631692,10.26776823106208,10.544254313517394,0.39999999999999997,-0.058031294930275396,__MLAT_CSV_NULL_V1__,__MLAT_CSV_NULL_V1__,False,__MLAT_CSV_NULL_V1__
cutler_rsi_14,volatility,60,London,Development,113880,636,-0.02119793142358278,-0.040707537113800089,-0.0020400299255966124,0.031984007996001998,113892,16.00355269762893,15.478967057440913,15.132268476503153,15.109292279244929,15.354801780938427,0.69999999999999996,-0.099408168828347618,__MLAT_CSV_NULL_V1__,__MLAT_CSV_NULL_V1__,False,0.053554618039817294
cutler_rsi_14,volatility,60,London,Validation,43612,244,-0.039130363519086872,-0.073269407924463667,-0.00573731436997061,0.020989505247376312,43615,15.09593737142337,14.815463429005336,14.581435404063731,14.559775502141392,14.771882114679661,0.69999999999999996,-0.065911148574156156,__MLAT_CSV_NULL_V1__,__MLAT_CSV_NULL_V1__,False,__MLAT_CSV_NULL_V1__
cutler_rsi_14,volatility,120,London,Development,113880,636,-0.024384728339947519,-0.044650626329283134,-0.0046068304919969051,0.013993003498250875,113892,22.259254294729125,21.697367925482794,21.265846272619914,21.248187426792356,21.402238325372359,0.69999999999999996,-0.099846940719788696,__MLAT_CSV_NULL_V1__,__MLAT_CSV_NULL_V1__,False,0.027229628429028731
cutler_rsi_14,volatility,120,London,Validation,43612,244,-0.028981114524813084,-0.059696327568042773,0.0027773986208092451,0.085957021489255367,43615,20.945463836565352,20.763590227231042,20.531924218107413,20.539629822252547,20.706931565284343,0.59999999999999998,-0.038748460065186334,__MLAT_CSV_NULL_V1__,__MLAT_CSV_NULL_V1__,False,__MLAT_CSV_NULL_V1__
cutler_rsi_14,volatility,180,London,Development,113880,636,0.0051422203948910897,-0.013731462953099483,0.024900304139858578,0.56771614192903552,113892,28.822214961110024,28.427583493671705,28.200062364006598,28.257494331234387,28.292786637395633,0.59999999999999998,-0.045840311037349903,__MLAT_CSV_NULL_V1__,__MLAT_CSV_NULL_V1__,False,0.68125937031484263
cutler_rsi_14,volatility,180,London,Validation,43612,244,-0.0054693098614472194,-0.035828002566909947,0.025190579220626914,0.70364817591204398,43615,27.106400385055569,26.945195294447302,26.801815376257348,26.905004334734947,26.923774245898347,0.59999999999999998,-0.020203108835114655,__MLAT_CSV_NULL_V1__,__MLAT_CSV_NULL_V1__,False,__MLAT_CSV_NULL_V1__
cutler_rsi_14,path_risk,5,London,Development,113880,636,-0.011286254267687304,-0.023169273379385947,0.00026841524337398561,0.056971514242878558,113892,2.0481951044866844,1.9344647537148527,1.912477903941979,1.9256219399605798,1.9957033990972486,0.29999999999999999,-0.044842234403421201,__MLAT_CSV_NULL_V1__,-0.014433099472196044,True,0.093226114215619452
cutler_rsi_14,path_risk,5,London,Validation,43612,244,-0.014409624492304622,-0.03173451846485717,0.0043045299650205484,0.12793603198400799,43615,2.0454296974631077,1.9153474230763652,1.9283705759997036,1.9452555385092536,1.9957454961904151,0,-0.04527214755336445,__MLAT_CSV_NULL_V1__,-0.022063564634942332,True,__MLAT_CSV_NULL_V1__
cutler_rsi_14,path_risk,15,London,Development,113880,636,-0.0047855621789800037,-0.020187457266644792,0.011596734241793256,0.58370814592703646,113892,3.5126859758896445,3.4125551017106943,3.4155993051905229,3.3783242432543292,3.416796712468726,0.29999999999999999,-0.049696452945025324,__MLAT_CSV_NULL_V1__,-0.027767991048600747,True,0.68896699191387911
cutler_rsi_14,path_risk,15,London,Validation,43612,244,-0.012656929855360656,-0.036199167708088641,0.011328261711558461,0.30284857571214391,43615,3.5256459578412458,3.4486661651963715,3.4309111101473113,3.4548925683835603,3.4936637799910288,0.099999999999999992,-0.017673503432397857,__MLAT_CSV_NULL_V1__,-0.0037826478914087061,True,__MLAT_CSV_NULL_V1__
cutler_rsi_14,path_risk,30,London,Development,113880,636,-0.0090248141556175804,-0.02689709899415314,0.0088304122221266358,0.30884557721139433,113892,4.940448447078527,4.8447973938885429,4.8628743543098158,4.7555355470420633,4.7394740662771628,0.8999999999999998,-0.074547071023295997,__MLAT_CSV_NULL_V1__,__MLAT_CSV_NULL_V1__,False,0.42763233767731523
cutler_rsi_14,path_risk,30,London,Validation,43612,244,-0.031315970225916027,-0.059345278127942741,-0.0044940611657960641,0.022988505747126436,43615,5.0393857068040528,4.9729914211720159,4.9002629189168925,4.8241237054057207,4.9004544657779459,0.69999999999999996,-0.051862606044853481,__MLAT_CSV_NULL_V1__,__MLAT_CSV_NULL_V1__,False,__MLAT_CSV_NULL_V1__
cutler_rsi_14,path_risk,60,London,Development,113880,636,-0.013202989119126369,-0.030992824072649364,0.0042441828109228471,0.1489255372313843,113892,6.8021151389729342,6.8156918991019735,6.8665862784664533,6.7319729603831764,6.5592436713630446,0.59999999999999998,-0.06592760816666425,__MLAT_CSV_NULL_V1__,__MLAT_CSV_NULL_V1__,False,0.21882936082978915
cutler_rsi_14,path_risk,60,London,Validation,43612,244,-0.061665119760369654,-0.090512512361113601,-0.03418178295927294,0.00099950024987506244,43615,7.1665204383275336,7.1735274859536053,6.9870582092280582,6.8426544554755786,6.7881677030468195,0.8999999999999998,-0.094509582894910057,__MLAT_CSV_NULL_V1__,__MLAT_CSV_NULL_V1__,False,__MLAT_CSV_NULL_V1__
cutler_rsi_14,path_risk,120,London,Development,113880,636,-0.015268100058283938,-0.03619614734469833,0.0049412770125310647,0.13293353323338331,113892,9.419571303885709,9.4922764411244334,9.5998712481534394,9.391901984558217,9.1341843801559826,0.59999999999999998,-0.055950986356340784,__MLAT_CSV_NULL_V1__,__MLAT_CSV_NULL_V1__,False,0.19940029985007493
cutler_rsi_14,path_risk,120,London,Validation,43612,244,-0.058759153655252375,-0.088657209303147397,-0.026808072973607534,0.00099950024987506244,43615,10.103112619902767,10.025709032559805,9.7699202366276197,9.6341672149150153,9.6567760809733549,0.8999999999999998,-0.075875460168211506,__MLAT_CSV_NULL_V1__,__MLAT_CSV_NULL_V1__,False,__MLAT_CSV_NULL_V1__
cutler_rsi_14,path_risk,180,London,Development,113880,636,0.0068136674530774989,-0.013558531631884762,0.026855322656933529,0.5407296351824088,113892,12.387581136933063,12.630828271302681,13.040763105458609,12.740428706302271,12.5417577367023,0.29999999999999999,0.019489600639560331,__MLAT_CSV_NULL_V1__,__MLAT_CSV_NULL_V1__,False,0.6712505816057488
cutler_rsi_14,path_risk,180,London,Validation,43612,244,-0.039829140956072352,-0.073611547108696912,-0.0055356834287870272,0.022988505747126436,43615,13.200634480569921,13.126662976862876,12.888563890081898,12.85276578941718,12.893458746138357,0.69999999999999996,-0.036250292884466684,__MLAT_CSV_NULL_V1__,__MLAT_CSV_NULL_V1__,False,__MLAT_CSV_NULL_V1__
chaikin_money_flow_20,direction,5,London,Development,113870,636,-0.055395703379909546,-0.066779679227660982,-0.044345606259226789,0.00099950024987506244,113872,0.020380886149453617,0.02775609808086282,0.011760367120422182,-0.020508661421367896,-0.012991515192644475,0.79999999999999993,-0.020452018244794885,-0.1164105555145912,-0.052345573675528112,True,0.0029985007496251873
chaikin_money_flow_20,direction,5,London,Validation,43612,244,-0.047976508781872214,-0.066214154372527478,-0.028666555792557464,0.00099950024987506244,43615,0.038563109646216322,-0.01175394044844371,0.044107710715967273,0.060954092293601415,0.0090428580190434447,0.19999999999999998,-0.018343365219071713,-0.24142982381263434,-0.045567069897968708,True,__MLAT_CSV_NULL_V1__
chaikin_money_flow_20,direction,15,London,Development,113870,636,-0.06994380610562656,-0.087374316225745347,-0.051583486601695226,0.00099950024987506244,113872,0.030054910858989918,0.044920990036569158,0.0055303582906825978,-0.036997091977122816,-0.039396110517769194,0.8999999999999998,-0.02477231850095038,-0.24328135909006909,-0.057130548987147145,True,0.0029985007496251873
chaikin_money_flow_20,direction,15,London,Validation,43612,244,-0.077530485900633522,-0.10723119719831888,-0.04728951436022806,0.00099950024987506244,43615,0.010422350366138661,-0.0024874196574629229,0.18979748384827932,0.20491207098876629,0.0090677970716314584,0.19999999999999998,-0.00049166907909112744,-0.14654927254916639,-0.065707248181565772,True,__MLAT_CSV_NULL_V1__
chaikin_money_flow_20,direction,30,London,Development,113870,636,-0.088830188247663769,-0.10808860891770897,-0.068008093754829912,0.00099950024987506244,113872,0.01282136024313223,0.077921010858099132,0.02519983593388703,-0.0020133830779023583,-0.084117277092195158,0.69999999999999996,-0.024810951878226108,-0.45885775495703734,__MLAT_CSV_NULL_V1__,False,0.0029985007496251873
chaikin_money_flow_20,direction,30,London,Validation,43612,244,-0.086784053673452696,-0.11904640305941329,-0.053611789952487096,0.00099950024987506244,43615,-0.14035432619798252,0.14490501913277637,0.3417759942775363,0.45804505376908938,0.11842785394938768,0.39999999999999997,0.065126702611703738,1.3328792655542463,__MLAT_CSV_NULL_V1__,False,__MLAT_CSV_NULL_V1__
chaikin_money_flow_20,direction,60,London,Development,113870,636,-0.11281175837569751,-0.13508106290728752,-0.091260408636265861,0.00099950024987506244,113872,-0.086093518655616097,0.14625071329257119,0.054909687426077602,-0.073101865683073738,-0.17992348334274283,0.39999999999999997,-0.01705151273857226,-0.51349495156420222,__MLAT_CSV_NULL_V1__,False,0.0029985007496251873
chaikin_money_flow_20,direction,60,London,Validation,43612,244,-0.098018874016871205,-0.13468565082992889,-0.063924361748225314,0.00099950024987506244,43615,-0.29997698019280677,0.37274483651470774,0.46810857350333002,0.90709910447555864,0.45958068200923946,0.69999999999999996,0.13319084267556874,4.1911756517319505,__MLAT_CSV_NULL_V1__,False,__MLAT_CSV_NULL_V1__
chaikin_money_flow_20,direction,120,London,Development,113870,636,-0.13106839812184048,-0.15121105570520321,-0.11151402684237201,0.00099950024987506244,113872,0.02845918868359739,0.12042370673407271,0.056798868476487567,0.024219993332689586,-0.097596939093594126,0.69999999999999996,-0.016464828970209882,-1.0724477956536589,__MLAT_CSV_NULL_V1__,False,0.0029985007496251873
chaikin_money_flow_20,direction,120,London,Validation,43612,244,-0.13381682107411577,-0.16879357540926138,-0.098834257636723447,0.00099950024987506244,43615,-0.25743913890995868,0.68088450756366392,0.83842853911967585,1.4138067062501711,0.77692222272788636,0.69999999999999996,0.12600764030801812,6.2779558985727846,__MLAT_CSV_NULL_V1__,False,__MLAT_CSV_NULL_V1__
chaikin_money_flow_20,direction,180,London,Development,113870,636,-0.11696638743788054,-0.1386208332456362,-0.094972675903058343,0.00099950024987506244,113872,-0.00080075605562752279,0.086898532659981154,0.14694460706467402,0.29570571796050199,-0.093887930633179517,0,-0.0085948132307438006,-1.5550209545488061,__MLAT_CSV_NULL_V1__,False,0.0029985007496251873
chaikin_money_flow_20,direction,180,London,Validation,43612,244,-0.12019382896202445,-0.15446194361234217,-0.084867154404291822,0.00099950024987506244,43615,0.26508834883866433,0.68411433003304012,0.94796564855244236,1.8142487829599561,0.85964310694335899,0.69999999999999996,0.053278867250881552,5.5197211610558314,__MLAT_CSV_NULL_V1__,False,__MLAT_CSV_NULL_V1__
chaikin_money_flow_20,expansion,5,London,Development,113870,636,0.0020813471912012396,-0.010991785560569886,0.01444213432603994,0.71564217891054471,113872,2.4797065212734837,2.4143505887059189,2.4005113460526548,2.4103799335337341,2.4784332608026838,0.29999999999999999,-0.0010585991328212535,__MLAT_CSV_NULL_V1__,0.00071959307000765802,True,0.76832172149219513
chaikin_money_flow_20,expansion,5,London,Validation,43612,244,-0.0051810704329843266,-0.023579479072310294,0.013335739250210057,0.61669165417291349,43615,2.47970333960926,2.4449290654028681,2.3991444991017539,2.4146074552952306,2.4737028549656404,0.29999999999999999,-0.0056344254430992988,__MLAT_CSV_NULL_V1__,-0.01233551258278289,True,__MLAT_CSV_NULL_V1__
chaikin_money_flow_20,expansion,15,London,Development,113870,636,0.009174092605145177,-0.0082973496790157125,0.027005236353847786,0.32983508245877063,113872,4.357098406388265,4.2532204312065813,4.2460308785525447,4.2651049958434317,4.3888330147029686,0.29999999999999999,0.01581735096382644,__MLAT_CSV_NULL_V1__,0.010441640560039642,True,0.43178410794602701
chaikin_money_flow_20,expansion,15,London,Validation,43612,244,-0.022194789448637269,-0.050532538844255515,0.0075437504099312965,0.12093953023488256,43615,4.4174206825340256,4.3645864820368807,4.3482456528413067,4.2911885930727802,4.3611817630542804,0.69999999999999996,-0.030902759167317623,__MLAT_CSV_NULL_V1__,-0.0094492284574929208,True,__MLAT_CSV_NULL_V1__
chaikin_money_flow_20,expansion,30,London,Development,113870,636,0.00033765234994323647,-0.01948453281350997,0.022537444474964544,0.96051974012993502,113872,6.1515543398924368,6.0335702086071956,6.0282618816212352,6.0285415323382319,6.1645193575486283,0.099999999999999992,0.0046817741683582324,__MLAT_CSV_NULL_V1__,__MLAT_CSV_NULL_V1__,False,0.96051974012993513
chaikin_money_flow_20,expansion,30,London,Validation,43612,244,-0.033283305929988564,-0.066874937718720273,0.0013779959864744311,0.056971514242878558,43615,6.2970688491192996,6.254075768945528,6.1845588144691108,6.0824539074769159,6.2181280976262681,0.69999999999999996,-0.029291835533326135,__MLAT_CSV_NULL_V1__,__MLAT_CSV_NULL_V1__,False,__MLAT_CSV_NULL_V1__
chaikin_money_flow_20,expansion,60,London,Development,113870,636,-0.0030003489562992684,-0.023462214641959158,0.019106720720563655,0.77661169415292353,113872,8.6608371693243935,8.4140718017989329,8.3877758266845817,8.4498281758757585,8.6068103126983253,0.099999999999999992,-0.013908855213320515,__MLAT_CSV_NULL_V1__,__MLAT_CSV_NULL_V1__,False,0.81037741998565938
chaikin_money_flow_20,expansion,60,London,Validation,43612,244,-0.048449064310150565,-0.082676360162171933,-0.011951871231611471,0.014992503748125937,43615,8.9122512404381489,8.9189591581846592,8.7450434387074889,8.6141172387708966,8.7299725756469382,0.79999999999999993,-0.045800600047121366,__MLAT_CSV_NULL_V1__,__MLAT_CSV_NULL_V1__,False,__MLAT_CSV_NULL_V1__
chaikin_money_flow_20,expansion,120,London,Development,113870,636,-0.0093780473525825053,-0.031277763583184404,0.013148369090308219,0.44377811094452774,113872,12.151941375163599,11.732944737511325,11.639508887115605,11.773489640885606,11.95008668609051,0.099999999999999992,-0.036996450594024795,__MLAT_CSV_NULL_V1__,__MLAT_CSV_NULL_V1__,False,0.56056182435098245
chaikin_money_flow_20,expansion,120,London,Validation,43612,244,-0.050370667828325048,-0.086696830326936689,-0.013732475269825843,0.0079960019990004995,43615,12.399256083529723,12.563142731243163,12.293594494770364,12.166208746026792,12.319642947408312,0.59999999999999998,-0.014022233859626794,__MLAT_CSV_NULL_V1__,__MLAT_CSV_NULL_V1__,False,__MLAT_CSV_NULL_V1__
chaikin_money_flow_20,expansion,180,London,Development,113870,636,-0.0020383093477442044,-0.023915086044258387,0.021605610560718601,0.86656671664167917,113872,16.456299216841863,15.844510416707228,15.84549805608235,15.997119634036304,15.968806368337257,0.099999999999999992,-0.052925805089844909,__MLAT_CSV_NULL_V1__,__MLAT_CSV_NULL_V1__,False,0.87877188166480136
chaikin_money_flow_20,expansion,180,London,Validation,43612,244,-0.020881253352983773,-0.054666853380800767,0.013354212389345557,0.25687156421789104,43615,16.362503983547612,16.629389999651277,16.352364566810841,16.179880620048504,16.562856148866711,0.19999999999999998,0.02241801742817786,__MLAT_CSV_NULL_V1__,__MLAT_CSV_NULL_V1__,False,__MLAT_CSV_NULL_V1__
chaikin_money_flow_20,volatility,5,London,Development,113870,636,0.0017192904685836815,-0.013689592835580513,0.016283359450272674,0.83658170914542729,113872,4.3910875743228273,4.2417910095808473,4.2164528704723576,4.2066361478342342,4.2929430790529581,0.39999999999999997,-0.035828702362298223,__MLAT_CSV_NULL_V1__,-0.0042203235765291081,False,0.87921256762922895
chaikin_money_flow_20,volatility,5,London,Validation,43612,244,0.0084335090949832926,-0.013001072973306575,0.030576346314853016,0.44277861069465269,43615,4.0705836050442032,4.0763388163313836,4.0123376794522549,4.0699922143599583,4.0908018480072306,0.19999999999999998,0.0094672451252939566,__MLAT_CSV_NULL_V1__,0.0023921205739387548,True,__MLAT_CSV_NULL_V1__
chaikin_money_flow_20,volatility,15,London,Development,113870,636,0.0069572247529888784,-0.013525665036554139,0.026755124181843913,0.49875062468765619,113872,7.9056700892402665,7.6343561935265321,7.6280227789478738,7.6521166957182887,7.7338920632523358,0.099999999999999992,-0.042733870639792733,__MLAT_CSV_NULL_V1__,-0.010680932991059572,False,0.61913870650881464
chaikin_money_flow_20,volatility,15,London,Validation,43612,244,0.0074033673924724739,-0.026668289354987034,0.038476692785316506,0.61169415292353824,43615,7.3161137187294525,7.3800418489893653,7.3267192202599807,7.3468014346481993,7.3520936374491601,0.39999999999999997,0.012306336061951398,__MLAT_CSV_NULL_V1__,0.026671675432006013,True,__MLAT_CSV_NULL_V1__
chaikin_money_flow_20,volatility,30,London,Development,113870,636,0.00573057752718663,-0.017147081630717233,0.028569482291793107,0.61669165417291349,113872,11.183109424368832,10.905576453987607,10.881050681084121,10.899233841540408,11.005832884589916,0.29999999999999999,-0.034300570804857412,__MLAT_CSV_NULL_V1__,__MLAT_CSV_NULL_V1__,False,0.71615805000725441
chaikin_money_flow_20,volatility,30,London,Validation,43612,244,0.0013057695640847666,-0.038315501156479484,0.039303884594335349,0.94452773613193408,43615,10.463272524150067,10.560109765508544,10.433164163217933,10.43859075956539,10.454106182311619,0.49999999999999994,-0.0024475954822845993,__MLAT_CSV_NULL_V1__,__MLAT_CSV_NULL_V1__,False,__MLAT_CSV_NULL_V1__
chaikin_money_flow_20,volatility,60,London,Development,113870,636,0.0045922568087994262,-0.017336063040085239,0.02714144416425756,0.73263368315842081,113872,15.661340940173698,15.367723308930344,15.302046203755193,15.353144619648713,15.39832917061927,0.29999999999999999,-0.039248502235876864,__MLAT_CSV_NULL_V1__,__MLAT_CSV_NULL_V1__,False,0.79923674526373178
chaikin_money_flow_20,volatility,60,London,Validation,43612,244,-0.01565755776744563,-0.053160006710730803,0.023288182237634236,0.45077461269365315,43615,14.742528535811152,14.885117662526577,14.754858370661839,14.740955295934825,14.716805754512519,0.69999999999999996,-0.0053409334200542275,__MLAT_CSV_NULL_V1__,__MLAT_CSV_NULL_V1__,False,__MLAT_CSV_NULL_V1__
chaikin_money_flow_20,volatility,120,London,Development,113870,636,0.0013937321149162108,-0.020714167320141745,0.023902343862178928,0.89155422288855568,113872,22.003298520669045,21.528769301528811,21.384244103155108,21.478468487230408,21.482840069983219,0.59999999999999998,-0.059006940589421547,__MLAT_CSV_NULL_V1__,__MLAT_CSV_NULL_V1__,False,0.90411132461938037
chaikin_money_flow_20,volatility,120,London,Validation,43612,244,-0.012401807304407106,-0.050805422950940947,0.026513202187894009,0.53773113443278364,43615,20.588516630475556,20.820810741972515,20.672224247942026,20.759518916157976,20.648500385214209,0.099999999999999992,0.0097828382129744509,__MLAT_CSV_NULL_V1__,__MLAT_CSV_NULL_V1__,False,__MLAT_CSV_NULL_V1__
chaikin_money_flow_20,volatility,180,London,Development,113870,636,0.0082984237850098376,-0.016682951911957847,0.031002448270957123,0.52773613193403301,113872,29.029299260191479,28.27579572689276,28.19948110861894,28.370369110448504,28.132205404310785,0.69999999999999996,-0.075221950919401689,__MLAT_CSV_NULL_V1__,__MLAT_CSV_NULL_V1__,False,0.64401697456356566
chaikin_money_flow_20,volatility,180,London,Validation,43612,244,0.022624436433576506,-0.016771556107662525,0.059818585209014473,0.24187906046976512,43615,26.649332829882535,27.016634476986674,27.06604007194646,27.007112306930861,26.926283927821377,0.099999999999999992,0.031070467206707433,__MLAT_CSV_NULL_V1__,__MLAT_CSV_NULL_V1__,False,__MLAT_CSV_NULL_V1__
chaikin_money_flow_20,path_risk,5,London,Development,113870,636,0.0025230070364784928,-0.0090980931985667861,0.013574757833021105,0.6926536731634183,113872,1.999625482344197,1.9459755078009946,1.9321387160592611,1.9398609779927947,1.9988877121317696,0.29999999999999999,-0.00062823051565674074,__MLAT_CSV_NULL_V1__,0.0008790633396351835,True,0.76724714565794028
chaikin_money_flow_20,path_risk,5,London,Validation,43612,244,0.00031525806893646202,-0.016811303275190238,0.017926038562756659,0.98750624687656174,43615,1.9936766537073667,1.9749599654710863,1.9259612816554168,1.9437169274777104,1.9976327986456699,0.099999999999999992,0.003769003692778587,__MLAT_CSV_NULL_V1__,-0.0055203772287731904,False,__MLAT_CSV_NULL_V1__
chaikin_money_flow_20,path_risk,15,London,Development,113870,636,0.0085878239485523353,-0.008702122419422198,0.025097479790117692,0.32083958020989506,113872,3.4711033098209065,3.4004637523768384,3.3687497083393985,3.3906040773245523,3.5027340417170048,0.099999999999999992,0.01593543688765197,__MLAT_CSV_NULL_V1__,0.0099795570182299505,True,0.43585754292664991
chaikin_money_flow_20,path_risk,15,London,Validation,43612,244,-0.018431675439534254,-0.044279137128566223,0.0078918113240944703,0.15192403798100951,43615,3.5072232919029833,3.5004078958786904,3.4744978591431863,3.4037932318169766,3.4780336774720082,0.69999999999999996,-0.01610095425654531,__MLAT_CSV_NULL_V1__,-0.0057474594540338026,True,__MLAT_CSV_NULL_V1__
chaikin_money_flow_20,path_risk,30,London,Development,113870,636,-0.00057886629264601022,-0.020841271776791633,0.019232377529773827,0.92953523238380809,113872,4.873971535948713,4.8096753402684271,4.7911324456494899,4.7722455430682276,4.8929949189691495,0,0.0068851398444496684,__MLAT_CSV_NULL_V1__,__MLAT_CSV_NULL_V1__,False,0.95609338188048842
chaikin_money_flow_20,path_risk,30,London,Validation,43612,244,-0.025603622680871557,-0.057922349938768436,0.0064789884598835867,0.13593203398300849,43615,4.9705256166675582,5.0040356706573581,4.9285325712495496,4.8064063911023487,4.9392840210173601,0.59999999999999998,-0.011719817006777173,__MLAT_CSV_NULL_V1__,__MLAT_CSV_NULL_V1__,False,__MLAT_CSV_NULL_V1__
chaikin_money_flow_20,path_risk,60,London,Development,113870,636,-0.0067158035705058346,-0.026115120001999309,0.014054236615661152,0.55172413793103448,113872,6.9022328029843836,6.6943388796641585,6.6489328233089049,6.6821257733294308,6.8444920053606362,0.29999999999999999,-0.014887348311821456,__MLAT_CSV_NULL_V1__,__MLAT_CSV_NULL_V1__,False,0.67329047340736414
chaikin_money_flow_20,path_risk,60,London,Validation,43612,244,-0.053618694489667044,-0.086332663808135854,-0.020717711069129827,0.0039980009995002497,43615,7.070238629156794,7.1812710455296598,6.9946035865514391,6.8311697681522139,6.8926099826639948,0.79999999999999993,-0.045063865408520594,__MLAT_CSV_NULL_V1__,__MLAT_CSV_NULL_V1__,False,__MLAT_CSV_NULL_V1__
chaikin_money_flow_20,path_risk,120,London,Development,113870,636,-0.0051698471017961305,-0.025744351293730344,0.016709653014625382,0.66766616691654168,113872,9.6511406692170425,9.3361208852412894,9.2274525099767253,9.3273454934899842,9.4918437283497621,0.29999999999999999,-0.029904076465867575,__MLAT_CSV_NULL_V1__,__MLAT_CSV_NULL_V1__,False,0.75112443778110938
chaikin_money_flow_20,path_risk,120,London,Validation,43612,244,-0.042948620674163371,-0.079763073712371887,-0.0074886519146366839,0.014992503748125937,43615,9.865206333601229,10.131424286735527,9.8446734488189147,9.633543683617134,9.7321707624991607,0.79999999999999993,-0.023652283502700752,__MLAT_CSV_NULL_V1__,__MLAT_CSV_NULL_V1__,False,__MLAT_CSV_NULL_V1__
chaikin_money_flow_20,path_risk,180,London,Development,113870,636,0.00083229669144044228,-0.020802829243228439,0.021475894362569501,0.92253873063468261,113872,13.01338410898572,12.515697000218815,12.495662909113133,12.650752834781406,12.663027854673276,0.099999999999999992,-0.04191843587404618,__MLAT_CSV_NULL_V1__,__MLAT_CSV_NULL_V1__,False,0.95609338188048842
chaikin_money_flow_20,path_risk,180,London,Validation,43612,244,-0.018217699528126807,-0.053930212877173686,0.015912874060187258,0.32083958020989506,43615,12.885945465554828,13.290350445725281,12.968976187968815,12.744461323982087,13.075328900906493,0,0.023276678016664498,__MLAT_CSV_NULL_V1__,__MLAT_CSV_NULL_V1__,False,__MLAT_CSV_NULL_V1__
amihud_illiquidity_60,direction,5,London,Development,113793,635,0.0078741133032356608,-0.0039925253294686002,0.019442588843434638,0.18090954522738631,113793,-0.014658340284083035,-0.0088558853138504916,0.0021512696963681519,0.00088364276364186743,0.047351110667955318,0.8999999999999998,0.038482069033433111,0.2487905456042761,0.0089513285321464377,True,0.4070464767616192
amihud_illiquidity_60,direction,5,London,Validation,43612,244,0.0027759811809899039,-0.018291467829325031,0.022976024477888032,0.81259370314842583,43615,0.036526610919964828,0.0065213052294021065,0.031248237624558525,-0.027853122819701346,0.1306778716272276,0.099999999999999992,0.059959870583774187,0.64106093924149776,0.0039634207209038527,True,__MLAT_CSV_NULL_V1__
amihud_illiquidity_60,direction,15,London,Development,113793,635,0.0038570747123293212,-0.016125761692256539,0.023361996643663941,0.72263868065967019,113793,-0.049552159783434406,-0.005097448120093947,-0.040166428847297868,0.0083854899893677642,0.089941329113780485,0.8999999999999998,0.050438993558114632,0.45563614746253239,0.0035180896550726574,True,0.81093781467475223
amihud_illiquidity_60,direction,15,London,Validation,43612,244,0.0088653262472446429,-0.026124342549980792,0.04444961668638233,0.59070464767616193,43615,0.083708641436202422,0.031722714324526315,0.15291001430939141,-0.0053829334851807648,0.30198433354979448,0.29999999999999999,0.080976479834877324,1.6043362352019761,0.0037329957007745194,True,__MLAT_CSV_NULL_V1__
amihud_illiquidity_60,direction,30,London,Development,113793,635,0.0086091639822305482,-0.017880651530777163,0.035323435399995981,0.55172413793103448,113793,-0.084623970701911466,0.040782500252594819,-0.079231250108029186,0.0087154274664409948,0.13906872702014939,0.69999999999999996,0.057184753693338392,0.85775561743950179,__MLAT_CSV_NULL_V1__,False,0.74951203643461295
amihud_illiquidity_60,direction,30,London,Validation,43612,244,0.012183434147747734,-0.036618285521893446,0.057880213066046245,0.64067966016991507,43615,0.18252838301821486,0.015049269593613258,0.31749720848350527,0.28792987786754293,0.52914289781960078,0.79999999999999993,0.09165748717226252,2.2132152378226948,__MLAT_CSV_NULL_V1__,False,__MLAT_CSV_NULL_V1__
amihud_illiquidity_60,direction,60,London,Development,113793,635,0.011280146971536915,-0.024080864181870564,0.041728964057102372,0.51574212893553228,113793,-0.21312238304757339,0.084810165541762503,-0.24400411850882087,0.03637788274668724,0.19721234731943202,0.49999999999999994,0.075161830220335013,1.836929872959816,__MLAT_CSV_NULL_V1__,False,0.74951203643461295
amihud_illiquidity_60,direction,60,London,Validation,43612,244,0.031708337691711337,-0.024991721218419347,0.08739888070036525,0.24387806096951525,43615,0.41087298313131482,-0.12234534056255235,0.61690874588761091,0.89212160569439847,0.92610966913412329,0.8999999999999998,0.096286995228053271,3.0726589563816007,__MLAT_CSV_NULL_V1__,False,__MLAT_CSV_NULL_V1__
amihud_illiquidity_60,direction,120,London,Development,113793,635,-0.011691257787912466,-0.045769988019698143,0.023016944101925244,0.53873063468265869,113793,-0.26766095920787236,0.16560903910794633,-0.20250466280546958,0.16438028083529263,0.28411545866789872,0.69999999999999996,0.073270735386546146,2.9078839590890184,__MLAT_CSV_NULL_V1__,False,0.74951203643461295
amihud_illiquidity_60,direction,120,London,Validation,43612,244,0.034937379301687721,-0.02127429880947734,0.091693234755450992,0.22188905547226387,43615,0.68681125606059779,-0.15825621761116782,1.2027260068054881,1.1922388904021517,2.5950737314531067,0.79999999999999993,0.24424960959449568,8.6233881261861001,__MLAT_CSV_NULL_V1__,False,__MLAT_CSV_NULL_V1__
amihud_illiquidity_60,direction,180,London,Development,113793,635,0.00027898091151712731,-0.03410102352334269,0.034667157789541006,0.99750124937531237,113793,-0.56139392133252575,-0.049486914209858776,-0.064384873193321521,0.67460018536954747,0.44457834888596498,0.79999999999999993,0.094509908324795736,4.8594406033876965,__MLAT_CSV_NULL_V1__,False,0.99750124937531248
amihud_illiquidity_60,direction,180,London,Validation,43612,244,-0.0027337121040839018,-0.063283754519639648,0.057797299973950049,0.90154922538730631,43615,0.84744458124329836,0.28057697794243813,1.3067328355284562,0.8735262096412002,4.1192105757629003,0.79999999999999993,0.30970401098152617,13.151444972437268,__MLAT_CSV_NULL_V1__,False,__MLAT_CSV_NULL_V1__
amihud_illiquidity_60,expansion,5,London,Development,113793,635,0.046205004040047494,0.035022954286146553,0.05714884937534865,0.00099950024987506244,113793,2.3850900810969748,2.3925538045485744,2.4449270614698748,2.4622948148938466,2.4978403129156148,0.99999999999999989,0.096107321975508378,__MLAT_CSV_NULL_V1__,0.048908430898750466,True,0.0019449734592163377
amihud_illiquidity_60,expansion,5,London,Validation,43612,244,0.069512199463835786,0.051346342355700091,0.087636942130678713,0.00099950024987506244,43615,2.3929579439059183,2.4767756997203052,2.5356482218506664,2.4639970909469082,2.5899916563964225,0.69999999999999996,0.192186655058217,__MLAT_CSV_NULL_V1__,0.066481051597603022,True,__MLAT_CSV_NULL_V1__
amihud_illiquidity_60,expansion,15,London,Development,113793,635,0.094299335193622338,0.075757583130121778,0.11125330567715852,0.00099950024987506244,113793,4.2004699178959832,4.1919467195059719,4.2808944835835963,4.4019727109182289,4.434876975077688,0.8999999999999998,0.12028836866382633,__MLAT_CSV_NULL_V1__,0.091985581432832059,True,0.0019449734592163377
amihud_illiquidity_60,expansion,15,London,Validation,43612,244,0.12049574660166476,0.091814745880846094,0.15037826333966053,0.00099950024987506244,43615,4.2369469830254785,4.4502191760086394,4.5446575298026826,4.457095988271659,4.6596684870553169,0.8999999999999998,0.24494559869894292,__MLAT_CSV_NULL_V1__,0.12494943073455471,True,__MLAT_CSV_NULL_V1__
amihud_illiquidity_60,expansion,30,London,Development,113793,635,0.13964692001433612,0.11638341238388514,0.16306613388103805,0.00099950024987506244,113793,5.8884282246512338,5.8955337101762249,6.0417393338133563,6.2263377705335063,6.3562318618036882,0.99999999999999989,0.17076377764996284,__MLAT_CSV_NULL_V1__,__MLAT_CSV_NULL_V1__,False,0.0019449734592163377
amihud_illiquidity_60,expansion,30,London,Validation,43612,244,0.17369918374856508,0.13538141272817156,0.21178439632848642,0.00099950024987506244,43615,5.9839870601155667,6.3945232305193,6.6271088951791155,6.4063408070459698,6.4785923670802896,0.69999999999999996,0.20124512856023785,__MLAT_CSV_NULL_V1__,__MLAT_CSV_NULL_V1__,False,__MLAT_CSV_NULL_V1__
amihud_illiquidity_60,expansion,60,London,Development,113793,635,0.18860312028272275,0.16141890126094557,0.21749175806706636,0.00099950024987506244,113793,8.1879665238278481,8.1920780013365952,8.3425845376430647,8.752144933164784,9.0528859742992349,0.99999999999999989,0.22633053957993501,__MLAT_CSV_NULL_V1__,__MLAT_CSV_NULL_V1__,False,0.0019449734592163377
amihud_illiquidity_60,expansion,60,London,Validation,43612,244,0.22701466153673941,0.18320549494134347,0.2718957725407205,0.00099950024987506244,43615,8.3490447803532639,9.3371272302551738,9.3587169023872843,9.2266374779988531,9.0925207482358967,0.099999999999999992,0.21574355538867579,__MLAT_CSV_NULL_V1__,__MLAT_CSV_NULL_V1__,False,__MLAT_CSV_NULL_V1__
amihud_illiquidity_60,expansion,120,London,Development,113793,635,0.22194705485953509,0.18897685220326679,0.25377063138493033,0.00099950024987506244,113793,11.170073939832166,11.526110515270585,11.637539864420262,12.154561569961288,12.778575914548707,0.99999999999999989,0.30431279390632804,__MLAT_CSV_NULL_V1__,__MLAT_CSV_NULL_V1__,False,0.0019449734592163377
amihud_illiquidity_60,expansion,120,London,Validation,43612,244,0.25136959256044134,0.20583001609996329,0.30131240212280364,0.00099950024987506244,43615,11.764671904232081,12.90977812904514,13.027617597301134,13.029068779937354,13.791161803507366,0.99999999999999989,0.37949362132549552,__MLAT_CSV_NULL_V1__,__MLAT_CSV_NULL_V1__,False,__MLAT_CSV_NULL_V1__
amihud_illiquidity_60,expansion,180,London,Development,113793,635,0.23145837280137893,0.19758476884315312,0.26326356463117989,0.00099950024987506244,113793,14.845961933195676,15.70296212708841,15.727823913436518,16.542445689661896,17.326411235423002,0.99999999999999989,0.27689992775590921,__MLAT_CSV_NULL_V1__,__MLAT_CSV_NULL_V1__,False,0.0019449734592163377
amihud_illiquidity_60,expansion,180,London,Validation,43612,244,0.26429367830448897,0.2101800677251103,0.31181354533500438,0.00099950024987506244,43615,15.383572127122205,17.12007318366269,17.78624787890627,17.973177013180596,19.210311991255281,0.99999999999999989,0.44991826014527275,__MLAT_CSV_NULL_V1__,__MLAT_CSV_NULL_V1__,False,__MLAT_CSV_NULL_V1__
amihud_illiquidity_60,volatility,5,London,Development,113793,635,-0.097574666330018586,-0.11593770336213177,-0.078315795471883748,0.00099950024987506244,113793,4.3251347921785683,4.1327184507190706,4.2267561056142595,4.3137186955183378,4.3544946427471807,0.39999999999999997,0.011242190650998796,__MLAT_CSV_NULL_V1__,-0.093827078769689695,True,0.0029985007496251873
amihud_illiquidity_60,volatility,5,London,Validation,43612,244,-0.09015127342371948,-0.11474246944393195,-0.064897920729955288,0.00099950024987506244,43615,4.216706892738002,4.0521380350178484,3.7695150384732332,3.6804753052417656,3.8529245230962852,0.69999999999999996,-0.17005625786933576,__MLAT_CSV_NULL_V1__,-0.086733250369614004,True,__MLAT_CSV_NULL_V1__
amihud_illiquidity_60,volatility,15,London,Development,113793,635,-0.10870181786041178,-0.13542918253798814,-0.082705804285258089,0.00099950024987506244,113793,7.7711058570246676,7.4393623726799873,7.5967116606625646,7.8303505319899385,7.925537709622624,0.69999999999999996,0.040345976086390616,__MLAT_CSV_NULL_V1__,-0.092637948422417529,True,0.0029985007496251873
amihud_illiquidity_60,volatility,15,London,Validation,43612,244,-0.09636566642279519,-0.13391058158839758,-0.057519466020023183,0.00099950024987506244,43615,7.5789201501536239,7.3843934735882133,6.8758611086574817,6.6720207987075666,6.9715910253399027,0.69999999999999996,-0.20731891643914188,__MLAT_CSV_NULL_V1__,-0.091747095879327306,True,__MLAT_CSV_NULL_V1__
amihud_illiquidity_60,volatility,30,London,Development,113793,635,-0.099697251755807154,-0.13296406224859397,-0.064994770264412541,0.00099950024987506244,113793,10.984231686960333,10.596832380405612,10.761402826372503,11.171903656330379,11.376072902142058,0.69999999999999996,0.078678700344932129,__MLAT_CSV_NULL_V1__,__MLAT_CSV_NULL_V1__,False,0.0029985007496251873
amihud_illiquidity_60,volatility,30,London,Validation,43612,244,-0.067598940401417659,-0.11751140408202398,-0.019831775514392126,0.0059970014992503746,43615,10.741345964238688,10.597320521349767,9.9334716332033057,9.5290846738271782,9.9589199016012007,0.69999999999999996,-0.21589089809161874,__MLAT_CSV_NULL_V1__,__MLAT_CSV_NULL_V1__,False,__MLAT_CSV_NULL_V1__
amihud_illiquidity_60,volatility,60,London,Development,113793,635,-0.084212414414999964,-0.12141896064657676,-0.044980522711542285,0.00099950024987506244,113793,15.281844239499984,14.888112007359506,15.074380057053379,15.741050008051999,16.12142242548882,0.69999999999999996,0.12949464903557215,__MLAT_CSV_NULL_V1__,__MLAT_CSV_NULL_V1__,False,0.0029985007496251873
amihud_illiquidity_60,volatility,60,London,Validation,43612,244,-0.014445848512554343,-0.070916493096092825,0.044176088927722082,0.60169915042478761,43615,14.997136030933435,15.183473824728587,14.171954991356721,13.672161630661479,13.982549305823655,0.79999999999999993,-0.22493651319096569,__MLAT_CSV_NULL_V1__,__MLAT_CSV_NULL_V1__,False,__MLAT_CSV_NULL_V1__
amihud_illiquidity_60,volatility,120,London,Development,113793,635,-0.01779559258864372,-0.057193492625093593,0.022119859243214766,0.37081459270364819,113793,21.046155465815669,20.877893935224417,21.207158972219947,21.943220696288062,22.842156192807799,0.8999999999999998,0.20477070879120302,__MLAT_CSV_NULL_V1__,__MLAT_CSV_NULL_V1__,False,0.48543001226659399
amihud_illiquidity_60,volatility,120,London,Validation,43612,244,0.038881461190469466,-0.01913399486462988,0.096822751558644032,0.19090454772613694,43615,20.876889950087957,21.427308019265329,19.973835967069927,19.395750917845305,20.00838021618674,0.59999999999999998,-0.15047787905288423,__MLAT_CSV_NULL_V1__,__MLAT_CSV_NULL_V1__,False,__MLAT_CSV_NULL_V1__
amihud_illiquidity_60,volatility,180,London,Development,113793,635,0.10322176382688725,0.068054777838050973,0.13936924743882181,0.00099950024987506244,113793,27.028225846228317,27.506759306031995,27.940059452958863,29.023526492523132,30.570096023537118,0.99999999999999989,0.29426630643650958,__MLAT_CSV_NULL_V1__,__MLAT_CSV_NULL_V1__,False,0.0029985007496251873
amihud_illiquidity_60,volatility,180,London,Validation,43612,244,0.15528323489747978,0.095312531143017895,0.21542095483204479,0.00099950024987506244,43615,26.978954660673022,27.585772677184398,26.943284437780807,25.687133601780086,25.993764411922786,0.79999999999999993,-0.114935552787714,__MLAT_CSV_NULL_V1__,__MLAT_CSV_NULL_V1__,False,__MLAT_CSV_NULL_V1__
amihud_illiquidity_60,path_risk,5,London,Development,113793,635,0.039095814868967523,0.028752807470473415,0.049633976354503194,0.00099950024987506244,113793,1.9194731511191172,1.923483562318637,1.9706505432741661,1.9872403841189423,2.0144493885694597,0.99999999999999989,0.082616308070234429,__MLAT_CSV_NULL_V1__,0.04503495962499638,True,0.0019449734592163377
amihud_illiquidity_60,path_risk,5,London,Validation,43612,244,0.058873982421963844,0.04094964675353762,0.07575554053719219,0.00099950024987506244,43615,1.9249802581958566,1.9948938768810447,2.0507790551320206,1.9780832795308256,2.107320284703512,0.69999999999999996,0.1790059245258116,__MLAT_CSV_NULL_V1__,0.060926264756925898,True,__MLAT_CSV_NULL_V1__
amihud_illiquidity_60,path_risk,15,London,Development,113793,635,0.089651344537473296,0.072875915818180287,0.10681479851112576,0.00099950024987506244,113793,3.3434677727983004,3.3304292343851505,3.4039946509937988,3.5241082649834374,3.530768731037865,0.8999999999999998,0.097083244222776019,__MLAT_CSV_NULL_V1__,0.096267897465101573,True,0.0019449734592163377
amihud_illiquidity_60,path_risk,15,London,Validation,43612,244,0.10875908782663789,0.08110729584713039,0.13618549727399859,0.00099950024987506244,43615,3.3738267364007624,3.5462460390210984,3.6368349196937091,3.5542511085182911,3.72047075462915,0.8999999999999998,0.19904321727408134,__MLAT_CSV_NULL_V1__,0.11913733986652573,True,__MLAT_CSV_NULL_V1__
amihud_illiquidity_60,path_risk,30,London,Development,113793,635,0.12979765374344687,0.10796829510912757,0.15217414284922703,0.00099950024987506244,113793,4.6665459868593153,4.6626273307715635,4.7851916346218744,4.9508757810124102,5.0758486872902502,0.8999999999999998,0.14937519502732591,__MLAT_CSV_NULL_V1__,__MLAT_CSV_NULL_V1__,False,0.0019449734592163377
amihud_illiquidity_60,path_risk,30,London,Validation,43612,244,0.163505129213145,0.12684403039221059,0.1993534065765592,0.00099950024987506244,43615,4.7525759375237167,5.0525945273923103,5.3205760933608142,5.0759468649615211,5.109666884401233,0.69999999999999996,0.14542999661415149,__MLAT_CSV_NULL_V1__,__MLAT_CSV_NULL_V1__,False,__MLAT_CSV_NULL_V1__
amihud_illiquidity_60,path_risk,60,London,Development,113793,635,0.175242068440988,0.14704905578812866,0.20191159852093932,0.00099950024987506244,113793,6.5149219630405213,6.4778093303251625,6.5881755272254088,6.9484244540871174,7.2520472669689626,0.8999999999999998,0.19217517409625498,__MLAT_CSV_NULL_V1__,__MLAT_CSV_NULL_V1__,False,0.0019449734592163377
amihud_illiquidity_60,path_risk,60,London,Validation,43612,244,0.20972107690854308,0.16587119587300347,0.25117424112185932,0.00099950024987506244,43615,6.6287893549115084,7.4803083443220366,7.5483638548379748,7.2366570459508246,7.1789253207223371,0.099999999999999992,0.16012183451451051,__MLAT_CSV_NULL_V1__,__MLAT_CSV_NULL_V1__,False,__MLAT_CSV_NULL_V1__
amihud_illiquidity_60,path_risk,120,London,Development,113793,635,0.20801619339617,0.17657012045194415,0.23709889064469106,0.00099950024987506244,113793,8.8697890934664958,9.1710897243765217,9.1947122131244985,9.6302853632733338,10.187095893395982,0.99999999999999989,0.25223399220534698,__MLAT_CSV_NULL_V1__,__MLAT_CSV_NULL_V1__,False,0.0019449734592163377
amihud_illiquidity_60,path_risk,120,London,Validation,43612,244,0.23168945443595321,0.18488743860082105,0.27953253607742978,0.00099950024987506244,43615,9.3158381197679478,10.356946032858913,10.592303066765743,10.182856873929046,11.195532402960183,0.69999999999999996,0.35408311983368268,__MLAT_CSV_NULL_V1__,__MLAT_CSV_NULL_V1__,False,__MLAT_CSV_NULL_V1__
amihud_illiquidity_60,path_risk,180,London,Development,113793,635,0.21727122012030414,0.18433185855244838,0.24767995791512265,0.00099950024987506244,113793,11.800206962064397,12.49715142278027,12.329076360242935,13.047901595185197,13.694528584648177,0.8999999999999998,0.23534665963785104,__MLAT_CSV_NULL_V1__,__MLAT_CSV_NULL_V1__,False,0.0019449734592163377
amihud_illiquidity_60,path_risk,180,London,Validation,43612,244,0.23185089688353575,0.18165443509800558,0.28091250010897872,0.00099950024987506244,43615,12.110841821205106,13.577496565635954,14.284338104944032,14.083346920498201,15.553918882207151,0.8999999999999998,0.43507935919569551,__MLAT_CSV_NULL_V1__,__MLAT_CSV_NULL_V1__,False,__MLAT_CSV_NULL_V1__
parkinson_volatility_30,direction,5,London,Development,113850,636,0.00016803158253541299,-0.01286534207236595,0.01222367659607739,0.96751624187906049,113850,0.038904237101229276,0.00067466954145669808,0.010623564401207044,-0.0084228276690316694,-0.0130818878367959,0.8999999999999998,-0.032203994323915047,-0.20991181131820405,-0.0016507216804637268,False,0.98114323120130065
parkinson_volatility_30,direction,5,London,Validation,43612,244,0.0091763769030906873,-0.011684816363457045,0.032330756227214041,0.40279860069965018,43615,0.04029001559510504,-0.02690623847115069,0.032034010537083199,0.064829065528709748,0.045898065438384837,0.59999999999999998,0.0034329132849477044,0.29308108924643927,0.010622161270330929,True,__MLAT_CSV_NULL_V1__
parkinson_volatility_30,direction,15,London,Development,113850,636,0.011567308216094422,-0.0093001906570241554,0.033440420730099535,0.2818590704647676,113850,0.050920947164292699,0.01862810790034004,-0.018099744792354464,-0.00023641923473874285,-0.04287689773287516,0.8999999999999998,-0.03372836763465354,-0.42987432646755275,0.0031516415810866729,True,0.54351771482679712
parkinson_volatility_30,direction,15,London,Validation,43612,244,0.0073694049324645218,-0.026846820047069876,0.041353055235191977,0.69465267366316841,43615,0.10370679804598777,-0.023179579660802561,0.10491775075380246,0.17730759109729555,0.066779510026247518,0.19999999999999998,-0.013047430136870571,0.15686991105181614,0.0038858241585066275,True,__MLAT_CSV_NULL_V1__
parkinson_volatility_30,direction,30,London,Development,113850,636,0.0056141175562012102,-0.021412717078810366,0.032511313954934416,0.65367316341829085,113850,0.13325986931755096,0.06284037837034262,0.002190454093477609,-0.047138899194683219,-0.1179870570330821,0.99999999999999989,-0.063902822937201217,-1.2988672306458184,__MLAT_CSV_NULL_V1__,False,0.80136203084898228
parkinson_volatility_30,direction,30,London,Validation,43612,244,-0.010371637562460777,-0.055264425468862739,0.034524327547660813,0.66566716641679158,43615,0.26663875230036044,0.078508024350588401,0.22430414113312802,0.35107120696148914,-0.0041063401117866251,0.29999999999999999,-0.067568830635206495,-1.5079164269897458,__MLAT_CSV_NULL_V1__,False,__MLAT_CSV_NULL_V1__
parkinson_volatility_30,direction,60,London,Development,113850,636,0.010612779172280326,-0.021718101066945095,0.04317657784492402,0.51274362818590702,113850,0.17014892989830949,0.07728497404310776,0.086595971226213389,-0.16317271461410976,-0.30482493504586128,0.8999999999999998,-0.086973512583634935,-3.0683073246030808,__MLAT_CSV_NULL_V1__,False,0.74951203643461295
parkinson_volatility_30,direction,60,London,Validation,43612,244,-0.015444712236698997,-0.065383704436964743,0.038315072841389478,0.53673163418290859,43615,0.69130478172210275,0.30598387263022225,0.34774004033255401,0.46467985841341702,0.16232019277703499,0.59999999999999998,-0.094980813128924341,-2.1891676757136951,__MLAT_CSV_NULL_V1__,False,__MLAT_CSV_NULL_V1__
parkinson_volatility_30,direction,120,London,Development,113850,636,0.01009463892847968,-0.026678222452696264,0.046576446090500809,0.60869565217391308,113850,0.10942569520584361,0.26496835912990763,0.20047797668942835,0.14532510540817864,-0.57993441453611116,0.39999999999999997,-0.089267156058958963,-5.2262027909085464,__MLAT_CSV_NULL_V1__,False,0.76887871853546919
parkinson_volatility_30,direction,120,London,Validation,43612,244,-0.014651751664873232,-0.074541978775881201,0.048329851062526831,0.66366816591704147,43615,1.5598048895757395,0.70609601992441151,0.23447097526582703,0.90173663907903767,0.15887604467912858,0.69999999999999996,-0.16918983238246157,-6.625160849616365,__MLAT_CSV_NULL_V1__,False,__MLAT_CSV_NULL_V1__
parkinson_volatility_30,direction,180,London,Development,113850,636,0.01093861902559407,-0.022416849031761322,0.047389355624259173,0.5427286356821589,113850,0.36860604300562783,0.23046180667666394,0.47060505057076513,0.24902899659384747,-0.86971961737228842,0.49999999999999994,-0.10810099855767188,-8.8291376077849861,__MLAT_CSV_NULL_V1__,False,0.74951203643461295
parkinson_volatility_30,direction,180,London,Validation,43612,244,0.012029582757710443,-0.046099715758710892,0.071252751493934549,0.69365317341329336,43615,2.2043752748284837,1.2948916280994642,0.50163117732169293,0.80255374483110309,-0.40553861577453926,0.8999999999999998,-0.20799280455880337,-16.717190273929042,__MLAT_CSV_NULL_V1__,False,__MLAT_CSV_NULL_V1__
parkinson_volatility_30,expansion,5,London,Development,113850,636,-0.25447188448699026,-0.26437460113741806,-0.24521991463350776,0.00099950024987506244,113850,2.6263585690182203,2.5079921246545362,2.4396290215652487,2.3589827467332323,2.2538706884480608,0.99999999999999989,-0.3165805502274226,__MLAT_CSV_NULL_V1__,-0.25422355648568429,True,0.0019449734592163377
parkinson_volatility_30,expansion,5,London,Validation,43612,244,-0.27817961139232539,-0.29498800962875704,-0.26247444286349597,0.00099950024987506244,43615,2.6935903115478239,2.5198663258480507,2.4180020171037171,2.3510220767124856,2.1579465106649263,0.99999999999999989,-0.48926376491025758,__MLAT_CSV_NULL_V1__,-0.26550861841659307,True,__MLAT_CSV_NULL_V1__
parkinson_volatility_30,expansion,15,London,Development,113850,636,-0.33035208308459957,-0.34578633973386286,-0.31498654021099814,0.00099950024987506244,113850,4.7088523256170012,4.4747282301085098,4.2977336675282398,4.1291722561318185,3.9085842973155529,0.99999999999999989,-0.40292791474530665,__MLAT_CSV_NULL_V1__,-0.31990559885541225,True,0.0019449734592163377
parkinson_volatility_30,expansion,15,London,Validation,43612,244,-0.34227499699572261,-0.36717978618690983,-0.31804741026028149,0.00099950024987506244,43615,4.9548708502679286,4.5214859444395268,4.3090444807474562,4.1391262797052599,3.688169734779442,0.99999999999999989,-0.68380728363497056,__MLAT_CSV_NULL_V1__,-0.32901808934866789,True,__MLAT_CSV_NULL_V1__
parkinson_volatility_30,expansion,30,London,Development,113850,636,-0.39168446178152672,-0.41111022274942699,-0.37229298933059696,0.00099950024987506244,113850,6.6965428112880705,6.3679898988113646,6.082113694957501,5.7990505949458058,5.4762643736996761,0.99999999999999989,-0.43581812482777743,__MLAT_CSV_NULL_V1__,__MLAT_CSV_NULL_V1__,False,0.0019449734592163377
parkinson_volatility_30,expansion,30,London,Validation,43612,244,-0.3981108437503077,-0.42994257175358491,-0.36594319151642846,0.00099950024987506244,43615,7.1828037548613271,6.5815034968739239,6.1400916169109143,5.780020414486823,5.0279630297170739,0.99999999999999989,-0.81345953981605224,__MLAT_CSV_NULL_V1__,__MLAT_CSV_NULL_V1__,False,__MLAT_CSV_NULL_V1__
parkinson_volatility_30,expansion,60,London,Development,113850,636,-0.46522261401718745,-0.48732385546263807,-0.44306962588673482,0.00099950024987506244,113850,9.386901134741251,8.945456456076867,8.4854368043801056,8.087132996898081,7.6380919703827495,0.99999999999999989,-0.44398841280728324,__MLAT_CSV_NULL_V1__,__MLAT_CSV_NULL_V1__,False,0.0019449734592163377
parkinson_volatility_30,expansion,60,London,Validation,43612,244,-0.48391116871741302,-0.518367850586403,-0.44864893006158807,0.00099950024987506244,43615,10.183988069901718,9.5487842331908208,8.688460531912984,8.040667127276663,6.8893420812084507,0.99999999999999989,-0.89171912028524514,__MLAT_CSV_NULL_V1__,__MLAT_CSV_NULL_V1__,False,__MLAT_CSV_NULL_V1__
parkinson_volatility_30,expansion,120,London,Development,113850,636,-0.58303256223205036,-0.60388029058980941,-0.5608865132773031,0.00099950024987506244,113850,13.463429369449159,12.498186229670967,11.77544149040736,10.937313691130612,10.618652326158237,0.99999999999999989,-0.51079874125636193,__MLAT_CSV_NULL_V1__,__MLAT_CSV_NULL_V1__,False,0.0019449734592163377
parkinson_volatility_30,expansion,120,London,Validation,43612,244,-0.57221652964921776,-0.60374245406130811,-0.53804485944110148,0.00099950024987506244,43615,14.320075623136869,13.714358034746311,12.271475355382465,10.942965635666996,9.6380891613324309,0.99999999999999989,-0.82079417930442511,__MLAT_CSV_NULL_V1__,__MLAT_CSV_NULL_V1__,False,__MLAT_CSV_NULL_V1__
parkinson_volatility_30,expansion,180,London,Development,113850,636,-0.65386287260958598,-0.67162461144022856,-0.63476074254661818,0.00099950024987506244,113850,20.542260834329671,16.95279218610861,15.562149538789049,13.999281669053923,13.176775141383104,0.99999999999999989,-0.73769028926170499,__MLAT_CSV_NULL_V1__,__MLAT_CSV_NULL_V1__,False,0.0019449734592163377
parkinson_volatility_30,expansion,180,London,Validation,43612,244,-0.63256989524466833,-0.66293080078862809,-0.60081517696560338,0.00099950024987506244,43615,21.257320991014073,17.865428014099205,15.700575583059646,14.023498383301959,12.388743783014444,0.99999999999999989,-0.81505780288266216,__MLAT_CSV_NULL_V1__,__MLAT_CSV_NULL_V1__,False,__MLAT_CSV_NULL_V1__
parkinson_volatility_30,volatility,5,London,Development,113850,636,0.12873975728506501,0.11403972958077849,0.14322683455064567,0.00099950024987506244,113850,2.7827600182627354,3.5298288890903806,4.0721645380724487,4.6828358182866827,6.2381442240528546,0.99999999999999989,1.3235146797112045,__MLAT_CSV_NULL_V1__,0.12726089504505286,True,0.0029985007496251873
parkinson_volatility_30,volatility,5,London,Validation,43612,244,0.082656140270619571,0.058986058960392662,0.10497457462693864,0.00099950024987506244,43615,2.8995524319985893,3.5273484102564998,4.0599330771479787,4.5426594435598453,5.7910482407796513,0.99999999999999989,1.3522625783466313,__MLAT_CSV_NULL_V1__,0.086358301166241547,True,__MLAT_CSV_NULL_V1__
parkinson_volatility_30,volatility,15,London,Development,113850,636,0.13869708802820757,0.11523195689841657,0.16190434528753311,0.00099950024987506244,113850,5.0859026730852062,6.463586478093327,7.3460106498515794,8.4384611035223749,11.144196704836109,0.99999999999999989,1.660015984350756,__MLAT_CSV_NULL_V1__,0.12571331621964535,True,0.0029985007496251873
parkinson_volatility_30,volatility,15,London,Validation,43612,244,0.083261422366396151,0.047858021243266158,0.11880588734503668,0.00099950024987506244,43615,5.3192860234872921,6.4662757516008051,7.3138430659893832,8.2130602917623161,10.239435540344884,0.99999999999999989,1.7689110954190135,__MLAT_CSV_NULL_V1__,0.10200543258394498,True,__MLAT_CSV_NULL_V1__
parkinson_volatility_30,volatility,30,London,Development,113850,636,0.11908429272727339,0.090278020528527583,0.14811980641245992,0.00099950024987506244,113850,7.292416741354085,9.2885328382327401,10.472016801753792,11.980233457254064,15.736856210691752,0.99999999999999989,1.8256917710516347,__MLAT_CSV_NULL_V1__,__MLAT_CSV_NULL_V1__,False,0.0029985007496251873
parkinson_volatility_30,volatility,30,London,Validation,43612,244,0.050475881065169662,0.0080344493758327078,0.092295447423585308,0.01999000499750125,43615,7.6742912607113993,9.3206612127143789,10.466146542274686,11.650958012844786,14.313138035207272,0.99999999999999989,1.9636163971517901,__MLAT_CSV_NULL_V1__,__MLAT_CSV_NULL_V1__,False,__MLAT_CSV_NULL_V1__
parkinson_volatility_30,volatility,60,London,Development,113850,636,0.095705983326890301,0.063140800074529047,0.12544918723700255,0.00099950024987506244,113850,10.327744865078246,13.041868621026858,14.711887671791001,16.823469323864501,22.033826319104591,0.99999999999999989,1.9474285120702122,__MLAT_CSV_NULL_V1__,__MLAT_CSV_NULL_V1__,False,0.0029985007496251873
parkinson_volatility_30,volatility,60,London,Validation,43612,244,-0.010625622248218941,-0.061691202138903438,0.038678286649945298,0.65167416291854074,43615,10.876444449411723,13.407648674621932,14.796903554297243,16.370401942213579,19.717828256728026,0.99999999999999989,2.1044196091250549,__MLAT_CSV_NULL_V1__,__MLAT_CSV_NULL_V1__,False,__MLAT_CSV_NULL_V1__
parkinson_volatility_30,volatility,120,London,Development,113850,636,-0.0025877457575638392,-0.037192889688700943,0.031253091908036247,0.87756121939030485,113850,14.916639622071845,18.337651948879348,20.555848959465941,23.210458800550587,30.669167663008903,0.99999999999999989,1.9311699776555471,__MLAT_CSV_NULL_V1__,__MLAT_CSV_NULL_V1__,False,0.90263439708717075
parkinson_volatility_30,volatility,120,London,Validation,43612,244,-0.10854012341417205,-0.16530301276576209,-0.053827710986834275,0.00099950024987506244,43615,15.596316610952471,19.065745963208997,20.730049032097277,22.669826310609846,27.14600024878213,0.99999999999999989,2.0496901574048492,__MLAT_CSV_NULL_V1__,__MLAT_CSV_NULL_V1__,False,__MLAT_CSV_NULL_V1__
parkinson_volatility_30,volatility,180,London,Development,113850,636,-0.28086261842557453,-0.30900045151083505,-0.25442934272178064,0.00099950024987506244,113850,22.080871133790534,24.854324183224385,26.988353293595136,29.518427278706135,38.385616134013162,0.99999999999999989,1.3858305529051269,__MLAT_CSV_NULL_V1__,__MLAT_CSV_NULL_V1__,False,0.0029985007496251873
parkinson_volatility_30,volatility,180,London,Validation,43612,244,-0.29970040580597518,-0.34564250931174928,-0.25662282059120406,0.00099950024987506244,43615,22.128988852902697,25.243871208747123,26.627461352074857,28.528873288928619,34.225875682019442,0.99999999999999989,1.2108091720630263,__MLAT_CSV_NULL_V1__,__MLAT_CSV_NULL_V1__,False,__MLAT_CSV_NULL_V1__
parkinson_volatility_30,path_risk,5,London,Development,113850,636,-0.21828453532907172,-0.22788910246792068,-0.20890481078623666,0.00099950024987506244,113850,2.1222615349615475,2.0219114429262941,1.9643145065113234,1.9008545907025602,1.8097241719269817,0.99999999999999989,-0.27057101635442005,__MLAT_CSV_NULL_V1__,-0.22247439417577428,True,0.0019449734592163377
parkinson_volatility_30,path_risk,5,London,Validation,43612,244,-0.23888642289596376,-0.25565308844967394,-0.22217801741861534,0.00099950024987506244,43615,2.1927790299409424,2.0311299917141423,1.9404290381963614,1.8934158557546605,1.7182219927273674,0.99999999999999989,-0.43662972537479777,__MLAT_CSV_NULL_V1__,-0.22943021712756351,True,__MLAT_CSV_NULL_V1__
parkinson_volatility_30,path_risk,15,London,Development,113850,636,-0.28000705165187673,-0.29569004994341846,-0.26433485816956687,0.00099950024987506244,113850,3.7559538634257836,3.5626969138408389,3.415693485417159,3.2912762362076697,3.1148649170997751,0.99999999999999989,-0.3241871084381347,__MLAT_CSV_NULL_V1__,-0.28081718668468725,True,0.0019449734592163377
parkinson_volatility_30,path_risk,15,London,Validation,43612,244,-0.28389294854237379,-0.30838519344348275,-0.2580348586084894,0.00099950024987506244,43615,4.0039706828119748,3.5988589198964021,3.4274165080308729,3.2796337170814187,2.9202339515274751,0.99999999999999989,-0.57671658141933024,__MLAT_CSV_NULL_V1__,-0.2887954209773288,True,__MLAT_CSV_NULL_V1__
parkinson_volatility_30,path_risk,30,London,Development,113850,636,-0.32613044521162782,-0.34512563882257286,-0.30630650321427122,0.00099950024987506244,113850,5.3264090996654661,5.0590681585409669,4.8129203678009942,4.5891385715317048,4.3650199034298316,0.99999999999999989,-0.34160820134169401,__MLAT_CSV_NULL_V1__,__MLAT_CSV_NULL_V1__,False,0.0019449734592163377
parkinson_volatility_30,path_risk,30,London,Validation,43612,244,-0.33212974016461716,-0.36389542585025914,-0.2988422155854471,0.00099950024987506244,43615,5.7615838480595052,5.2513282126680352,4.8640419157264789,4.5497770414915824,3.9584759818705622,0.99999999999999989,-0.67478743192023394,__MLAT_CSV_NULL_V1__,__MLAT_CSV_NULL_V1__,False,__MLAT_CSV_NULL_V1__
parkinson_volatility_30,path_risk,60,London,Development,113850,636,-0.38260886626535545,-0.40681492646988116,-0.36076578062564746,0.00099950024987506244,113850,7.4359503764604753,7.1144971016014891,6.7120069146104413,6.4303792756613847,6.0986365216995591,0.99999999999999989,-0.3389071704896276,__MLAT_CSV_NULL_V1__,__MLAT_CSV_NULL_V1__,False,0.0019449734592163377
parkinson_volatility_30,path_risk,60,London,Validation,43612,244,-0.39597972105290169,-0.43228997662347257,-0.35922840293148411,0.00099950024987506244,43615,8.1138963463586471,7.6606183534841055,6.9239497612972771,6.3815439709526984,5.3940140364035294,0.99999999999999989,-0.73411824222732291,__MLAT_CSV_NULL_V1__,__MLAT_CSV_NULL_V1__,False,__MLAT_CSV_NULL_V1__
parkinson_volatility_30,path_risk,120,London,Development,113850,636,-0.47964716971142762,-0.50176544988634297,-0.45694134534996234,0.00099950024987506244,113850,10.696988333596899,9.9217724309386739,9.2858376621833916,8.6550161493500752,8.5110268434382821,0.99999999999999989,-0.39971139265132327,__MLAT_CSV_NULL_V1__,__MLAT_CSV_NULL_V1__,False,0.0019449734592163377
parkinson_volatility_30,path_risk,120,London,Validation,43612,244,-0.47088921201964112,-0.50834466130169109,-0.43191935121318642,0.00099950024987506244,43615,11.348268700622743,11.053653214741933,9.7865127854314178,8.6466316619204413,7.640337539224979,0.99999999999999989,-0.64789942644456344,__MLAT_CSV_NULL_V1__,__MLAT_CSV_NULL_V1__,False,__MLAT_CSV_NULL_V1__
parkinson_volatility_30,path_risk,180,London,Development,113850,636,-0.55481489822777119,-0.57485968920100772,-0.53417950435437322,0.00099950024987506244,113850,16.110886600895974,13.499943218918476,12.232207182503858,11.055610537814848,10.53348530969102,0.99999999999999989,-0.63634213645599724,__MLAT_CSV_NULL_V1__,__MLAT_CSV_NULL_V1__,False,0.0019449734592163377
parkinson_volatility_30,path_risk,180,London,Validation,43612,244,-0.52643581094035297,-0.56275945424958596,-0.48801700168891177,0.00099950024987506244,43615,16.78196223423889,14.205949121193717,12.406826261891871,10.951135929188474,9.9873040440704877,0.99999999999999989,-0.70022880674537191,__MLAT_CSV_NULL_V1__,__MLAT_CSV_NULL_V1__,False,__MLAT_CSV_NULL_V1__
rogers_satchell_volatility_30,direction,5,London,Development,113850,636,0.0020698666498687322,-0.0099200877104979844,0.014782862967943886,0.75462268865567217,113850,0.033767680765313716,0.01911820886674644,0.01081628731044708,-0.018770119812217691,-0.016276825694305972,0.8999999999999998,-0.031178095044776317,-0.19120044609796868,0.0002654286413025259,True,0.81093781467475223
rogers_satchell_volatility_30,direction,5,London,Validation,43612,244,0.016249019545354994,-0.0053883832292594058,0.037597816099778969,0.14392803598200898,43615,0.033334026532009169,-0.041733638412793046,0.043151205919736396,0.089560830732966432,0.017542310941591595,0.19999999999999998,-0.0096618796897284063,0.065832068500460708,0.016493224120290188,True,__MLAT_CSV_NULL_V1__
rogers_satchell_volatility_30,direction,15,London,Development,113850,636,0.013304359550226283,-0.0069723164457589307,0.033211209708358419,0.20589705147426288,113850,0.044252595668511953,0.035723721286466462,0.0062526428512967389,-0.026262433087501775,-0.051682875165422013,0.99999999999999989,-0.034581700555910297,-0.40418363675991353,0.0064438924727745102,True,0.44922993048930082
rogers_satchell_volatility_30,direction,15,London,Validation,43612,244,0.014899709124611587,-0.018892177846294701,0.051104324842452566,0.38680659670164919,43615,0.093637306587757207,-0.03225298109983285,0.080197313264997475,0.24773843293240835,0.024295623617237347,0,-0.024584087101501631,-0.23710867897819771,0.015948813138238316,True,__MLAT_CSV_NULL_V1__
rogers_satchell_volatility_30,direction,30,London,Development,113850,636,0.010643662001190731,-0.014943737397897072,0.036813013040357584,0.39980009995002497,113850,0.12530679836351991,0.096296798854107246,0.044215192730797867,-0.12460241868781935,-0.10806306023946115,0.8999999999999998,-0.059307368042147118,-1.1308272092687897,__MLAT_CSV_NULL_V1__,False,0.66239607468992778
rogers_satchell_volatility_30,direction,30,London,Validation,43612,244,-0.0014663498947564435,-0.044441065395405786,0.042596755321422264,0.95352323838080955,43615,0.21607003323302088,0.17169796136901147,0.11460130710829645,0.41052138669344485,0.0098253647253267306,0.39999999999999997,-0.052193639411687219,-1.1454196647208228,__MLAT_CSV_NULL_V1__,False,__MLAT_CSV_NULL_V1__
rogers_satchell_volatility_30,direction,60,London,Development,113850,636,0.018493527958117803,-0.012385174140816326,0.04998275700787963,0.25087456271864067,113850,0.10644737124794637,0.17615710686593986,0.14150124810468362,-0.2840421923732302,-0.27476117797888028,0.59999999999999998,-0.069458313436892835,-2.5344869538646102,__MLAT_CSV_NULL_V1__,False,0.51608481473548939
rogers_satchell_volatility_30,direction,60,London,Validation,43612,244,-0.0061927747153283667,-0.060547139045849713,0.04760574980884584,0.77961019490254868,43615,0.59568137523990494,0.46953621885769664,0.22540924759887601,0.49152365490818334,0.19738165949677344,0.69999999999999996,-0.072427212913062977,-1.4862925511534169,__MLAT_CSV_NULL_V1__,False,__MLAT_CSV_NULL_V1__
rogers_satchell_volatility_30,direction,120,London,Development,113850,636,0.018658107651201648,-0.018573995277491991,0.053885914654763591,0.32283858070964516,113850,0.046270517219969019,0.38609168469729788,0.23798713660487755,-0.021090755824744935,-0.50935402724302214,0.69999999999999996,-0.071558367384199448,-4.4055240462065122,__MLAT_CSV_NULL_V1__,False,0.59010494752623688
rogers_satchell_volatility_30,direction,120,London,Validation,43612,244,0.0081819682879457605,-0.049043492547445729,0.066106119805667329,0.78960519740129931,43615,1.464186611721773,0.69663580238479472,0.23828319114112737,0.92570435436342768,0.28595271394624727,0.49999999999999994,-0.14502789494007512,-5.0872873467504336,__MLAT_CSV_NULL_V1__,False,__MLAT_CSV_NULL_V1__
rogers_satchell_volatility_30,direction,180,London,Development,113850,636,0.027672285287511905,-0.0077952680197548177,0.061296353045370379,0.12093953023488256,113850,0.27089124336010589,0.45327373393068565,0.33258410953721618,0.1066944075284301,-0.71586139734384724,0.69999999999999996,-0.087015942490645787,-7.2737322688022079,__MLAT_CSV_NULL_V1__,False,0.30026366127281184
rogers_satchell_volatility_30,direction,180,London,Validation,43612,244,0.016970874376472784,-0.044378536028870243,0.080223389544225962,0.58770614692653678,43615,2.1840169688046998,1.2297622253852163,0.45935901525073175,0.72365503050607838,-0.011670745779784412,0.8999999999999998,-0.17962478532158471,-12.847023397173629,__MLAT_CSV_NULL_V1__,False,__MLAT_CSV_NULL_V1__
rogers_satchell_volatility_30,expansion,5,London,Development,113850,636,-0.22679136943723069,-0.23664039901812969,-0.21590897836852846,0.00099950024987506244,113850,2.6131385169451291,2.502225063677137,2.4416218956949303,2.3677633961843738,2.2614090766889112,0.99999999999999989,-0.30234655986195091,__MLAT_CSV_NULL_V1__,-0.22808317410209639,True,0.0019449734592163377
rogers_satchell_volatility_30,expansion,5,London,Validation,43612,244,-0.24665838105898089,-0.26343527443407649,-0.2293133120264628,0.00099950024987506244,43615,2.6925204765032329,2.4933655085860313,2.4416756102443662,2.3474495379753155,2.1804577936714766,0.99999999999999989,-0.46107001627018945,__MLAT_CSV_NULL_V1__,-0.23572386856525807,True,__MLAT_CSV_NULL_V1__
rogers_satchell_volatility_30,expansion,15,London,Development,113850,636,-0.29556099727932011,-0.31229132414426519,-0.27875380106153008,0.00099950024987506244,113850,4.6772277535937556,4.4650725055114577,4.3041470100233958,4.1415393703857415,3.9296030531896387,0.99999999999999989,-0.37870763850994105,__MLAT_CSV_NULL_V1__,-0.29029284278837914,True,0.0019449734592163377
rogers_satchell_volatility_30,expansion,15,London,Validation,43612,244,-0.30477463242492991,-0.33074288925383016,-0.27921708277666474,0.00099950024987506244,43615,4.937590621185497,4.4997358301944024,4.3266426591120668,4.1417278053776938,3.7436007406894065,0.99999999999999989,-0.64200139429119729,__MLAT_CSV_NULL_V1__,-0.29939894815927881,True,__MLAT_CSV_NULL_V1__
rogers_satchell_volatility_30,expansion,30,London,Development,113850,636,-0.35217387715050502,-0.37273659532899711,-0.33201379065547876,0.00099950024987506244,113850,6.6583675131911795,6.3653610334955646,6.0432480197800675,5.8316634199786597,5.5212782762238843,0.99999999999999989,-0.40745120921524974,__MLAT_CSV_NULL_V1__,__MLAT_CSV_NULL_V1__,False,0.0019449734592163377
rogers_satchell_volatility_30,expansion,30,London,Validation,43612,244,-0.35767385493704618,-0.3896093066054519,-0.32631271567408898,0.00099950024987506244,43615,7.0910481638515686,6.5724587812725144,6.1844333549609711,5.7841180690411722,5.1453360531363597,0.99999999999999989,-0.73555996191583684,__MLAT_CSV_NULL_V1__,__MLAT_CSV_NULL_V1__,False,__MLAT_CSV_NULL_V1__
rogers_satchell_volatility_30,expansion,60,London,Development,113850,636,-0.42229925151901054,-0.44398471503304204,-0.3975718358349899,0.00099950024987506244,113850,9.3668333994798907,8.9208009110042497,8.4545089091918033,8.1021569658709183,7.696518239331346,0.99999999999999989,-0.4207018138524658,__MLAT_CSV_NULL_V1__,__MLAT_CSV_NULL_V1__,False,0.0019449734592163377
rogers_satchell_volatility_30,expansion,60,London,Validation,43612,244,-0.44733516051824818,-0.48234072005023104,-0.4114235872969188,0.00099950024987506244,43615,10.063686787225643,9.5001316196762104,8.8507315815528411,8.0404642253163878,6.970990048859929,0.99999999999999989,-0.83748049690378412,__MLAT_CSV_NULL_V1__,__MLAT_CSV_NULL_V1__,False,__MLAT_CSV_NULL_V1__
rogers_satchell_volatility_30,expansion,120,London,Development,113850,636,-0.53878120587598632,-0.55999523274975727,-0.51839914838757217,0.00099950024987506244,113850,13.481294493246562,12.437572906194509,11.635906547047769,11.074295958352007,10.660754004003694,0.99999999999999989,-0.50490997673548177,__MLAT_CSV_NULL_V1__,__MLAT_CSV_NULL_V1__,False,0.0019449734592163377
rogers_satchell_volatility_30,expansion,120,London,Validation,43612,244,-0.54591535092891819,-0.58125599061189792,-0.51122394202903054,0.00099950024987506244,43615,14.243403499461815,13.603766537714478,12.510898830958729,10.991901923252062,9.6401795149541289,0.99999999999999989,-0.82383169222343078,__MLAT_CSV_NULL_V1__,__MLAT_CSV_NULL_V1__,False,__MLAT_CSV_NULL_V1__
rogers_satchell_volatility_30,expansion,180,London,Development,113850,636,-0.60400808292058739,-0.62400265579393155,-0.58280144987267235,0.00099950024987506244,113850,20.330556610911632,16.972591350891907,15.444521131586898,14.208362857013817,13.263313538500505,0.99999999999999989,-0.71936552251510322,__MLAT_CSV_NULL_V1__,__MLAT_CSV_NULL_V1__,False,0.0019449734592163377
rogers_satchell_volatility_30,expansion,180,London,Validation,43612,244,-0.61076854182067397,-0.63974911726751216,-0.57929120717008453,0.00099950024987506244,43615,21.227243974259938,17.640852690047911,16.035527325525717,14.291734421027765,12.086023846762256,0.99999999999999989,-0.86246478064212473,__MLAT_CSV_NULL_V1__,__MLAT_CSV_NULL_V1__,False,__MLAT_CSV_NULL_V1__
rogers_satchell_volatility_30,volatility,5,London,Development,113850,636,0.14882979749775641,0.13334347799886684,0.16405394648905808,0.00099950024987506244,113850,2.8105380615359259,3.5513797142721715,4.0580620488101751,4.7038181488601696,6.1851746526055686,0.99999999999999989,1.2980982922010045,__MLAT_CSV_NULL_V1__,0.14591198403425579,True,0.0029985007496251873
rogers_satchell_volatility_30,volatility,5,London,Validation,43612,244,0.10608629071353098,0.082672912735448453,0.12904043634973422,0.00099950024987506244,43615,2.9554722844412646,3.4908086086854984,4.0671201163803152,4.5134727672972028,5.7093846624963023,0.99999999999999989,1.2755725849449464,__MLAT_CSV_NULL_V1__,0.10927066381611836,True,__MLAT_CSV_NULL_V1__
rogers_satchell_volatility_30,volatility,15,London,Development,113850,636,0.16736884019044435,0.14488750162939928,0.18973544450742516,0.00099950024987506244,113850,5.1281311295007637,6.4930151774056037,7.324305076883773,8.4790087156840581,11.059244301809828,0.99999999999999989,1.6251627047520234,__MLAT_CSV_NULL_V1__,0.14837641261691897,True,0.0029985007496251873
rogers_satchell_volatility_30,volatility,15,London,Validation,43612,244,0.11432803369875874,0.079327146154852535,0.14991288944229911,0.00099950024987506244,43615,5.4159319854755346,6.42690702218641,7.320927485024832,8.1127981379846332,10.150188361615015,0.99999999999999989,1.6794657866923104,__MLAT_CSV_NULL_V1__,0.12078830260648443,True,__MLAT_CSV_NULL_V1__
rogers_satchell_volatility_30,volatility,30,London,Development,113850,636,0.15509916850080216,0.12631360084666593,0.18356825494180321,0.00099950024987506244,113850,7.3559293770322958,9.305058502888393,10.427714689030498,12.031298013321228,15.657754411131451,0.99999999999999989,1.7754663970257389,__MLAT_CSV_NULL_V1__,__MLAT_CSV_NULL_V1__,False,0.0029985007496251873
rogers_satchell_volatility_30,volatility,30,London,Validation,43612,244,0.088391838558378122,0.044614774942244736,0.13063011637609653,0.00099950024987506244,43615,7.7943094825782842,9.3027736319275665,10.436493121213292,11.532524362787308,14.19846260621264,0.99999999999999989,1.8663314582589989,__MLAT_CSV_NULL_V1__,__MLAT_CSV_NULL_V1__,False,__MLAT_CSV_NULL_V1__
rogers_satchell_volatility_30,volatility,60,London,Development,113850,636,0.14453210826462318,0.11219069351710718,0.1765167454260326,0.00099950024987506244,113850,10.426012103490489,13.052499318832201,14.670257907444951,16.862327846174065,21.938478293348396,0.99999999999999989,1.8898453790277128,__MLAT_CSV_NULL_V1__,__MLAT_CSV_NULL_V1__,False,0.0029985007496251873
rogers_satchell_volatility_30,volatility,60,London,Validation,43612,244,0.042148402861358021,-0.0085009086316736298,0.096015153184461757,0.10594702648675662,43615,11.046163222072375,13.38047929801102,14.815969991734482,16.183055437642579,19.52449928164507,0.99999999999999989,1.9884577665197334,__MLAT_CSV_NULL_V1__,__MLAT_CSV_NULL_V1__,False,__MLAT_CSV_NULL_V1__
rogers_satchell_volatility_30,volatility,120,London,Development,113850,636,0.0453471602893726,0.0096463824632700215,0.078187377993714391,0.010994502748625687,113850,15.087842563830497,18.342469723969558,20.397835350837727,23.387235631046224,30.489047929341254,0.99999999999999989,1.8512483536442597,__MLAT_CSV_NULL_V1__,__MLAT_CSV_NULL_V1__,False,0.023988005997001502
rogers_satchell_volatility_30,volatility,120,London,Validation,43612,244,-0.046360828481033706,-0.10027207767683549,0.007225928294939594,0.10394802598700649,43615,15.864074587848732,19.00147579981866,20.762766529756394,22.501498532657237,26.774545507296985,0.99999999999999989,1.931490617497688,__MLAT_CSV_NULL_V1__,__MLAT_CSV_NULL_V1__,False,__MLAT_CSV_NULL_V1__
rogers_satchell_volatility_30,volatility,180,London,Development,113850,636,-0.21551518750408694,-0.24503504631053888,-0.18614806346616833,0.00099950024987506244,113850,22.244994129148441,24.76642778428112,26.845605217631718,29.747896321470918,38.235496965943575,0.99999999999999989,1.3500248189250947,__MLAT_CSV_NULL_V1__,__MLAT_CSV_NULL_V1__,False,0.0029985007496251873
rogers_satchell_volatility_30,volatility,180,London,Validation,43612,244,-0.25787698638072309,-0.30549969767304552,-0.21128187203531523,0.00099950024987506244,43615,22.4748902545284,25.078304783343011,26.684365918196296,28.624140850649415,33.479709136375334,0.99999999999999989,1.1207171192241094,__MLAT_CSV_NULL_V1__,__MLAT_CSV_NULL_V1__,False,__MLAT_CSV_NULL_V1__
rogers_satchell_volatility_30,path_risk,5,London,Development,113850,636,-0.1920527648189907,-0.20186582093455349,-0.18284766316960221,0.00099950024987506244,113850,2.110484296280144,2.0217007990494755,1.9647447502648119,1.9035663151974309,1.8180154488271698,0.99999999999999989,-0.2561206296983346,__MLAT_CSV_NULL_V1__,-0.20036364701671866,True,0.0019449734592163377
rogers_satchell_volatility_30,path_risk,5,London,Validation,43612,244,-0.20702781157896774,-0.22331279062368314,-0.19017152942882506,0.00099950024987506244,43615,2.1899672314219845,2.0067634643894641,1.9646193964467096,1.8886062576369913,1.738464230664561,0.99999999999999989,-0.41031369927544947,__MLAT_CSV_NULL_V1__,-0.19747363210491539,True,__MLAT_CSV_NULL_V1__
rogers_satchell_volatility_30,path_risk,15,London,Development,113850,636,-0.2495054204686814,-0.26539573749333528,-0.23331278969698974,0.00099950024987506244,113850,3.7306455933245508,3.5586626691756562,3.424985794229507,3.2917188626644727,3.1333102941683557,0.99999999999999989,-0.30441131138663596,__MLAT_CSV_NULL_V1__,-0.25719343430200198,True,0.0019449734592163377
rogers_satchell_volatility_30,path_risk,15,London,Validation,43612,244,-0.25189363525881242,-0.27775478729571668,-0.22657923578928951,0.00099950024987506244,43615,3.9811205890032104,3.5821232466897888,3.4405048124420627,3.2915637331535685,2.9624890368493775,0.99999999999999989,-0.54174699106681024,__MLAT_CSV_NULL_V1__,-0.2584249649870381,True,__MLAT_CSV_NULL_V1__
rogers_satchell_volatility_30,path_risk,30,London,Development,113850,636,-0.29424852998985507,-0.31368318340389501,-0.27468599662635418,0.00099950024987506244,113850,5.2943140630149159,5.0648229904240498,4.7949712961275637,4.5992191950291179,4.3976481974828303,0.99999999999999989,-0.32075604705267396,__MLAT_CSV_NULL_V1__,__MLAT_CSV_NULL_V1__,False,0.0019449734592163377
rogers_satchell_volatility_30,path_risk,30,London,Validation,43612,244,-0.30158993889081304,-0.33515404032184914,-0.26732230819748803,0.00099950024987506244,43615,5.6756680640912647,5.2345534834241745,4.9044432120668482,4.571052975803986,4.0523627658538377,0.99999999999999989,-0.60947625681574624,__MLAT_CSV_NULL_V1__,__MLAT_CSV_NULL_V1__,False,__MLAT_CSV_NULL_V1__
rogers_satchell_volatility_30,path_risk,60,London,Development,113850,636,-0.34774092331457074,-0.3703769519081565,-0.32506201173450078,0.00099950024987506244,113850,7.4216323638627602,7.1076474515034258,6.708890501370445,6.4091695376739537,6.1426197508357676,0.99999999999999989,-0.32307624624552733,__MLAT_CSV_NULL_V1__,__MLAT_CSV_NULL_V1__,False,0.0019449734592163377
rogers_satchell_volatility_30,path_risk,60,London,Validation,43612,244,-0.3682703370907266,-0.40561909931630452,-0.32971312883558873,0.00099950024987506244,43615,7.9815762432715482,7.6123939663285283,7.0800236399236463,6.3917142642112594,5.4687019966529169,0.99999999999999989,-0.67888736174313291,__MLAT_CSV_NULL_V1__,__MLAT_CSV_NULL_V1__,False,__MLAT_CSV_NULL_V1__
rogers_satchell_volatility_30,path_risk,120,London,Development,113850,636,-0.44313349183022399,-0.46507974322790857,-0.42176053142868758,0.00099950024987506244,113850,10.710352188203359,9.8741933641041246,9.2239266508229125,8.7159945959976604,8.5437315878571649,0.99999999999999989,-0.3942084887467146,__MLAT_CSV_NULL_V1__,__MLAT_CSV_NULL_V1__,False,0.0019449734592163377
rogers_satchell_volatility_30,path_risk,120,London,Validation,43612,244,-0.45280882904422853,-0.49017457576423418,-0.41244548036367656,0.00099950024987506244,43615,11.282569344164614,10.938794576607723,10.017429935333931,8.7069764969286627,7.6058973953073625,0.99999999999999989,-0.65469033641944141,__MLAT_CSV_NULL_V1__,__MLAT_CSV_NULL_V1__,False,__MLAT_CSV_NULL_V1__
rogers_satchell_volatility_30,path_risk,180,London,Development,113850,636,-0.51367765906024621,-0.53467268539457224,-0.49252486468083523,0.00099950024987506244,113850,15.942771691750764,13.489430395027389,12.234209428086523,11.159325025155924,10.595839527175603,0.99999999999999989,-0.61975840111568803,__MLAT_CSV_NULL_V1__,__MLAT_CSV_NULL_V1__,False,0.0019449734592163377
rogers_satchell_volatility_30,path_risk,180,London,Validation,43612,244,-0.51709632563865682,-0.55462740125551768,-0.47732341259549699,0.00099950024987506244,43615,16.797077839030251,14.024494348797912,12.699788006140816,11.183679409291811,9.631249909759978,0.99999999999999989,-0.76182362694322026,__MLAT_CSV_NULL_V1__,__MLAT_CSV_NULL_V1__,False,__MLAT_CSV_NULL_V1__
realized_semivariance_balance_60,direction,5,London,Development,113793,635,-0.13631347386322298,-0.14703209666129874,-0.12534532676784141,0.00099950024987506244,113793,0.020479403418967618,0.028406363894533056,0.00051302775615650448,0.0052638087319382123,-0.028119223610472203,0.79999999999999993,-0.030537514053893485,-0.27432655264122707,-0.1310930657263838,True,0.0029985007496251873
realized_semivariance_balance_60,direction,5,London,Validation,43612,244,-0.12146761336084656,-0.13772929564744024,-0.10494914540844499,0.00099950024987506244,43615,0.0043932648965405345,0.0096267658393750007,0.048917103415669287,0.036878491010416015,0.040254875172144176,0.69999999999999996,0.023151945522118564,0.071823724095251645,-0.11238876096087252,True,__MLAT_CSV_NULL_V1__
realized_semivariance_balance_60,direction,15,London,Development,113793,635,-0.19901813044118927,-0.21608909813733593,-0.18164317870467314,0.00099950024987506244,113793,-0.0049907489273004531,0.052491457332428181,-0.0006861456696171447,-0.0021135984293150353,-0.042050579189979523,0.39999999999999997,-0.013767319941545324,-0.15026615702855664,-0.18143951405954101,True,0.0029985007496251873
realized_semivariance_balance_60,direction,15,London,Validation,43612,244,-0.1735856827566592,-0.20074032301477598,-0.14570913562347954,0.00099950024987506244,43615,-0.020979678327918916,0.054500109243204038,0.081720771549058158,0.16178456200470523,0.13992757956555116,0.8999999999999998,0.060701398814273486,0.50717752371534019,-0.15833071760589557,True,__MLAT_CSV_NULL_V1__
realized_semivariance_balance_60,direction,30,London,Development,113793,635,-0.24419637772299563,-0.26557864931222075,-0.22354679429551064,0.00099950024987506244,113793,0.011093481626783959,0.080901328960959196,0.035904728939550816,0.0038780155672546637,-0.10836119539249547,0.69999999999999996,-0.032216958809356669,-0.60127982679828329,__MLAT_CSV_NULL_V1__,False,0.0029985007496251873
realized_semivariance_balance_60,direction,30,London,Validation,43612,244,-0.21633573092967215,-0.25281282947233413,-0.17875133112434638,0.00099950024987506244,43615,-0.07842856471609172,0.15435730350512231,0.21894936806178514,0.30111571075657456,0.35808062543800334,0.99999999999999989,0.11372824993970522,2.1620010406702646,__MLAT_CSV_NULL_V1__,False,__MLAT_CSV_NULL_V1__
realized_semivariance_balance_60,direction,60,London,Development,113793,635,-0.2951980377425758,-0.32062105853349732,-0.26796282092033868,0.00099950024987506244,113793,0.057924132829565253,-0.068810131023397447,-0.087929063543294661,-0.0057145924846754475,-0.036752711302317019,0.19999999999999998,-0.018601465255675263,-0.40784527695205075,__MLAT_CSV_NULL_V1__,False,0.0029985007496251873
realized_semivariance_balance_60,direction,60,London,Validation,43612,244,-0.28746245205484261,-0.32724272533007431,-0.24370137267166178,0.00099950024987506244,43615,-0.081151338946146304,0.39953582575600882,0.59579167552947099,0.5224034481485359,0.53766410645572316,0.69999999999999996,0.10970370649532432,3.8549339232635038,__MLAT_CSV_NULL_V1__,False,__MLAT_CSV_NULL_V1__
realized_semivariance_balance_60,direction,120,London,Development,113793,635,-0.31520480959613484,-0.343306272564112,-0.28736113698712901,0.00099950024987506244,113793,-0.11033809862480294,-0.019357783880985757,-0.03494523222443828,0.13899522308135939,0.16591718920019793,0.8999999999999998,0.038588025717902021,1.0137791828663276,__MLAT_CSV_NULL_V1__,False,0.0029985007496251873
realized_semivariance_balance_60,direction,120,London,Validation,43612,244,-0.33232838771172762,-0.3776629228372525,-0.28371953510932119,0.00099950024987506244,43615,0.46071531034918239,0.50506533613901239,0.91466216454223215,1.0816586132265478,0.57109783341846609,0.69999999999999996,0.013376555074442744,1.5446254623606837,__MLAT_CSV_NULL_V1__,False,__MLAT_CSV_NULL_V1__
realized_semivariance_balance_60,direction,180,London,Development,113793,635,-0.29658525551326598,-0.32539954183435815,-0.26500718279910146,0.00099950024987506244,113793,0.09388311451733225,-0.058903470137314708,0.045683477219060561,0.062300259116726694,0.29539005333302892,0.39999999999999997,0.019177379553234834,-0.44669011132396291,__MLAT_CSV_NULL_V1__,False,0.0029985007496251873
realized_semivariance_balance_60,direction,180,London,Validation,43612,244,-0.2938047830095028,-0.33730134963029529,-0.24522989647746368,0.00099950024987506244,43615,0.78432002034499837,0.41863894434476001,0.97451533988312233,1.7399683806536013,0.7106175950999567,0.19999999999999998,-0.006799631416193554,0.22466921368743531,__MLAT_CSV_NULL_V1__,False,__MLAT_CSV_NULL_V1__
realized_semivariance_balance_60,expansion,5,London,Development,113793,635,-0.010367051793199732,-0.02163888367855395,0.00048451752364439175,0.063968015992003996,113793,2.4563141067074801,2.4620365770516255,2.4370914954799239,2.4240463173427584,2.4026523947121028,0.8999999999999998,-0.045386194445556576,__MLAT_CSV_NULL_V1__,-0.0077306533552016681,True,0.095952023988005994
realized_semivariance_balance_60,expansion,5,London,Validation,43612,244,-0.023851826878167458,-0.040671277948376494,-0.0059639373153653136,0.0099950024987506252,43615,2.4642493751806445,2.4747786361139239,2.468105858746644,2.4026361054363208,2.3986718352286038,0.69999999999999996,-0.061835878458952477,__MLAT_CSV_NULL_V1__,-0.021640721263030051,True,__MLAT_CSV_NULL_V1__
realized_semivariance_balance_60,expansion,15,London,Development,113793,635,-0.0069851949754277179,-0.023380044383177211,0.010659371262719944,0.45177411294352826,113793,4.3261965835964302,4.3650888567504351,4.3238074790267271,4.2967011447588837,4.197036821495038,0.8999999999999998,-0.066297266518795583,__MLAT_CSV_NULL_V1__,-0.017102155427302996,True,0.56082303675748335
realized_semivariance_balance_60,expansion,15,London,Validation,43612,244,-0.03655366751385989,-0.066926274707623787,-0.0076853021049038449,0.010994502748625687,43615,4.3362524176801625,4.5079384018897279,4.4566971514803972,4.2726320395179824,4.1888580712163028,0.69999999999999996,-0.083821842726039084,__MLAT_CSV_NULL_V1__,-0.017077963358955096,True,__MLAT_CSV_NULL_V1__
realized_semivariance_balance_60,expansion,30,London,Development,113793,635,-0.0063838741738905299,-0.030151233086725421,0.017608574421254016,0.5807096451774113,113793,6.0547702286795904,6.1998313937020244,6.1900789941443719,6.093782164704094,5.8670223400558132,0.39999999999999997,-0.070638047483873992,__MLAT_CSV_NULL_V1__,__MLAT_CSV_NULL_V1__,False,0.65329835082458776
realized_semivariance_balance_60,expansion,30,London,Validation,43612,244,-0.037142533063406542,-0.077301707234433387,0.0045123035186678297,0.086956521739130432,43615,6.1819306829468257,6.4466185995448289,6.3203779276716352,6.1646442346608383,5.8860098264072631,0.69999999999999996,-0.11206832257787314,__MLAT_CSV_NULL_V1__,__MLAT_CSV_NULL_V1__,False,__MLAT_CSV_NULL_V1__
realized_semivariance_balance_60,expansion,60,London,Development,113793,635,-0.0087475819501787871,-0.040135272234222169,0.020401966442710296,0.57371314342828583,113793,8.4188214814578668,8.7367426104921364,8.6955785177784222,8.5856873596339867,8.0852729150357217,0.39999999999999997,-0.092313216484814026,__MLAT_CSV_NULL_V1__,__MLAT_CSV_NULL_V1__,False,0.65329835082458776
realized_semivariance_balance_60,expansion,60,London,Validation,43612,244,-0.04271647134934671,-0.091035859686670689,0.0070275606048274871,0.1089455272363818,43615,8.6786428533280233,9.1595043823973086,9.0451805530164435,8.7179283654731439,8.2520397083461461,0.39999999999999997,-0.11071639890633587,__MLAT_CSV_NULL_V1__,__MLAT_CSV_NULL_V1__,False,__MLAT_CSV_NULL_V1__
realized_semivariance_balance_60,expansion,120,London,Development,113793,635,-0.0063424990121343609,-0.042178473085116144,0.026190554408761637,0.72563718140929534,113793,11.601522012927626,12.112011114101758,12.173331605107458,12.130408702719114,11.239701300159217,0.099999999999999992,-0.071446929485566121,__MLAT_CSV_NULL_V1__,__MLAT_CSV_NULL_V1__,False,0.76832172149219513
realized_semivariance_balance_60,expansion,120,London,Validation,43612,244,-0.012700822335053737,-0.06531768974855906,0.039693239721104605,0.64267866066966517,43615,12.058927942209671,12.675213712149628,12.75342409089286,12.359351963773678,11.821218950877249,0.29999999999999999,-0.041883061474096969,__MLAT_CSV_NULL_V1__,__MLAT_CSV_NULL_V1__,False,__MLAT_CSV_NULL_V1__
realized_semivariance_balance_60,expansion,180,London,Development,113793,635,0.034426757955080052,-0.00061862938864971234,0.068626795276737929,0.0559720139930035,113793,15.245905960688786,16.197198456512663,16.482182897527512,16.571887383666478,15.632735800870197,0.39999999999999997,0.043146787673060197,__MLAT_CSV_NULL_V1__,__MLAT_CSV_NULL_V1__,False,0.087608369728179397
realized_semivariance_balance_60,expansion,180,London,Validation,43612,244,0.0067954949561597781,-0.046619108079788876,0.061897746488030106,0.81159420289855078,43615,15.60073192483785,16.899136876467761,16.950800088889565,16.921680274283087,15.605210836981254,0.29999999999999999,0.00052157035399716747,__MLAT_CSV_NULL_V1__,__MLAT_CSV_NULL_V1__,False,__MLAT_CSV_NULL_V1__
realized_semivariance_balance_60,volatility,5,London,Development,113793,635,-0.023474691677233102,-0.041413243528102536,-0.0054861966099010156,0.0099950024987506252,113793,4.7144843029248484,4.156735685822265,4.042288131027723,4.0361745360743022,4.4031150969979924,0.39999999999999997,-0.11010532042500705,__MLAT_CSV_NULL_V1__,-0.025002376818312917,True,0.023988005997001502
realized_semivariance_balance_60,volatility,5,London,Validation,43612,244,-0.022976561245084418,-0.049159866513109982,0.0026476650640834833,0.085957021489255367,43615,4.3179950683113111,4.0094874772477365,3.9046062677533717,3.9188992664542468,4.1967482831543848,0.29999999999999999,-0.052889654830214884,__MLAT_CSV_NULL_V1__,-0.0208962208962209,True,__MLAT_CSV_NULL_V1__
realized_semivariance_balance_60,volatility,15,London,Development,113793,635,-0.030437887612616107,-0.055007510171327954,-0.0055080727197412242,0.017991004497751123,113793,8.4781830517550016,7.5064464519046359,7.3717349214842498,7.2962237008613426,7.9096881667329528,0.39999999999999997,-0.13600172447585004,__MLAT_CSV_NULL_V1__,-0.032748550973590591,True,0.034088219048370547
realized_semivariance_balance_60,volatility,15,London,Validation,43612,244,-0.042202998345321478,-0.078149163604736963,-0.0033088536888894681,0.037981009495252377,43615,7.7347511736755576,7.3543565188628595,7.0841369067434314,7.0721999832619895,7.5179724822346614,0.39999999999999997,-0.069808874868855633,__MLAT_CSV_NULL_V1__,-0.029416864127607939,True,__MLAT_CSV_NULL_V1__
realized_semivariance_balance_60,volatility,30,London,Development,113793,635,-0.035695197459286412,-0.065252056753846766,-0.0035938168206713786,0.031984007996001998,113793,12.005521186956777,10.748647055237777,10.504701524371933,10.456907378527402,11.172445142990867,0.39999999999999997,-0.15440396692561359,__MLAT_CSV_NULL_V1__,__MLAT_CSV_NULL_V1__,False,0.053554618039817294
realized_semivariance_balance_60,volatility,30,London,Validation,43612,244,-0.047295387046475595,-0.09237060239260908,-0.00094881184461735894,0.049975012493753121,43615,11.015139180283905,10.47846839461196,10.112976357574073,10.202322247439572,10.581057823801705,0.29999999999999999,-0.11261051271265893,__MLAT_CSV_NULL_V1__,__MLAT_CSV_NULL_V1__,False,__MLAT_CSV_NULL_V1__
realized_semivariance_balance_60,volatility,60,London,Development,113793,635,-0.021915479995996759,-0.057049292185407351,0.012659546289649558,0.19390304847576212,113793,16.78529299172628,15.183512383825201,14.777503773430503,14.7640087393559,15.591720927525538,0.39999999999999997,-0.17181330097323427,__MLAT_CSV_NULL_V1__,__MLAT_CSV_NULL_V1__,False,0.29704296787776324
realized_semivariance_balance_60,volatility,60,London,Validation,43612,244,-0.064351281870604654,-0.11607824223236086,-0.010149429655758482,0.022988505747126436,43615,15.394733713436681,14.812476369246776,14.403916344522129,14.476574628747301,14.789953065205902,0.59999999999999998,-0.12597694838837969,__MLAT_CSV_NULL_V1__,__MLAT_CSV_NULL_V1__,False,__MLAT_CSV_NULL_V1__
realized_semivariance_balance_60,volatility,120,London,Development,113793,635,-0.027582445624795778,-0.063753664890699807,0.0082903979772509344,0.12593703148425786,113793,23.215219391178767,21.397671376927651,20.853326970506036,20.823163394868015,21.61742176335315,0.39999999999999997,-0.17928525494340963,__MLAT_CSV_NULL_V1__,__MLAT_CSV_NULL_V1__,False,0.20149925037481256
realized_semivariance_balance_60,volatility,120,London,Validation,43612,244,-0.038076829369103254,-0.087864885485479147,0.014659583783399814,0.15092453773113443,43615,21.140575060645844,20.611355107808034,20.280402974204531,20.61469571855811,20.892769179136089,0.099999999999999992,-0.040985660761811128,__MLAT_CSV_NULL_V1__,__MLAT_CSV_NULL_V1__,False,__MLAT_CSV_NULL_V1__
realized_semivariance_balance_60,volatility,180,London,Development,113793,635,0.021280521018030799,-0.014306906213350745,0.058649456439141899,0.23788105947026486,113793,29.878113282832587,27.961611149728142,27.631513895596516,27.734740495131092,28.842308962390511,0.29999999999999999,-0.085160495692745364,__MLAT_CSV_NULL_V1__,__MLAT_CSV_NULL_V1__,False,0.3349094683427517
realized_semivariance_balance_60,volatility,180,London,Validation,43612,244,-0.012242615801987511,-0.064196997088380461,0.043666311860447039,0.62868565717141434,43615,27.056304539603968,27.214619433847176,26.512462521700577,27.087725446533529,26.823720399636617,0.29999999999999999,-0.026630166714111149,__MLAT_CSV_NULL_V1__,__MLAT_CSV_NULL_V1__,False,__MLAT_CSV_NULL_V1__
realized_semivariance_balance_60,path_risk,5,London,Development,113793,635,-0.0098000102936166393,-0.020327171234895025,0.00066688100472776888,0.076961519240379805,113793,1.9822394513897579,1.9861571245152281,1.9591519651121492,1.9594997286126217,1.9277788803547533,0.79999999999999993,-0.047086668065218142,__MLAT_CSV_NULL_V1__,-0.0051675446061295767,True,0.12313843078460771
realized_semivariance_balance_60,path_risk,5,London,Validation,43612,244,-0.018326285029815034,-0.034703680498625648,-0.0017222986226871186,0.026986506746626688,43615,1.9646811010286391,2.0059284572669585,2.0107738690226218,1.9317756292223021,1.9181937202402271,0.59999999999999998,-0.044846782297443141,__MLAT_CSV_NULL_V1__,-0.0060620599927656881,True,__MLAT_CSV_NULL_V1__
realized_semivariance_balance_60,path_risk,15,London,Development,113793,635,-0.0047221194693114312,-0.021614366546713976,0.01294248970811219,0.59870064967516246,113793,3.4544152806504345,3.4735978305029147,3.4357073384760075,3.4352494156709916,3.3327305728667826,0.8999999999999998,-0.063487943280515421,__MLAT_CSV_NULL_V1__,-0.015445149098439094,True,0.69526527059051124
realized_semivariance_balance_60,path_risk,15,London,Validation,43612,244,-0.0329194656880979,-0.063094089774187886,-0.0040876906199138058,0.025987006496751622,43615,3.4226649506422646,3.6241645403468072,3.5877001567895483,3.3862955802420411,3.324048819858028,0.69999999999999996,-0.056398415315580278,__MLAT_CSV_NULL_V1__,-0.0098242273869730782,True,__MLAT_CSV_NULL_V1__
realized_semivariance_balance_60,path_risk,30,London,Development,113793,635,-2.2360945729448655e-05,-0.02283759850528019,0.022133762553949089,0.99150424787606195,113793,4.8055948287830885,4.9253002432838677,4.9144899204433949,4.8479744335160788,4.6452295526283578,0.39999999999999997,-0.061092041334157486,__MLAT_CSV_NULL_V1__,__MLAT_CSV_NULL_V1__,False,0.99150424787606206
realized_semivariance_balance_60,path_risk,30,London,Validation,43612,244,-0.037618086090706084,-0.076297371025256328,0.00035969948766946888,0.053973013493253376,43615,4.8997009898013903,5.1418311825593657,5.0414330297415386,4.8662398441125916,4.6700645925334721,0.69999999999999996,-0.087206767862423096,__MLAT_CSV_NULL_V1__,__MLAT_CSV_NULL_V1__,False,__MLAT_CSV_NULL_V1__
realized_semivariance_balance_60,path_risk,60,London,Development,113793,635,-0.004438475503377789,-0.033427076512021439,0.023876145611099475,0.77861069465267363,113793,6.7174471224473891,6.9367099151468414,6.9176320476630249,6.8377370289228852,6.3669716714920748,0.39999999999999997,-0.098673747260297318,__MLAT_CSV_NULL_V1__,__MLAT_CSV_NULL_V1__,False,0.84939348507564394
realized_semivariance_balance_60,path_risk,60,London,Validation,43612,244,-0.045969528314032941,-0.093077348614502647,0.0016808676215162612,0.060969515242378813,43615,6.9123221148438221,7.3327638594388844,7.1983278895278326,6.8778400106612327,6.5938359084445715,0.69999999999999996,-0.082635058058115149,__MLAT_CSV_NULL_V1__,__MLAT_CSV_NULL_V1__,False,__MLAT_CSV_NULL_V1__
realized_semivariance_balance_60,path_risk,120,London,Development,113793,635,-0.012840422847444024,-0.046235992713194916,0.020328666150928553,0.43578210894552721,113793,9.2869009182974072,9.6198032658080699,9.6705084030152566,9.6793643357283461,8.7883513226127405,0,-0.10119338810495371,__MLAT_CSV_NULL_V1__,__MLAT_CSV_NULL_V1__,False,0.57047839716505389
realized_semivariance_balance_60,path_risk,120,London,Validation,43612,244,-0.02618104180522704,-0.081373238879967252,0.027990680448801489,0.34582708645677163,43615,9.6240194004875406,10.161570840277339,10.12137853033904,9.7843105527569794,9.4528189382085355,0.39999999999999997,-0.030051311690522022,__MLAT_CSV_NULL_V1__,__MLAT_CSV_NULL_V1__,False,__MLAT_CSV_NULL_V1__
realized_semivariance_balance_60,path_risk,180,London,Development,113793,635,0.021396197909971975,-0.012026730221172633,0.05636459018763771,0.24387806096951525,113793,12.186165065662649,12.709605635178313,12.94900111704043,13.214335629549995,12.297547815834832,0.39999999999999997,0.013753156410849666,__MLAT_CSV_NULL_V1__,__MLAT_CSV_NULL_V1__,False,0.34429843901578622
realized_semivariance_balance_60,path_risk,180,London,Validation,43612,244,0.013399014974435935,-0.042327170208309547,0.070666436603713245,0.62768615692153928,43615,12.279670192736164,13.372155089185927,13.36953392449464,13.298238648973573,12.571726016697149,0,0.035873774579957683,__MLAT_CSV_NULL_V1__,__MLAT_CSV_NULL_V1__,False,__MLAT_CSV_NULL_V1__
bipower_jump_ratio_60,direction,5,London,Development,113612,634,-0.0056874726622111581,-0.017187594849993788,0.0066483164585054797,0.36781609195402298,113792,__MLAT_CSV_NULL_V1__,__MLAT_CSV_NULL_V1__,0.0055681029661266484,0.01731991003680693,-0.0075774887318012726,0.5,__MLAT_CSV_NULL_V1__,__MLAT_CSV_NULL_V1__,-0.0053398486814324256,True,0.6459209419680404
bipower_jump_ratio_60,direction,5,London,Validation,43612,244,-0.011292543266906315,-0.030907073090503508,0.0090438613271439684,0.24487756121939031,43615,__MLAT_CSV_NULL_V1__,__MLAT_CSV_NULL_V1__,0.03964909792865904,0.026662675429669033,-0.016064196558485858,1,__MLAT_CSV_NULL_V1__,__MLAT_CSV_NULL_V1__,-0.00401792378846206,True,__MLAT_CSV_NULL_V1__
bipower_jump_ratio_60,direction,15,London,Development,113612,634,-0.0078545445226653934,-0.026130499118672965,0.011137949559421149,0.42178910544727638,113792,__MLAT_CSV_NULL_V1__,__MLAT_CSV_NULL_V1__,0.0060340391785863416,0.025562077712875022,-0.041172510546115149,0.5,__MLAT_CSV_NULL_V1__,__MLAT_CSV_NULL_V1__,-0.0046749729382159228,True,0.67486256871564221
bipower_jump_ratio_60,direction,15,London,Validation,43612,244,-0.013349230674950946,-0.044903101472435848,0.015976236289922442,0.35282358820589704,43615,__MLAT_CSV_NULL_V1__,__MLAT_CSV_NULL_V1__,0.07596216880350605,0.17434095187458148,0.0056189647557124594,0.5,__MLAT_CSV_NULL_V1__,__MLAT_CSV_NULL_V1__,-0.0091243239255371332,True,__MLAT_CSV_NULL_V1__
bipower_jump_ratio_60,direction,30,London,Development,113612,634,-0.012388819293166585,-0.038149779827753763,0.012386921938587448,0.32783608195902048,113792,__MLAT_CSV_NULL_V1__,__MLAT_CSV_NULL_V1__,0.0079548435754973681,0.043588355324620097,-0.044414977119775108,0.5,__MLAT_CSV_NULL_V1__,__MLAT_CSV_NULL_V1__,__MLAT_CSV_NULL_V1__,False,0.59010494752623688
bipower_jump_ratio_60,direction,30,London,Validation,43612,244,0.0011740073734398053,-0.038095546696493815,0.042184891066905289,0.92653673163418293,43615,__MLAT_CSV_NULL_V1__,__MLAT_CSV_NULL_V1__,0.15409890044525104,0.35242593430388408,0.14602049289063246,0.5,__MLAT_CSV_NULL_V1__,__MLAT_CSV_NULL_V1__,__MLAT_CSV_NULL_V1__,False,__MLAT_CSV_NULL_V1__
bipower_jump_ratio_60,direction,60,London,Development,113612,634,-0.017073202893090111,-0.047890518378349727,0.013197451237620256,0.26186906546726635,113792,__MLAT_CSV_NULL_V1__,__MLAT_CSV_NULL_V1__,-0.017744305519015454,0.071267416551871313,-0.1600036117583844,0.5,__MLAT_CSV_NULL_V1__,__MLAT_CSV_NULL_V1__,__MLAT_CSV_NULL_V1__,False,0.5237381309345327
bipower_jump_ratio_60,direction,60,London,Validation,43612,244,0.0037500870936699664,-0.042943658139485495,0.050805037431412639,0.85057471264367812,43615,__MLAT_CSV_NULL_V1__,__MLAT_CSV_NULL_V1__,0.33903228409470071,0.62966994402901877,0.35692079092172868,0.5,__MLAT_CSV_NULL_V1__,__MLAT_CSV_NULL_V1__,__MLAT_CSV_NULL_V1__,False,__MLAT_CSV_NULL_V1__
bipower_jump_ratio_60,direction,120,London,Development,113612,634,0.0058589014737136669,-0.023272587618986117,0.035754349666042663,0.69465267366316841,113792,__MLAT_CSV_NULL_V1__,__MLAT_CSV_NULL_V1__,-0.027776086903050379,0.26584500568699443,-0.04186109240368812,0.5,__MLAT_CSV_NULL_V1__,__MLAT_CSV_NULL_V1__,__MLAT_CSV_NULL_V1__,False,0.81093781467475223
bipower_jump_ratio_60,direction,120,London,Validation,43612,244,-0.032341904628599198,-0.081314756517770204,0.015274471634186172,0.18590704647676162,43615,__MLAT_CSV_NULL_V1__,__MLAT_CSV_NULL_V1__,0.76956054179054478,0.90707118472685833,0.25216056500470291,0.5,__MLAT_CSV_NULL_V1__,__MLAT_CSV_NULL_V1__,__MLAT_CSV_NULL_V1__,False,__MLAT_CSV_NULL_V1__
bipower_jump_ratio_60,direction,180,London,Development,113612,634,-0.0059045957210461198,-0.035446329148251,0.025149694609373725,0.68965517241379315,113792,__MLAT_CSV_NULL_V1__,__MLAT_CSV_NULL_V1__,0.10276498072316767,0.23017213042960089,-0.10095877438602957,0.5,__MLAT_CSV_NULL_V1__,__MLAT_CSV_NULL_V1__,__MLAT_CSV_NULL_V1__,False,0.81093781467475223
bipower_jump_ratio_60,direction,180,London,Validation,43612,244,-0.032382338075959104,-0.081942789719919126,0.018615740780928529,0.19290354822588707,43615,__MLAT_CSV_NULL_V1__,__MLAT_CSV_NULL_V1__,0.99050811650588622,0.96839531434487847,0.66237187863148383,1,__MLAT_CSV_NULL_V1__,__MLAT_CSV_NULL_V1__,__MLAT_CSV_NULL_V1__,False,__MLAT_CSV_NULL_V1__
bipower_jump_ratio_60,expansion,5,London,Development,113612,634,0.0082727731760342087,-0.0024097091630664105,0.019444446256810563,0.13593203398300849,113792,__MLAT_CSV_NULL_V1__,__MLAT_CSV_NULL_V1__,2.4225210534859851,2.4540497955437766,2.4605960177471426,1,__MLAT_CSV_NULL_V1__,__MLAT_CSV_NULL_V1__,0.010973533901118451,True,0.19574212893553222
bipower_jump_ratio_60,expansion,5,London,Validation,43612,244,0.0078376734708438811,-0.010947513899618622,0.027313712787026219,0.4307846076961519,43615,__MLAT_CSV_NULL_V1__,__MLAT_CSV_NULL_V1__,2.4429830427954777,2.4157271960071633,2.4702186525450318,0.5,__MLAT_CSV_NULL_V1__,__MLAT_CSV_NULL_V1__,0.014488540953027759,True,__MLAT_CSV_NULL_V1__
bipower_jump_ratio_60,expansion,15,London,Development,113612,634,0.0016815053212859211,-0.014363142880732113,0.019071233766579744,0.83158420789605192,113792,__MLAT_CSV_NULL_V1__,__MLAT_CSV_NULL_V1__,4.2783201914762747,4.3426793786636519,4.3312245367769737,0.5,__MLAT_CSV_NULL_V1__,__MLAT_CSV_NULL_V1__,-0.01113931337551579,False,0.85534375669308194
bipower_jump_ratio_60,expansion,15,London,Validation,43612,244,0.0071302247684320794,-0.021369029904292073,0.035623354434946852,0.62168915542228886,43615,__MLAT_CSV_NULL_V1__,__MLAT_CSV_NULL_V1__,4.3565662553773992,4.3072942447584168,4.4060627467155298,0.5,__MLAT_CSV_NULL_V1__,__MLAT_CSV_NULL_V1__,0.013261064421188648,True,__MLAT_CSV_NULL_V1__
bipower_jump_ratio_60,expansion,30,London,Development,113612,634,0.0054347169973287075,-0.017325086999423076,0.028815581511327661,0.66166916541729137,113792,__MLAT_CSV_NULL_V1__,__MLAT_CSV_NULL_V1__,6.0435998879460593,6.1186862984089467,6.1562872561981203,1,__MLAT_CSV_NULL_V1__,__MLAT_CSV_NULL_V1__,__MLAT_CSV_NULL_V1__,False,0.72182090772795426
bipower_jump_ratio_60,expansion,30,London,Validation,43612,244,-0.0037298173029648358,-0.040842805254045822,0.030934910879495226,0.83358320839580213,43615,__MLAT_CSV_NULL_V1__,__MLAT_CSV_NULL_V1__,6.2121767494416904,6.1486030186808449,6.241889034220673,0.5,__MLAT_CSV_NULL_V1__,__MLAT_CSV_NULL_V1__,__MLAT_CSV_NULL_V1__,False,__MLAT_CSV_NULL_V1__
bipower_jump_ratio_60,expansion,60,London,Development,113612,634,0.015417551524036802,-0.013045883794797637,0.044193216720964684,0.30284857571214391,113792,__MLAT_CSV_NULL_V1__,__MLAT_CSV_NULL_V1__,8.4598586519701815,8.529279298521848,8.6137513942615449,1,__MLAT_CSV_NULL_V1__,__MLAT_CSV_NULL_V1__,__MLAT_CSV_NULL_V1__,False,0.40379810094952517
bipower_jump_ratio_60,expansion,60,London,Validation,43612,244,-0.0047724444849418582,-0.048877097295983558,0.040148563576922779,0.84857571214392802,43615,__MLAT_CSV_NULL_V1__,__MLAT_CSV_NULL_V1__,8.8233075060401767,8.7095194506719178,8.6868671374780337,1,__MLAT_CSV_NULL_V1__,__MLAT_CSV_NULL_V1__,__MLAT_CSV_NULL_V1__,False,__MLAT_CSV_NULL_V1__
bipower_jump_ratio_60,expansion,120,London,Development,113612,634,0.009464846436446463,-0.02202463764181118,0.038686746666340206,0.54672663668165922,113792,__MLAT_CSV_NULL_V1__,__MLAT_CSV_NULL_V1__,11.872564989482505,11.775711253831927,11.863717329743334,0.5,__MLAT_CSV_NULL_V1__,__MLAT_CSV_NULL_V1__,__MLAT_CSV_NULL_V1__,False,0.64767616191904054
bipower_jump_ratio_60,expansion,120,London,Validation,43612,244,-0.0022470602366456019,-0.049358857576624955,0.046519876724924317,0.89855072463768115,43615,__MLAT_CSV_NULL_V1__,__MLAT_CSV_NULL_V1__,12.396676281089439,12.411785891577392,12.05529314557727,0.5,__MLAT_CSV_NULL_V1__,__MLAT_CSV_NULL_V1__,__MLAT_CSV_NULL_V1__,False,__MLAT_CSV_NULL_V1__
bipower_jump_ratio_60,expansion,180,London,Development,113612,634,0.011459216441528492,-0.021171746455780949,0.04379647684875012,0.4687656171914043,113792,__MLAT_CSV_NULL_V1__,__MLAT_CSV_NULL_V1__,15.900400194902277,16.024376306682747,16.408139789244931,1,__MLAT_CSV_NULL_V1__,__MLAT_CSV_NULL_V1__,__MLAT_CSV_NULL_V1__,False,0.57205295657256117
bipower_jump_ratio_60,expansion,180,London,Validation,43612,244,-0.025598542218748993,-0.074094389014562431,0.027551472238906322,0.3548225887056472,43615,__MLAT_CSV_NULL_V1__,__MLAT_CSV_NULL_V1__,16.458113035822038,16.474528872515918,16.182145026357677,0.5,__MLAT_CSV_NULL_V1__,__MLAT_CSV_NULL_V1__,__MLAT_CSV_NULL_V1__,False,__MLAT_CSV_NULL_V1__
bipower_jump_ratio_60,volatility,5,London,Development,113612,634,0.0037254381255933527,-0.012021335507517897,0.020382025815017153,0.65567216391804095,113792,__MLAT_CSV_NULL_V1__,__MLAT_CSV_NULL_V1__,4.2911878319151118,4.2400683653049676,4.2383527063495317,1,__MLAT_CSV_NULL_V1__,__MLAT_CSV_NULL_V1__,0.0033275955550472599,True,0.73763118440779607
bipower_jump_ratio_60,volatility,5,London,Validation,43612,244,0.019504958960444078,-0.0055233768570534768,0.043736399939671405,0.14592703648175911,43615,__MLAT_CSV_NULL_V1__,__MLAT_CSV_NULL_V1__,4.113575297084374,4.0081401812409183,3.9344250178486559,1,__MLAT_CSV_NULL_V1__,__MLAT_CSV_NULL_V1__,0.02038307729450373,True,__MLAT_CSV_NULL_V1__
bipower_jump_ratio_60,volatility,15,London,Development,113612,634,-0.012625732476097181,-0.037898921978377881,0.0115795266842246,0.2988505747126437,113792,__MLAT_CSV_NULL_V1__,__MLAT_CSV_NULL_V1__,7.76029631574331,7.6675788924518065,7.6121140013156161,1,__MLAT_CSV_NULL_V1__,__MLAT_CSV_NULL_V1__,-0.014470286818272855,True,0.3984674329501916
bipower_jump_ratio_60,volatility,15,London,Validation,43612,244,0.01053045947527179,-0.029199639732427188,0.049058224083811657,0.59670164917541224,43615,__MLAT_CSV_NULL_V1__,__MLAT_CSV_NULL_V1__,7.4400173516296899,7.2391896348309697,7.0890057865315059,1,__MLAT_CSV_NULL_V1__,__MLAT_CSV_NULL_V1__,0.021479592447459714,True,__MLAT_CSV_NULL_V1__
bipower_jump_ratio_60,volatility,30,London,Development,113612,634,-0.012395118724361744,-0.042289296589687629,0.017515880215249885,0.45077461269365315,113792,__MLAT_CSV_NULL_V1__,__MLAT_CSV_NULL_V1__,11.037824684245026,10.896487604600148,10.876004701114246,1,__MLAT_CSV_NULL_V1__,__MLAT_CSV_NULL_V1__,__MLAT_CSV_NULL_V1__,False,0.56939951077093032
bipower_jump_ratio_60,volatility,30,London,Validation,43612,244,0.00028595489181335444,-0.046871882242424036,0.046080078097038894,0.99450274862568711,43615,__MLAT_CSV_NULL_V1__,__MLAT_CSV_NULL_V1__,10.614065487075351,10.300543966528236,10.089679500909567,1,__MLAT_CSV_NULL_V1__,__MLAT_CSV_NULL_V1__,__MLAT_CSV_NULL_V1__,False,__MLAT_CSV_NULL_V1__
bipower_jump_ratio_60,volatility,60,London,Development,113612,634,0.0030720410080444099,-0.031549722132783425,0.036741887455826787,0.84257871064467771,113792,__MLAT_CSV_NULL_V1__,__MLAT_CSV_NULL_V1__,15.511270287307939,15.290537949797525,15.274572240730395,1,__MLAT_CSV_NULL_V1__,__MLAT_CSV_NULL_V1__,__MLAT_CSV_NULL_V1__,False,0.87921256762922895
bipower_jump_ratio_60,volatility,60,London,Validation,43612,244,-0.0018138731142017615,-0.053396377654303065,0.04794474246498244,0.91854072963518241,43615,__MLAT_CSV_NULL_V1__,__MLAT_CSV_NULL_V1__,14.999492979969482,14.495474371991854,14.159531188412256,1,__MLAT_CSV_NULL_V1__,__MLAT_CSV_NULL_V1__,__MLAT_CSV_NULL_V1__,False,__MLAT_CSV_NULL_V1__
bipower_jump_ratio_60,volatility,120,London,Development,113612,634,-0.020355760576042763,-0.055764088547270177,0.014746478443750976,0.27286356821589203,113792,__MLAT_CSV_NULL_V1__,__MLAT_CSV_NULL_V1__,21.789511287866773,21.292907173097824,21.240467825112091,1,__MLAT_CSV_NULL_V1__,__MLAT_CSV_NULL_V1__,__MLAT_CSV_NULL_V1__,False,0.37068258323668352
bipower_jump_ratio_60,volatility,120,London,Validation,43612,244,-0.024955071683811669,-0.080147945942792106,0.030151111637960644,0.34382808595702147,43615,__MLAT_CSV_NULL_V1__,__MLAT_CSV_NULL_V1__,21.0198288075098,20.387094125805739,19.785135931448806,1,__MLAT_CSV_NULL_V1__,__MLAT_CSV_NULL_V1__,__MLAT_CSV_NULL_V1__,False,__MLAT_CSV_NULL_V1__
bipower_jump_ratio_60,volatility,180,London,Development,113612,634,0.021452065320347997,-0.012482479338232936,0.057810859741280918,0.22688655672163918,113792,__MLAT_CSV_NULL_V1__,__MLAT_CSV_NULL_V1__,28.502767379094564,28.09755560003887,28.440761907662818,0.5,__MLAT_CSV_NULL_V1__,__MLAT_CSV_NULL_V1__,__MLAT_CSV_NULL_V1__,False,0.32671664167916042
bipower_jump_ratio_60,volatility,180,London,Validation,43612,244,-0.015437833470983868,-0.066489303500797042,0.034896131911595824,0.52873563218390807,43615,__MLAT_CSV_NULL_V1__,__MLAT_CSV_NULL_V1__,27.359136269306028,26.600340793023836,25.644826655682984,1,__MLAT_CSV_NULL_V1__,__MLAT_CSV_NULL_V1__,__MLAT_CSV_NULL_V1__,False,__MLAT_CSV_NULL_V1__
bipower_jump_ratio_60,path_risk,5,London,Development,113612,634,0.0029918920240123801,-0.0071347854001367929,0.013235319256801515,0.5617191404297851,113792,__MLAT_CSV_NULL_V1__,__MLAT_CSV_NULL_V1__,1.9534623759821723,1.9767962379965693,1.9776581413363061,1,__MLAT_CSV_NULL_V1__,__MLAT_CSV_NULL_V1__,0.0080095233877958676,True,0.6740629685157421
bipower_jump_ratio_60,path_risk,5,London,Validation,43612,244,0.0043066535440425841,-0.012713686434330299,0.021529395509728863,0.62968515742128939,43615,__MLAT_CSV_NULL_V1__,__MLAT_CSV_NULL_V1__,1.9684931728594355,1.942618372266333,1.9905716878455999,0.5,__MLAT_CSV_NULL_V1__,__MLAT_CSV_NULL_V1__,0.018724980858801397,True,__MLAT_CSV_NULL_V1__
bipower_jump_ratio_60,path_risk,15,London,Development,113612,634,-0.0015710186957821992,-0.018427090331803949,0.014803307331623961,0.83758120939530234,113792,__MLAT_CSV_NULL_V1__,__MLAT_CSV_NULL_V1__,3.4089386472499088,3.4616786457161881,3.44316215319455,0.5,__MLAT_CSV_NULL_V1__,__MLAT_CSV_NULL_V1__,-0.026991768156416671,True,0.89637534174089428
bipower_jump_ratio_60,path_risk,15,London,Validation,43612,244,0.0045321509247542892,-0.02553359110969082,0.032201029323516581,0.7646176911544228,43615,__MLAT_CSV_NULL_V1__,__MLAT_CSV_NULL_V1__,3.4725157788984204,3.4189845147128644,3.5308853697742602,0.5,__MLAT_CSV_NULL_V1__,__MLAT_CSV_NULL_V1__,0.011001788822430582,True,__MLAT_CSV_NULL_V1__
bipower_jump_ratio_60,path_risk,30,London,Development,113612,634,0.0011840241675067911,-0.021039106168629401,0.022093561406234644,0.94952523738130934,113792,__MLAT_CSV_NULL_V1__,__MLAT_CSV_NULL_V1__,4.7972540144056968,4.8714445017673658,4.8755064592310395,1,__MLAT_CSV_NULL_V1__,__MLAT_CSV_NULL_V1__,__MLAT_CSV_NULL_V1__,False,0.96289883227400386
bipower_jump_ratio_60,path_risk,30,London,Validation,43612,244,0.0049086149724939009,-0.030264824091441784,0.040794193377568976,0.75962018990504743,43615,__MLAT_CSV_NULL_V1__,__MLAT_CSV_NULL_V1__,4.9380064145514657,4.8638975052339957,4.9633740297194233,0.5,__MLAT_CSV_NULL_V1__,__MLAT_CSV_NULL_V1__,__MLAT_CSV_NULL_V1__,False,__MLAT_CSV_NULL_V1__
bipower_jump_ratio_60,path_risk,60,London,Development,113612,634,0.0086770328315620912,-0.018471396720948198,0.034272893138832937,0.5237381309345327,113792,__MLAT_CSV_NULL_V1__,__MLAT_CSV_NULL_V1__,6.7187829185919909,6.7787677868694107,6.8416715307443381,1,__MLAT_CSV_NULL_V1__,__MLAT_CSV_NULL_V1__,__MLAT_CSV_NULL_V1__,False,0.66156395486467279
bipower_jump_ratio_60,path_risk,60,London,Validation,43612,244,-0.00052853617763162406,-0.041849420172762324,0.04318481918477915,0.98250874562718638,43615,__MLAT_CSV_NULL_V1__,__MLAT_CSV_NULL_V1__,7.0206919114882025,6.935967279717774,6.927372652404479,1,__MLAT_CSV_NULL_V1__,__MLAT_CSV_NULL_V1__,__MLAT_CSV_NULL_V1__,False,__MLAT_CSV_NULL_V1__
bipower_jump_ratio_60,path_risk,120,London,Development,113612,634,0.0032560329666249293,-0.026156919132764044,0.032553939738618302,0.84657671164417791,113792,__MLAT_CSV_NULL_V1__,__MLAT_CSV_NULL_V1__,9.4313128139343831,9.3257312433207833,9.4251557320720636,0.5,__MLAT_CSV_NULL_V1__,__MLAT_CSV_NULL_V1__,__MLAT_CSV_NULL_V1__,False,0.89637534174089428
bipower_jump_ratio_60,path_risk,120,London,Validation,43612,244,0.0028376435049913985,-0.042103256934745821,0.048878724020357298,0.8935532233883059,43615,__MLAT_CSV_NULL_V1__,__MLAT_CSV_NULL_V1__,9.871380431449797,9.9089127089297584,9.6095139662508764,0.5,__MLAT_CSV_NULL_V1__,__MLAT_CSV_NULL_V1__,__MLAT_CSV_NULL_V1__,False,__MLAT_CSV_NULL_V1__
bipower_jump_ratio_60,path_risk,180,London,Development,113612,634,0.015803388538912992,-0.015664424888505044,0.044984167621005364,0.34382808595702147,113792,__MLAT_CSV_NULL_V1__,__MLAT_CSV_NULL_V1__,12.571333546875495,12.613255243779143,13.032552152737949,1,__MLAT_CSV_NULL_V1__,__MLAT_CSV_NULL_V1__,__MLAT_CSV_NULL_V1__,False,0.45843744794269525
bipower_jump_ratio_60,path_risk,180,London,Validation,43612,244,-0.0050156329220274699,-0.055531922824369764,0.041491393726117688,0.82058970514742624,43615,__MLAT_CSV_NULL_V1__,__MLAT_CSV_NULL_V1__,13.003867698581663,13.083045646904008,12.835459279217522,0.5,__MLAT_CSV_NULL_V1__,__MLAT_CSV_NULL_V1__,__MLAT_CSV_NULL_V1__,False,__MLAT_CSV_NULL_V1__
variance_ratio_60_5,direction,5,London,Development,113789,635,-0.0025520541143855785,-0.01462126598560254,0.0097494995107904343,0.656671664167916,113789,0.0084827132781051702,0.021039725936604348,0.005635952483301036,0.010273538650315795,-0.018810360658246299,0.49999999999999994,-0.017126428660968206,-0.084163488654631566,-0.0037138220938520545,True,0.80136203084898228
variance_ratio_60_5,direction,5,London,Validation,43612,244,-0.0059744692815630615,-0.024893581919471518,0.012754263621953895,0.5237381309345327,43615,0.026573772594408844,0.037578734665767922,0.088393829326034429,-0.029158434395594832,0.020703442152878108,0.49999999999999994,-0.0035752852905965049,-0.037932289776272998,-0.0056017925605675511,True,__MLAT_CSV_NULL_V1__
variance_ratio_60_5,direction,15,London,Development,113789,635,0.0089027879022493001,-0.010443275986379216,0.027257638652109215,0.40479760119940028,113789,-0.028625004609830883,0.030935418092171943,-0.016297618300832251,0.039524317021244891,-0.022704529530570113,0.29999999999999999,0.0021765150824437094,0.038282155757012659,0.0012656854004914051,True,0.66239607468992778
variance_ratio_60_5,direction,15,London,Validation,43612,244,0.0018104699841151686,-0.028606815657952402,0.031157167540532694,0.93953023488255871,43615,0.093295574307558249,0.1211982009259267,0.1770323018320733,0.052596128439351318,-0.011453152578344799,0.59999999999999998,-0.036427648753113911,-0.79185525204901808,-0.0080163967342237966,False,__MLAT_CSV_NULL_V1__
variance_ratio_60_5,direction,30,London,Development,113789,635,0.017814844256539297,-0.0080124951884977969,0.042474039582666351,0.14792603698150925,113789,-0.072799243327173815,-0.00070174923696084926,-0.052703214505484493,0.13789830598160266,0.011039540365669637,0.79999999999999993,0.021946133391336338,0.37163090672451943,__MLAT_CSV_NULL_V1__,False,0.3550224887556222
variance_ratio_60_5,direction,30,London,Validation,43612,244,-0.017620641984316097,-0.057897364980158482,0.022733859933146083,0.39580209895052476,43615,0.30423959992860872,0.34316781689974707,0.22530474743404255,0.15249525976284128,-0.0090150743761495764,0.8999999999999998,-0.078557231303957184,-2.2565253622828001,__MLAT_CSV_NULL_V1__,False,__MLAT_CSV_NULL_V1__
variance_ratio_60_5,direction,60,London,Development,113789,635,0.027419431227278423,-0.0031982792842355553,0.058024258352471866,0.077961019490254871,113789,-0.20915934714349957,-0.029836208282073107,-0.093200382621405134,0.12195828398059066,0.067848894397153039,0.79999999999999993,0.051930683577095765,1.0746107256135553,__MLAT_CSV_NULL_V1__,False,0.20789605197401301
variance_ratio_60_5,direction,60,London,Validation,43612,244,-0.037896350208074657,-0.084657432679956929,0.0065519651928081044,0.11494252873563218,43615,0.87179989428538951,0.63772372935043375,0.23301781661844967,0.24983979077196983,0.17348288482207627,0.8999999999999998,-0.12416380728879965,-5.461238032470761,__MLAT_CSV_NULL_V1__,False,__MLAT_CSV_NULL_V1__
variance_ratio_60_5,direction,120,London,Development,113789,635,0.018121371444743947,-0.013041935153283524,0.049880453116199014,0.24287856071964017,113789,-0.054954905495175801,0.13678297765252173,-0.12724192986537694,0.099368818507389878,0.086927714730183236,0.099999999999999992,0.018938266820638452,0.10007708507806212,__MLAT_CSV_NULL_V1__,False,0.51433106975923792
variance_ratio_60_5,direction,120,London,Validation,43612,244,-0.053901009299310791,-0.10329286923071447,-0.0032345038513742898,0.041979010494752625,43615,1.420750094330284,1.2986563108366469,0.44305444797035654,0.31825964691945929,0.37129644625538899,0.8999999999999998,-0.12681179064544737,-9.0556660512537714,__MLAT_CSV_NULL_V1__,False,__MLAT_CSV_NULL_V1__
variance_ratio_60_5,direction,180,London,Development,113789,635,0.009518476528831081,-0.021504711283974583,0.041553302291004589,0.51674162918540734,113789,0.073588432213396365,0.27914217982630379,0.182422796070559,-0.077540161803909852,-0.018393549625581207,0.59999999999999998,-0.0086374212981998114,-0.45797032304907548,__MLAT_CSV_NULL_V1__,False,0.74951203643461295
variance_ratio_60_5,direction,180,London,Validation,43612,244,-0.040504460722881892,-0.087574890552743742,0.010017310885328668,0.11794102948525736,43615,1.6313649954704554,1.8324389124392018,0.97480486975433267,0.17989468652858723,0.38590722035702441,0.79999999999999993,-0.10817728097384001,-12.418145496686632,__MLAT_CSV_NULL_V1__,False,__MLAT_CSV_NULL_V1__
variance_ratio_60_5,expansion,5,London,Development,113789,635,-0.032584365171210203,-0.044448365023849232,-0.021722312862154411,0.00099950024987506244,113789,2.4615574144714931,2.4625784814694667,2.4188847605759407,2.4319170320440584,2.4073970138684144,0.79999999999999993,-0.047483393263639137,__MLAT_CSV_NULL_V1__,-0.03034701875977254,True,0.0019449734592163377
variance_ratio_60_5,expansion,5,London,Validation,43612,244,-0.011575406160488525,-0.029068056896679587,0.006314961392012936,0.20089955022488756,43615,2.4821984090881846,2.3955100723088525,2.4544069159953188,2.4324391331598409,2.4531957440921324,0.29999999999999999,-0.025968622593286379,__MLAT_CSV_NULL_V1__,-0.012755617530478734,True,__MLAT_CSV_NULL_V1__
variance_ratio_60_5,expansion,15,London,Development,113789,635,-0.080142541323550004,-0.0961164632879834,-0.063870789671374148,0.00099950024987506244,113789,4.3467097785058533,4.3638971396845356,4.2866309762899588,4.296193831533591,4.2157794464741549,0.79999999999999993,-0.06858452390305339,__MLAT_CSV_NULL_V1__,-0.091002873823666938,True,0.0019449734592163377
variance_ratio_60_5,expansion,15,London,Validation,43612,244,-0.068264709165442514,-0.095466140157041121,-0.039637596119353517,0.00099950024987506244,43615,4.4365598231329244,4.2755286061223474,4.3692103008317256,4.321425094235221,4.3880127459887817,0.099999999999999992,-0.024814654673515232,__MLAT_CSV_NULL_V1__,-0.044558747038085884,True,__MLAT_CSV_NULL_V1__
variance_ratio_60_5,expansion,30,London,Development,113789,635,-0.10186253325725961,-0.12401813522116174,-0.078576464123369424,0.00099950024987506244,113789,6.150919064454806,6.1510503327995476,6.1499012370539896,6.0533145322879713,5.9011050175509165,0.8999999999999998,-0.092720612531001056,__MLAT_CSV_NULL_V1__,__MLAT_CSV_NULL_V1__,False,0.0019449734592163377
variance_ratio_60_5,expansion,30,London,Validation,43612,244,-0.076814514463414488,-0.1143046431860839,-0.038664994669056318,0.00099950024987506244,43615,6.3788239641002553,6.1081764991018241,6.2086506959335983,6.1853576434160003,6.1863491725228927,0.29999999999999999,-0.068936657663930645,__MLAT_CSV_NULL_V1__,__MLAT_CSV_NULL_V1__,False,__MLAT_CSV_NULL_V1__
variance_ratio_60_5,expansion,60,London,Development,113789,635,-0.10244819446337834,-0.13100032704254908,-0.075041174230345634,0.00099950024987506244,113789,8.6565090419472455,8.5916684300788901,8.577934705558766,8.4745092642560458,8.2232202335785765,0.99999999999999989,-0.11318242817394637,__MLAT_CSV_NULL_V1__,__MLAT_CSV_NULL_V1__,False,0.0019449734592163377
variance_ratio_60_5,expansion,60,London,Validation,43612,244,-0.077535579340171357,-0.12328432822432636,-0.031719604824187994,0.0029985007496251873,43615,8.79510890502109,8.7170800397811465,8.9313211767223475,8.7211172618934985,8.7376259337924669,0.099999999999999992,-0.01444584473912121,__MLAT_CSV_NULL_V1__,__MLAT_CSV_NULL_V1__,False,__MLAT_CSV_NULL_V1__
variance_ratio_60_5,expansion,120,London,Development,113789,635,-0.086450806383644468,-0.11718393259330531,-0.053859348683384704,0.00099950024987506244,113789,12.200798102155025,11.954779759970396,11.887439273393685,11.779410021603431,11.437918327126873,0.99999999999999989,-0.14324130315641731,__MLAT_CSV_NULL_V1__,__MLAT_CSV_NULL_V1__,False,0.0019449734592163377
variance_ratio_60_5,expansion,120,London,Validation,43612,244,-0.055331436097235981,-0.10564351251056894,-0.0064382286105676865,0.028985507246376812,43615,11.912933254012307,12.108156515960316,12.482789072637164,12.508860853558826,12.549621839236252,0.99999999999999989,0.11008671874665243,__MLAT_CSV_NULL_V1__,__MLAT_CSV_NULL_V1__,False,__MLAT_CSV_NULL_V1__
variance_ratio_60_5,expansion,180,London,Development,113789,635,-0.080678061418603203,-0.11220748217367373,-0.050447678985407154,0.00099950024987506244,113789,16.724464021348158,16.428407805081459,15.932211662887928,15.886420028062131,15.166278819951804,0.99999999999999989,-0.1732441539062817,__MLAT_CSV_NULL_V1__,__MLAT_CSV_NULL_V1__,False,0.0019449734592163377
variance_ratio_60_5,expansion,180,London,Validation,43612,244,-0.044017675459254238,-0.095505057620826825,0.0067546550796988699,0.091954022988505746,43615,16.257542077419469,16.383127443519179,16.867598602157628,16.183590676300565,16.359313890011084,0.099999999999999992,0.011216021740990692,__MLAT_CSV_NULL_V1__,__MLAT_CSV_NULL_V1__,False,__MLAT_CSV_NULL_V1__
variance_ratio_60_5,volatility,5,London,Development,113789,635,0.030805200656640514,0.013526134690342709,0.04781182082528259,0.0029985007496251873,113789,4.099748514238633,4.1713175662495114,4.1901936352396874,4.3509975435234054,4.5386242013309062,0.99999999999999989,0.17012809252571623,__MLAT_CSV_NULL_V1__,0.036658516749335679,True,0.0083035405374235951
variance_ratio_60_5,volatility,5,London,Validation,43612,244,0.027788130983160252,0.0024527724329210169,0.050503960798986704,0.025987006496751622,43615,4.0409452866504818,3.9483610209262343,4.0541545429926025,4.0705655858782972,4.183527506050245,0.8999999999999998,0.066065351620762325,__MLAT_CSV_NULL_V1__,0.031290085835540382,True,__MLAT_CSV_NULL_V1__
variance_ratio_60_5,volatility,15,London,Development,113789,635,0.028210651188735,0.0039183906212075757,0.052504289055721722,0.023988005997001498,113789,7.4267670679556952,7.5528005976938681,7.5762971153471872,7.8552199173118575,8.147744140447756,0.99999999999999989,0.18935903257211845,__MLAT_CSV_NULL_V1__,0.023461483049438674,True,0.042125278824002632
variance_ratio_60_5,volatility,15,London,Validation,43612,244,0.02161110687937139,-0.015862394532039654,0.059624528050736522,0.25787106446776614,43615,7.333595385705503,7.1576734276165039,7.3204313248151065,7.3395793209514597,7.5410932764281799,0.69999999999999996,0.067417364705212035,__MLAT_CSV_NULL_V1__,0.035571866150378557,True,__MLAT_CSV_NULL_V1__
variance_ratio_60_5,volatility,30,London,Development,113789,635,0.019013516148673963,-0.010403853119244348,0.049359176559508368,0.2158920539730135,113789,10.578636651643947,10.709597917720902,10.899048852189168,11.188918403994073,11.506917005863771,0.99999999999999989,0.18731570689763935,__MLAT_CSV_NULL_V1__,__MLAT_CSV_NULL_V1__,False,0.31722914053177498
variance_ratio_60_5,volatility,30,London,Validation,43612,244,0.036798597436818584,-0.010594217195326725,0.082395758873654149,0.13893053473263367,43615,10.46947092143817,10.186522327709213,10.376500067648154,10.476198887004745,10.791838571405147,0.69999999999999996,0.083335599698120877,__MLAT_CSV_NULL_V1__,__MLAT_CSV_NULL_V1__,False,__MLAT_CSV_NULL_V1__
variance_ratio_60_5,volatility,60,London,Development,113789,635,0.024039876723383435,-0.0095259786745230113,0.056960519531437451,0.16691654172913542,113789,14.837665888008706,14.995989696505703,15.349457397745287,15.765964120550938,16.145909568597876,0.99999999999999989,0.20115512361249843,__MLAT_CSV_NULL_V1__,__MLAT_CSV_NULL_V1__,False,0.26126067401082065
variance_ratio_60_5,volatility,60,London,Validation,43612,244,0.053900458222142164,-0.0009125762536473308,0.10967810466694855,0.057971014492753624,43615,14.582814032751429,14.337916725929764,14.729559006390483,14.815221380549765,15.247902716128452,0.8999999999999998,0.13720470320051828,__MLAT_CSV_NULL_V1__,__MLAT_CSV_NULL_V1__,False,__MLAT_CSV_NULL_V1__
variance_ratio_60_5,volatility,120,London,Development,113789,635,0.021327758444166952,-0.014401317790097396,0.057657811127854092,0.24187906046976512,113789,20.888857001945635,21.069289386664593,21.434207091342799,21.98956460464397,22.516413451245992,0.99999999999999989,0.1844925461842386,__MLAT_CSV_NULL_V1__,__MLAT_CSV_NULL_V1__,False,0.3349094683427517
variance_ratio_60_5,volatility,120,London,Validation,43612,244,0.039623251497266476,-0.015242700562022477,0.093549034714819554,0.16291854072963519,43615,20.361988220619828,20.109510116114372,20.611509454465711,20.820148431535838,21.396301163699366,0.8999999999999998,0.16440933274908132,__MLAT_CSV_NULL_V1__,__MLAT_CSV_NULL_V1__,False,__MLAT_CSV_NULL_V1__
variance_ratio_60_5,volatility,180,London,Development,113789,635,-0.040269307146819797,-0.074638487260823103,-0.0050718793924846217,0.018990504747626188,113789,27.931664311466861,28.175717396590471,28.126943438289693,28.79478699312893,29.014105250061846,0.8999999999999998,0.091230873087312744,__MLAT_CSV_NULL_V1__,__MLAT_CSV_NULL_V1__,False,0.035059393380232964
variance_ratio_60_5,volatility,180,London,Validation,43612,244,-0.036789477686046901,-0.086146725116057463,0.016820463856552181,0.19890054972513743,43615,26.75631028537855,26.385348682793239,27.216414255003418,26.842991537517015,27.364548068678506,0.79999999999999993,0.068292040311641392,__MLAT_CSV_NULL_V1__,__MLAT_CSV_NULL_V1__,False,__MLAT_CSV_NULL_V1__
variance_ratio_60_5,path_risk,5,London,Development,113789,635,-0.03649640590931473,-0.047222927067696596,-0.026209764091150934,0.00099950024987506244,113789,1.9824563977441767,1.9860362065136739,1.9468361496319071,1.9583651246898144,1.9413200552677836,0.79999999999999993,-0.036664072793362694,__MLAT_CSV_NULL_V1__,-0.036146121275608567,True,0.0019449734592163377
variance_ratio_60_5,path_risk,5,London,Validation,43612,244,-0.022727170898781263,-0.040058852566938655,-0.0048562125625049987,0.011994002998500749,43615,2.0013672867831227,1.9322823541740781,1.9721712082982046,1.9581952540007734,1.9777387039280547,0.099999999999999992,-0.021288088385390938,__MLAT_CSV_NULL_V1__,-0.028038399322921195,True,__MLAT_CSV_NULL_V1__
variance_ratio_60_5,path_risk,15,London,Development,113789,635,-0.081860203310023152,-0.097607256095395986,-0.065454817457041167,0.00099950024987506244,113789,3.4661673886268236,3.4829705264531796,3.411278269045019,3.4178250317857475,3.3537867082530082,0.79999999999999993,-0.059480375311153279,__MLAT_CSV_NULL_V1__,-0.088370245448049042,True,0.0019449734592163377
variance_ratio_60_5,path_risk,15,London,Validation,43612,244,-0.073348642578853845,-0.10026608532355129,-0.045362266306104529,0.00099950024987506244,43615,3.5449707729088873,3.4134299219390605,3.4709374635145722,3.4317332059621419,3.5114235616490821,0.099999999999999992,-0.017069702520231919,__MLAT_CSV_NULL_V1__,-0.060959384884571241,True,__MLAT_CSV_NULL_V1__
variance_ratio_60_5,path_risk,30,London,Development,113789,635,-0.097514993868195898,-0.11837866289138774,-0.077520102812870958,0.00099950024987506244,113789,4.896175282615407,4.9074944097301536,4.8898049101001417,4.7870172051733313,4.6588742288942786,0.8999999999999998,-0.088602394630213993,__MLAT_CSV_NULL_V1__,__MLAT_CSV_NULL_V1__,False,0.0019449734592163377
variance_ratio_60_5,path_risk,30,London,Validation,43612,244,-0.076006167349223455,-0.11316266942624315,-0.038030729082744234,0.00099950024987506244,43615,5.0601945923224205,4.8815227378226096,4.9177873745945959,4.908758007888169,4.9067176219650692,0.39999999999999997,-0.055107934821313063,__MLAT_CSV_NULL_V1__,__MLAT_CSV_NULL_V1__,False,__MLAT_CSV_NULL_V1__
variance_ratio_60_5,path_risk,60,London,Development,113789,635,-0.091645843313481343,-0.11848845349662106,-0.0645218411194078,0.00099950024987506244,113789,6.8989644812490036,6.8603691311112858,6.8219625046175523,6.7028332854891124,6.4939215043209408,0.99999999999999989,-0.10693901033149388,__MLAT_CSV_NULL_V1__,__MLAT_CSV_NULL_V1__,False,0.0019449734592163377
variance_ratio_60_5,path_risk,60,London,Validation,43612,244,-0.071581669572088932,-0.11459947475264873,-0.029780453267444173,0.0019990004997501249,43615,6.9015575444368107,6.9520740204608025,7.1546074177095038,6.9941045295909774,6.9216127965784793,0.29999999999999999,0.0051075167160434948,__MLAT_CSV_NULL_V1__,__MLAT_CSV_NULL_V1__,False,__MLAT_CSV_NULL_V1__
variance_ratio_60_5,path_risk,120,London,Development,113789,635,-0.064889477861005435,-0.094267528687719621,-0.03527455899223083,0.00099950024987506244,113789,9.7547403482750976,9.5255112357587883,9.4129037487564133,9.3093522470540062,9.0452441096563962,0.99999999999999989,-0.13541808008134473,__MLAT_CSV_NULL_V1__,__MLAT_CSV_NULL_V1__,False,0.0019449734592163377
variance_ratio_60_5,path_risk,120,London,Validation,43612,244,-0.042714293352441687,-0.090992707663860375,0.0067757654722097761,0.084957521239380315,43615,9.2959083072607491,9.6105004877580633,10.037012835569842,10.083476304628656,9.96682390795225,0.69999999999999996,0.11670859880681549,__MLAT_CSV_NULL_V1__,__MLAT_CSV_NULL_V1__,False,__MLAT_CSV_NULL_V1__
variance_ratio_60_5,path_risk,180,London,Development,113789,635,-0.062540080155755393,-0.09169739021342857,-0.031593606600068984,0.00099950024987506244,113789,13.328044322039759,12.928162336302941,12.542304949884036,12.555803377518721,12.008689440167153,0.8999999999999998,-0.16227866497518875,__MLAT_CSV_NULL_V1__,__MLAT_CSV_NULL_V1__,False,0.0019449734592163377
variance_ratio_60_5,path_risk,180,London,Validation,43612,244,-0.038240654081666027,-0.089953508566640819,0.012997755697185819,0.15392303848075961,43615,12.69704238198233,12.908394510010712,13.275464364465874,12.869591297354294,13.116112070737168,0.49999999999999994,0.050104382106007199,__MLAT_CSV_NULL_V1__,__MLAT_CSV_NULL_V1__,False,__MLAT_CSV_NULL_V1__
return_sign_entropy_60,direction,5,London,Development,113793,635,-0.010094161275994327,-0.021937563597507918,0.0019432923408503836,0.093953023488255877,113793,-0.0024444833501141711,0.012808824385955608,-0.010549007284924477,0.016883973007561004,0.010192356976642955,0.29999999999999999,0.0078280981571297349,0.15318369195219675,-0.010419290838062355,True,0.24159348896980082
return_sign_entropy_60,direction,5,London,Validation,43612,244,0.013923056586095186,-0.0071207953552455986,0.03374641540537119,0.18890554722638681,43615,0.018203808427335388,-0.0051130747470673086,0.053792809812910417,0.059264239997275266,0.071389764167907557,0.8999999999999998,0.03375741078599389,0.10808678297224811,0.014532295978305732,True,__MLAT_CSV_NULL_V1__
return_sign_entropy_60,direction,15,London,Development,113793,635,-0.024101668374226216,-0.044015774477406538,-0.0043226196600849309,0.017991004497751123,113793,-0.0371017677537991,0.081031719907703831,-0.014780938744099833,-0.057268310206023215,0.027787708753703823,0,0.023499115299902135,0.49034960562501018,-0.038809791750435488,True,0.051814092953523232
return_sign_entropy_60,direction,15,London,Validation,43612,244,0.026646120329470547,-0.0053430783381491036,0.057776406428088747,0.099950024987506242,43615,0.045575688960767267,-0.033489424470445818,0.15133238484980535,0.18444857946075791,0.29946060478986636,0.8999999999999998,0.093275804649802271,0.9064877534057787,0.042965841289178054,True,__MLAT_CSV_NULL_V1__
return_sign_entropy_60,direction,30,London,Development,113793,635,-0.02842189333714976,-0.054689439702195884,-0.0021107128644182846,0.039980009995002501,113793,-0.070987972075169326,0.096963210296202848,-0.02507356961194852,-0.069429053344267688,0.086074170178380552,0.29999999999999999,0.040310706103446517,0.95353744251424111,__MLAT_CSV_NULL_V1__,False,0.11071387383231462
return_sign_entropy_60,direction,30,London,Validation,43612,244,0.048837403377576312,0.0075792777617604019,0.086667166735238735,0.025987006496751622,43615,0.012999436857034303,0.04896474126518216,0.30221751987802764,0.47600434489125798,0.72758814178287157,0.99999999999999989,0.184024909297377,3.1684032818526058,__MLAT_CSV_NULL_V1__,False,__MLAT_CSV_NULL_V1__
return_sign_entropy_60,direction,60,London,Development,113793,635,-0.011886596604899581,-0.0414250376628226,0.020786315837356632,0.48275862068965519,113793,-0.2950203452138998,-0.015469085321038616,0.037019786547583214,-0.0012483894152556941,0.12263244588141844,0.8999999999999998,0.076831268179170339,2.776399871585721,__MLAT_CSV_NULL_V1__,False,0.74951203643461295
return_sign_entropy_60,direction,60,London,Validation,43612,244,0.037147482792580969,-0.012432816097778672,0.088452988951249256,0.15492253873063469,43615,0.063654899887138378,0.34948131704980862,0.46173472875104904,0.72416036425384811,1.3468234513614508,0.99999999999999989,0.2263789086842512,5.7669637075790261,__MLAT_CSV_NULL_V1__,False,__MLAT_CSV_NULL_V1__
return_sign_entropy_60,direction,120,London,Development,113793,635,-0.0015869901319885591,-0.035087250396896648,0.031590680780728075,0.94052973513243376,113793,-0.36034057254591018,-0.13242224993302187,0.2167574809123553,0.21889594687478392,0.18668487153728797,0.69999999999999996,0.071351899463113572,3.7244069754281326,__MLAT_CSV_NULL_V1__,False,0.9674020132790746
return_sign_entropy_60,direction,120,London,Validation,43612,244,0.030748780729335293,-0.02279358096668678,0.082924935503830011,0.27686156921539229,43615,0.22848063926069342,0.56716667208683946,0.78973301374145144,1.4513209792287913,1.9954352907246689,0.99999999999999989,0.2187121397261339,7.1024909860093297,__MLAT_CSV_NULL_V1__,False,__MLAT_CSV_NULL_V1__
return_sign_entropy_60,direction,180,London,Development,113793,635,-0.0067498655648301955,-0.039606348902545531,0.023669301925626534,0.71064467766116945,113793,-0.1801445916458623,-0.27088583913329056,0.11777000305114473,0.27590689966959198,0.48119811119597,0.8999999999999998,0.059785576051295232,3.9938094868147349,__MLAT_CSV_NULL_V1__,False,0.81093781467475223
return_sign_entropy_60,direction,180,London,Validation,43612,244,0.0068200977856646191,-0.04330665346519437,0.057975029928116394,0.82258870564717645,43615,0.10089339081169071,0.95020851657316319,1.2831946592788435,2.0045453199101422,2.2612322391660959,0.99999999999999989,0.19813796038819051,10.800463788110171,__MLAT_CSV_NULL_V1__,False,__MLAT_CSV_NULL_V1__
return_sign_entropy_60,expansion,5,London,Development,113793,635,0.082462067334063263,0.07170016840161908,0.092843643060494502,0.00099950024987506244,113793,2.3447956557627108,2.4022568851635855,2.4355976564400561,2.4628470393115482,2.5322230919708204,0.99999999999999989,0.1606250975151271,__MLAT_CSV_NULL_V1__,0.084902265906478896,True,0.0019449734592163377
return_sign_entropy_60,expansion,5,London,Validation,43612,244,0.06847822623007202,0.051797432625065774,0.086345294806317779,0.00099950024987506244,43615,2.3870555608140895,2.4263547172824254,2.4974884166574887,2.4838664459417479,2.5495831564081288,0.8999999999999998,0.15836702136746003,__MLAT_CSV_NULL_V1__,0.06141884006179614,True,__MLAT_CSV_NULL_V1__
return_sign_entropy_60,expansion,15,London,Development,113793,635,0.12191297645830902,0.10506810187306449,0.13878986131003554,0.00099950024987506244,113793,4.1016874191484662,4.2148307074053859,4.2851742398045891,4.3642053964783623,4.532932597075602,0.99999999999999989,0.21639438351901291,__MLAT_CSV_NULL_V1__,0.12022570883245863,True,0.0019449734592163377
return_sign_entropy_60,expansion,15,London,Validation,43612,244,0.094109023364158217,0.068945158305901449,0.12162546785806604,0.00099950024987506244,43615,4.220044392537698,4.3054339473262351,4.4538517040467021,4.5113239357627073,4.6510221248821573,0.99999999999999989,0.24652994783239912,__MLAT_CSV_NULL_V1__,0.084827838541173678,True,__MLAT_CSV_NULL_V1__
return_sign_entropy_60,expansion,30,London,Development,113793,635,0.15388264192034615,0.13199379778624476,0.17703410726707777,0.00099950024987506244,113793,5.7852756231184523,5.9143552991362398,6.0469888288400782,6.1832538405120232,6.4599480334725854,0.99999999999999989,0.24335604622951265,__MLAT_CSV_NULL_V1__,__MLAT_CSV_NULL_V1__,False,0.0019449734592163377
return_sign_entropy_60,expansion,30,London,Validation,43612,244,0.10135339569558666,0.063775882703022688,0.13718355912474822,0.00099950024987506244,43615,5.9799208201049288,6.1474489981959186,6.3039171580646816,6.5560010418350769,6.6416263136971248,0.99999999999999989,0.25299827663617197,__MLAT_CSV_NULL_V1__,__MLAT_CSV_NULL_V1__,False,__MLAT_CSV_NULL_V1__
return_sign_entropy_60,expansion,60,London,Development,113793,635,0.17713198404027003,0.14983471607965224,0.20426343937568514,0.00099950024987506244,113793,8.1042336260424133,8.2748666816340144,8.4622510370018809,8.6002680690658106,9.0563978556418583,0.99999999999999989,0.24155220551754261,__MLAT_CSV_NULL_V1__,__MLAT_CSV_NULL_V1__,False,0.0019449734592163377
return_sign_entropy_60,expansion,60,London,Validation,43612,244,0.13302577393622708,0.087322060112948255,0.17781395974937642,0.00099950024987506244,43615,8.442555012574898,8.6956962934450086,8.9103357460665347,9.4453700130144931,9.2936988158121352,0.8999999999999998,0.22427749852553575,__MLAT_CSV_NULL_V1__,__MLAT_CSV_NULL_V1__,False,__MLAT_CSV_NULL_V1__
return_sign_entropy_60,expansion,120,London,Development,113793,635,0.20977123151632782,0.17753219458288494,0.24028434707310681,0.00099950024987506244,113793,11.323768887501915,11.445340755792287,11.706329349116627,11.897160541609788,12.842453533273879,0.99999999999999989,0.27155467302448821,__MLAT_CSV_NULL_V1__,__MLAT_CSV_NULL_V1__,False,0.0019449734592163377
return_sign_entropy_60,expansion,120,London,Validation,43612,244,0.15602947081030485,0.10553563651973619,0.20675193433719169,0.00099950024987506244,43615,11.742888388046659,12.152077278142814,12.470355710820796,13.66757390212006,13.419016068100698,0.8999999999999998,0.30677380137402671,__MLAT_CSV_NULL_V1__,__MLAT_CSV_NULL_V1__,False,__MLAT_CSV_NULL_V1__
return_sign_entropy_60,expansion,180,London,Development,113793,635,0.22357904777835785,0.19078411069443121,0.2560348514163292,0.00099950024987506244,113793,14.290244183695885,14.979413777392924,15.731223261692445,16.513968543603049,18.514075488438245,0.99999999999999989,0.44931904957543362,__MLAT_CSV_NULL_V1__,__MLAT_CSV_NULL_V1__,False,0.0019449734592163377
return_sign_entropy_60,expansion,180,London,Validation,43612,244,0.17601075117755632,0.12461588749697879,0.22337019555428558,0.00099950024987506244,43615,14.885651539621767,15.955214453611401,17.033245598908739,18.149248166163503,20.500703749533901,0.99999999999999989,0.64710127650390648,__MLAT_CSV_NULL_V1__,__MLAT_CSV_NULL_V1__,False,__MLAT_CSV_NULL_V1__
return_sign_entropy_60,volatility,5,London,Development,113793,635,-0.031780047987127531,-0.047713007620610759,-0.015699476666765265,0.00099950024987506244,113793,5.4595202175830293,4.6165052687615766,4.2195265471326842,3.8338169632890549,3.268376904910212,0.99999999999999989,-0.86356494430922437,__MLAT_CSV_NULL_V1__,-0.035838010492530492,True,0.0029985007496251873
return_sign_entropy_60,volatility,5,London,Validation,43612,244,-0.02746203149004689,-0.052537613004882494,-0.0014964440101952329,0.036981509245377311,43615,4.6339969042965077,4.1376559098987382,3.7976297477456229,3.3887693347431722,2.9147639292024712,0.99999999999999989,-0.82949559083795343,__MLAT_CSV_NULL_V1__,-0.034912939790540304,True,__MLAT_CSV_NULL_V1__
return_sign_entropy_60,volatility,15,London,Development,113793,635,-0.022803164270458278,-0.047269060960412487,0.0021048789187569686,0.077961019490254871,113793,9.7915897170275805,8.3104678853119918,7.6167812974957867,6.967006450288868,5.9558803317867657,0.99999999999999989,-1.0474901175655593,__MLAT_CSV_NULL_V1__,-0.015705940211723793,True,0.12757257734768979
return_sign_entropy_60,volatility,15,London,Validation,43612,244,-0.038727779410491117,-0.077029430294737952,-0.00035491159116886355,0.050974512743628186,43615,8.3380170009699572,7.4547996976247504,6.8615117700481338,6.2669766007004775,5.2991940361527616,0.99999999999999989,-1.1000557635525201,__MLAT_CSV_NULL_V1__,-0.033706757011711115,True,__MLAT_CSV_NULL_V1__
return_sign_entropy_60,volatility,30,London,Development,113793,635,-0.0068485474753372825,-0.036762309626144803,0.021957770210556875,0.68565717141429283,113793,13.874441064973857,11.786326659699684,10.835382505205503,9.968182466523416,8.5354310526589146,0.99999999999999989,-1.1350243133588365,__MLAT_CSV_NULL_V1__,__MLAT_CSV_NULL_V1__,False,0.75949717448967813
return_sign_entropy_60,volatility,30,London,Validation,43612,244,-0.029924802817048134,-0.078689067643453167,0.017784878515655644,0.23988005997001499,43615,11.861685615576194,10.623203667521079,9.7493493886590255,9.0387190337072134,7.5825884719137324,0.99999999999999989,-1.2082763524272953,__MLAT_CSV_NULL_V1__,__MLAT_CSV_NULL_V1__,False,__MLAT_CSV_NULL_V1__
return_sign_entropy_60,volatility,60,London,Development,113793,635,0.0089640088271105076,-0.02382396220607948,0.042418402277736827,0.59570214892553719,113793,19.523249992629243,16.540250341524267,15.170759642641098,13.917342922941234,12.102005288900914,0.99999999999999989,-1.1808946371525244,__MLAT_CSV_NULL_V1__,__MLAT_CSV_NULL_V1__,False,0.70312384791210947
return_sign_entropy_60,volatility,60,London,Validation,43612,244,0.014599738976480328,-0.041670472198674695,0.071348625319486034,0.63368315842078959,43615,16.598199355110921,15.092318594676753,13.807190999232159,12.804502905124748,10.769483585700941,0.99999999999999989,-1.2863139063212929,__MLAT_CSV_NULL_V1__,__MLAT_CSV_NULL_V1__,False,__MLAT_CSV_NULL_V1__
return_sign_entropy_60,volatility,120,London,Development,113793,635,0.044721935078146216,0.012590736073831661,0.079262781127891979,0.010994502748625687,113793,27.343698211500801,23.058686598468316,21.028733994362661,19.453490736385476,17.227765298412162,0.99999999999999989,-1.1734998684367002,__MLAT_CSV_NULL_V1__,__MLAT_CSV_NULL_V1__,False,0.023988005997001502
return_sign_entropy_60,volatility,120,London,Validation,43612,244,0.032551194870739146,-0.024190682360820673,0.089174919199048838,0.2608695652173913,43615,23.029068422119085,21.179879957955713,19.506149280168188,18.225971526215496,15.353867911237034,0.99999999999999989,-1.3108914979983146,__MLAT_CSV_NULL_V1__,__MLAT_CSV_NULL_V1__,False,__MLAT_CSV_NULL_V1__
return_sign_entropy_60,volatility,180,London,Development,113793,635,0.17956639371609362,0.14442779855493051,0.21527427487986894,0.00099950024987506244,113793,34.449553515942164,29.842317274792524,27.720589117751484,26.088860849704886,24.151461739022075,0.99999999999999989,-0.85172164506982562,__MLAT_CSV_NULL_V1__,__MLAT_CSV_NULL_V1__,False,0.0029985007496251873
return_sign_entropy_60,volatility,180,London,Validation,43612,244,0.10646605832075991,0.055520682255820374,0.15397154312605232,0.00099950024987506244,43615,29.388431554597052,27.277621110182668,25.806599712981672,24.179205848259027,21.710027995661974,0.99999999999999989,-0.85628854724800729,__MLAT_CSV_NULL_V1__,__MLAT_CSV_NULL_V1__,False,__MLAT_CSV_NULL_V1__
return_sign_entropy_60,path_risk,5,London,Development,113793,635,0.074870463517720309,0.064948040109415212,0.085044840906193339,0.00099950024987506244,113793,1.8886690908692385,1.9316753817378101,1.9615665913390512,1.9839077990547331,2.0452374711642101,0.99999999999999989,0.13628769139420213,__MLAT_CSV_NULL_V1__,0.078101905004709538,True,0.0019449734592163377
return_sign_entropy_60,path_risk,5,London,Validation,43612,244,0.065332039553118615,0.04955819084356957,0.080912304335376092,0.00099950024987506244,43615,1.9153270114101211,1.953517352022462,2.0163967253997543,2.0034875464088833,2.0730886906541861,0.8999999999999998,0.15488406131319202,__MLAT_CSV_NULL_V1__,0.063006837225162135,True,__MLAT_CSV_NULL_V1__
return_sign_entropy_60,path_risk,15,London,Development,113793,635,0.1086943492067215,0.092726189371317172,0.12449898261125616,0.00099950024987506244,113793,3.2719489389832508,3.3561337599393859,3.4029654673540266,3.4756627887367557,3.617062166499176,0.99999999999999989,0.17504009581727056,__MLAT_CSV_NULL_V1__,0.10650186241889767,True,0.0019449734592163377
return_sign_entropy_60,path_risk,15,London,Validation,43612,244,0.08782835016900585,0.061980104221565857,0.11505596495412765,0.00099950024987506244,43615,3.3478917644745545,3.421586465214483,3.554284900808129,3.6355236598595342,3.7441866546667892,0.99999999999999989,0.22575704034197913,__MLAT_CSV_NULL_V1__,0.055480385690471236,True,__MLAT_CSV_NULL_V1__
return_sign_entropy_60,path_risk,30,London,Development,113793,635,0.13520225821596038,0.11431805594405463,0.15714978481146308,0.00099950024987506244,113793,4.5983844383435644,4.6991014293184712,4.7919395958474542,4.9093835641673502,5.1276830366257657,0.99999999999999989,0.19139702530662533,__MLAT_CSV_NULL_V1__,__MLAT_CSV_NULL_V1__,False,0.0019449734592163377
return_sign_entropy_60,path_risk,30,London,Validation,43612,244,0.094338047587850998,0.060044088980521486,0.12929158043908437,0.00099950024987506244,43615,4.7353288166052492,4.8732259489980674,5.0143226438579953,5.2807343352766898,5.2504460655364866,0.8999999999999998,0.19702463376422033,__MLAT_CSV_NULL_V1__,__MLAT_CSV_NULL_V1__,False,__MLAT_CSV_NULL_V1__
return_sign_entropy_60,path_risk,60,London,Development,113793,635,0.15155782484943076,0.12589998522134499,0.17673940497195664,0.00099950024987506244,113793,6.4798071447480634,6.5868776472181239,6.7195966750717231,6.8294883582332213,7.1440990596395633,0.99999999999999989,0.1695783187567769,__MLAT_CSV_NULL_V1__,__MLAT_CSV_NULL_V1__,False,0.0019449734592163377
return_sign_entropy_60,path_risk,60,London,Validation,43612,244,0.11736120236401074,0.074656271567674654,0.16108998640089653,0.00099950024987506244,43615,6.7254805933117838,6.9174811487268739,7.0672886207453143,7.5998722897686006,7.3466952719824299,0.8999999999999998,0.1633246882745355,__MLAT_CSV_NULL_V1__,__MLAT_CSV_NULL_V1__,False,__MLAT_CSV_NULL_V1__
return_sign_entropy_60,path_risk,120,London,Development,113793,635,0.1782328702002991,0.14891040156791158,0.20876011697860761,0.00099950024987506244,113793,9.1112493113388862,9.1107987844591722,9.2762495043283035,9.4107602271435535,10.107107033211674,0.8999999999999998,0.18243957429640895,__MLAT_CSV_NULL_V1__,__MLAT_CSV_NULL_V1__,False,0.0019449734592163377
return_sign_entropy_60,path_risk,120,London,Validation,43612,244,0.13113445288874448,0.084546465970965629,0.18031914633429277,0.00099950024987506244,43615,9.3932940929378894,9.6143176141343947,9.8124963439788591,11.016389074461166,10.807829561672014,0.8999999999999998,0.25736554823093133,__MLAT_CSV_NULL_V1__,__MLAT_CSV_NULL_V1__,False,__MLAT_CSV_NULL_V1__
return_sign_entropy_60,path_risk,180,London,Development,113793,635,0.19261673001083079,0.16147850458763058,0.22272126869320624,0.00099950024987506244,113793,11.488879072643702,11.900388484590913,12.407501969412303,12.987316245766909,14.499603273304245,0.99999999999999989,0.35708303715141776,__MLAT_CSV_NULL_V1__,__MLAT_CSV_NULL_V1__,False,0.0019449734592163377
return_sign_entropy_60,path_risk,180,London,Validation,43612,244,0.15756652979436778,0.10889743927224654,0.20812942725403397,0.00099950024987506244,43615,11.774305142658669,12.581919937810582,13.334524181734665,14.457214526185231,16.521465052351068,0.99999999999999989,0.59053294360129449,__MLAT_CSV_NULL_V1__,__MLAT_CSV_NULL_V1__,False,__MLAT_CSV_NULL_V1__
volatility_of_volatility_60,direction,5,London,Development,113779,635,-0.0011266816996389967,-0.012825677314593179,0.010472399794274313,0.85257371314342834,113779,0.010083060679756107,0.018406542193645872,0.0086165553405128242,0.013653848536971417,-0.023814724667774453,0.49999999999999994,-0.021388423290668462,-0.10913163064755657,-0.0035862475242908541,True,0.90272510803421824
volatility_of_volatility_60,direction,5,London,Validation,43612,244,0.0015587458126762395,-0.019660677371579796,0.02206369047595878,0.8975512243878061,43615,0.037558184165893745,0.00031956741300939566,0.020266928523467342,0.00084928082916837957,0.10224586133299771,0.29999999999999999,0.041314856643400406,0.2038270093839249,0.0037269573568780153,True,__MLAT_CSV_NULL_V1__
volatility_of_volatility_60,direction,15,London,Development,113779,635,-0.0057467655991583454,-0.02486492550005991,0.013195596765908566,0.53773113443278364,113779,0.025369292782151498,0.034839354743062594,0.0029903761692167529,0.0023654839185525823,-0.062541275066666499,0.8999999999999998,-0.032903791541271044,-0.32862785170615683,-0.0073654550272407538,True,0.74951203643461295
volatility_of_volatility_60,direction,15,London,Validation,43612,244,-0.0059226298138721645,-0.041847807057216496,0.027540667913499919,0.72563718140929534,43615,0.091354389886860246,0.035265526361440848,0.038935942486911242,0.057887797213830687,0.24720381075594561,0.39999999999999997,0.057629939933914548,0.47313020924404048,0.019025794981677457,False,__MLAT_CSV_NULL_V1__
volatility_of_volatility_60,direction,30,London,Development,113779,635,-0.0014399997322585981,-0.027771728188000736,0.024395728203920164,0.89655172413793105,113779,0.014336064535295106,0.028885854180056,0.078599680141315256,0.0063062598695739214,-0.1040730674613794,0.59999999999999998,-0.032061640632886725,-0.42399173112197674,__MLAT_CSV_NULL_V1__,False,0.9355322338830584
volatility_of_volatility_60,direction,30,London,Validation,43612,244,-0.0057355548916815562,-0.048585581658231534,0.037161882418703371,0.82058970514742624,43615,0.052773243788390996,0.2069194256000236,0.23878146356726387,0.21613174180107111,0.32751467276623386,0.8999999999999998,0.069672136335844098,0.76766188727633022,__MLAT_CSV_NULL_V1__,False,__MLAT_CSV_NULL_V1__
volatility_of_volatility_60,direction,60,London,Development,113779,635,-0.0090121344186182423,-0.041771100145062204,0.021588990197925217,0.57171414292853573,113779,-0.027775711175529547,-0.0041451807687728649,0.14162566092855294,-0.10920418471770509,-0.14159029512865129,0.59999999999999998,-0.021762988050067943,0.064662879657201855,__MLAT_CSV_NULL_V1__,False,0.76228552390471427
volatility_of_volatility_60,direction,60,London,Validation,43612,244,0.008937192793493292,-0.042941267647553294,0.059712882400219311,0.74062968515742134,43615,0.067254311135785172,0.42640058189669561,0.47623685858676507,0.56563551645539234,0.65925501724405555,0.99999999999999989,0.10446468047111426,3.2630258786501134,__MLAT_CSV_NULL_V1__,False,__MLAT_CSV_NULL_V1__
volatility_of_volatility_60,direction,120,London,Development,113779,635,-0.0058289393566650404,-0.037423006175781426,0.026415128545938638,0.74062968515742134,113779,-0.048426410483042782,0.14677626207695921,0.15554450793969227,0.15811757114722705,-0.26821931139547223,0,-0.030018683873571813,-0.5797659472930452,__MLAT_CSV_NULL_V1__,False,0.81093781467475223
volatility_of_volatility_60,direction,120,London,Validation,43612,244,0.03072136540401561,-0.023815034017777577,0.081293871313428565,0.25987006496751625,43615,0.56195995003540511,0.37176865870852466,0.57526503854397948,1.226672805024716,1.1435043312821986,0.79999999999999993,0.073564035765906949,3.3677743778049778,__MLAT_CSV_NULL_V1__,False,__MLAT_CSV_NULL_V1__
volatility_of_volatility_60,direction,180,London,Development,113779,635,0.014889752080090751,-0.017532274631017593,0.046496625079285168,0.39480259870064965,113779,-0.40345887468144742,0.29695861471858043,0.35370491004517074,0.33918095533921205,-0.14816642861016308,0.29999999999999999,0.023978557807154348,2.0746555696100009,__MLAT_CSV_NULL_V1__,False,0.66239607468992778
volatility_of_volatility_60,direction,180,London,Validation,43612,244,-0.0035208190341981644,-0.054204403073087978,0.044553450662923037,0.85657171414292854,43615,1.1819559066416834,0.78237465956642471,0.95870160481549294,0.7993673800914175,0.84499118021832809,0.29999999999999999,-0.032571437808208176,-0.25602611179110557,__MLAT_CSV_NULL_V1__,False,__MLAT_CSV_NULL_V1__
volatility_of_volatility_60,expansion,5,London,Development,113779,635,-0.003255676194625729,-0.016658418262890363,0.0094517278089913392,0.60369815092453771,113779,2.4172233420957694,2.4663805825122314,2.4515594230029745,2.4482652798286098,2.3988020471169658,0.39999999999999997,-0.015682182704708239,__MLAT_CSV_NULL_V1__,-0.0056414479803152543,True,0.66871179794718016
volatility_of_volatility_60,expansion,5,London,Validation,43612,244,0.00062954140154334692,-0.019031721846687246,0.020291881159048179,0.9165417291354323,43615,2.4225232268375634,2.4639259651859668,2.489390244863801,2.4314422753494664,2.386839676513707,0.29999999999999999,-0.034221171161804266,__MLAT_CSV_NULL_V1__,-0.00049936081881224307,False,__MLAT_CSV_NULL_V1__
volatility_of_volatility_60,expansion,15,London,Development,113779,635,-0.013211863122616649,-0.032256719045592359,0.0051463335665361881,0.17091454272863568,113779,4.2567264413222938,4.3531087947459515,4.3262526518430695,4.3649657289534698,4.2073197853102871,0.099999999999999992,-0.025720460453821863,__MLAT_CSV_NULL_V1__,-0.019634575803703619,True,0.23665090531657246
volatility_of_volatility_60,expansion,15,London,Validation,43612,244,-0.015121937838555123,-0.044929212876954214,0.017045282263149088,0.32083958020989506,43615,4.3427841100109994,4.410893585765387,4.4358619148315759,4.3127595834949393,4.2185985019859888,0.59999999999999998,-0.070649348108203294,__MLAT_CSV_NULL_V1__,-0.012772351615326825,True,__MLAT_CSV_NULL_V1__
volatility_of_volatility_60,expansion,30,London,Development,113779,635,-0.025105964853763624,-0.047689835480388111,0.0011699892514144264,0.061969015492253872,113779,5.9706555901653262,6.1281976669248213,6.2072262803646581,6.1836198578975088,5.9162868226403393,0.099999999999999992,-0.020753072250951885,__MLAT_CSV_NULL_V1__,__MLAT_CSV_NULL_V1__,False,0.094931257775367636
volatility_of_volatility_60,expansion,30,London,Validation,43612,244,-0.046358214124086895,-0.083135882041232845,-0.004404011420767912,0.022988505747126436,43615,6.2453764928427695,6.247344951826209,6.336710985851262,6.1012635953716527,5.9908926488961214,0.59999999999999998,-0.096105055906795106,__MLAT_CSV_NULL_V1__,__MLAT_CSV_NULL_V1__,False,__MLAT_CSV_NULL_V1__
volatility_of_volatility_60,expansion,60,London,Development,113779,635,-0.040293075392287207,-0.068881662696218329,-0.011834166107625223,0.0059970014992503746,113779,8.3744401153408905,8.5662778203924645,8.6783542167819689,8.6315516470517757,8.2734655398975914,0.099999999999999992,-0.027376283669995508,__MLAT_CSV_NULL_V1__,__MLAT_CSV_NULL_V1__,False,0.011071387383231461
volatility_of_volatility_60,expansion,60,London,Validation,43612,244,-0.062444716113699957,-0.10764034866287751,-0.017350309980079897,0.0089955022488755615,43615,8.9636899503511724,8.8079490718163189,9.0059025227116276,8.7648582640353343,8.0718827108728313,0.69999999999999996,-0.23317905286438548,__MLAT_CSV_NULL_V1__,__MLAT_CSV_NULL_V1__,False,__MLAT_CSV_NULL_V1__
volatility_of_volatility_60,expansion,120,London,Development,113779,635,-0.057043939633734303,-0.088449969095378583,-0.025906326838657408,0.00099950024987506244,113779,11.8231002702521,11.992797786156617,12.02469703454287,11.88782280968789,11.530643501304658,0.29999999999999999,-0.055132642837308697,__MLAT_CSV_NULL_V1__,__MLAT_CSV_NULL_V1__,False,0.0019449734592163377
volatility_of_volatility_60,expansion,120,London,Validation,43612,244,-0.079711229559335822,-0.12792344319578383,-0.029528206733913417,0.0039980009995002497,43615,12.505305465037422,12.597413184037315,12.668332251497196,12.309561562963571,11.191936418011963,0.59999999999999998,-0.24335863448744988,__MLAT_CSV_NULL_V1__,__MLAT_CSV_NULL_V1__,False,__MLAT_CSV_NULL_V1__
volatility_of_volatility_60,expansion,180,London,Development,113779,635,-0.052793400501409987,-0.084872759154489302,-0.018282961059823261,0.0049975012493753126,113779,15.989840839625581,16.006581618588534,16.332902801559491,16.051280906164173,15.755306635520954,0.099999999999999992,-0.025542174448924603,__MLAT_CSV_NULL_V1__,__MLAT_CSV_NULL_V1__,False,0.0094689497356584881
volatility_of_volatility_60,expansion,180,London,Validation,43612,244,-0.065458534703087351,-0.12028373106410666,-0.013123243728227974,0.02498750624687656,43615,16.29677008594517,17.074794100826587,16.792124242914706,16.652990351064048,14.709384549074727,0.39999999999999997,-0.1938466655538455,__MLAT_CSV_NULL_V1__,__MLAT_CSV_NULL_V1__,False,__MLAT_CSV_NULL_V1__
volatility_of_volatility_60,volatility,5,London,Development,113779,635,0.043981804681052894,0.027442543226150775,0.060479721889641326,0.00099950024987506244,113779,4.1147971448398133,4.1789880038896516,4.1950331324952739,4.2323297233614712,4.6324599569771685,0.99999999999999989,0.19692191524762595,__MLAT_CSV_NULL_V1__,0.041946342332509136,True,0.0029985007496251873
volatility_of_volatility_60,volatility,5,London,Validation,43612,244,0.053938075430334596,0.026948456561189185,0.080031689724808397,0.00099950024987506244,43615,3.9465561210771667,4.0158202693991889,4.0374340422015429,3.9899943638646795,4.4995340208905912,0.69999999999999996,0.25172391082001622,__MLAT_CSV_NULL_V1__,0.056253656253656262,True,__MLAT_CSV_NULL_V1__
volatility_of_volatility_60,volatility,15,London,Development,113779,635,0.046564423914327198,0.021184278595477172,0.071015671574045813,0.00099950024987506244,113779,7.4390668275670659,7.5457675769881565,7.5655784930631311,7.667151507120729,8.3449147823799663,0.99999999999999989,0.2386145747645646,__MLAT_CSV_NULL_V1__,0.043487415912138581,True,0.0029985007496251873
volatility_of_volatility_60,volatility,15,London,Validation,43612,244,0.065611223113944947,0.027960017532621426,0.10245281577060361,0.0019990004997501249,43615,7.1181457586897245,7.3508052438972191,7.2518682230263929,7.2303707997364937,8.0393390891553587,0.59999999999999998,0.3072818965643293,__MLAT_CSV_NULL_V1__,0.080881927989366012,True,__MLAT_CSV_NULL_V1__
volatility_of_volatility_60,volatility,30,London,Development,113779,635,0.037974387606404064,0.0075242286656923753,0.067337226856690496,0.012993503248375811,113779,10.575654304140963,10.724402868371504,10.797337326510965,10.948370851158664,11.842845310118607,0.99999999999999989,0.26002745750770351,__MLAT_CSV_NULL_V1__,__MLAT_CSV_NULL_V1__,False,0.02672949239665881
volatility_of_volatility_60,volatility,30,London,Validation,43612,244,0.040046359132733272,-0.006762638881290123,0.085808523880624363,0.09095452273863068,43615,10.188318222190579,10.513736755986391,10.354794379470396,10.288882396923849,11.31393622087352,0.59999999999999998,0.29888296674399772,__MLAT_CSV_NULL_V1__,__MLAT_CSV_NULL_V1__,False,__MLAT_CSV_NULL_V1__
volatility_of_volatility_60,volatility,60,London,Development,113779,635,0.022996381117838232,-0.01242932867624944,0.057193065834261064,0.20089955022488756,113779,15.003685101922319,15.021257915502837,15.133582167027086,15.373490132804612,16.571750799341636,0.99999999999999989,0.24075004192552307,__MLAT_CSV_NULL_V1__,__MLAT_CSV_NULL_V1__,False,0.30134932533733133
volatility_of_volatility_60,volatility,60,London,Validation,43612,244,-0.0077790913229674455,-0.061029455200799949,0.04733628671867364,0.7816091954022989,43615,14.538029269732606,14.780944654535539,14.700241098174869,14.508709917991307,15.592226384755623,0.29999999999999999,0.21792100494823552,__MLAT_CSV_NULL_V1__,__MLAT_CSV_NULL_V1__,False,__MLAT_CSV_NULL_V1__
volatility_of_volatility_60,volatility,120,London,Development,113779,635,-0.00042970352419017578,-0.035480249478522567,0.035546100012053716,0.98950524737631185,113779,21.168340312320616,21.142402618934103,21.095331188228528,21.460951408807993,23.0422355606532,0.59999999999999998,0.21183326717909548,__MLAT_CSV_NULL_V1__,__MLAT_CSV_NULL_V1__,False,0.98950524737631185
volatility_of_volatility_60,volatility,120,London,Validation,43612,244,-0.032700881080305097,-0.086616564828329676,0.023262530637880224,0.24987506246876562,43615,20.424897639870832,20.780330725572338,20.676188161564262,20.358213602394041,21.535043230228929,0.29999999999999999,0.18452735438436366,__MLAT_CSV_NULL_V1__,__MLAT_CSV_NULL_V1__,False,__MLAT_CSV_NULL_V1__
volatility_of_volatility_60,volatility,180,London,Development,113779,635,0.014638280447642399,-0.021323523235110713,0.049933317097666609,0.41979010494752622,113779,27.984063391565712,27.614530692959228,27.827578323691036,28.144185996624131,30.485186232958981,0.69999999999999996,0.20207843076511317,__MLAT_CSV_NULL_V1__,__MLAT_CSV_NULL_V1__,False,0.53973013493253374
volatility_of_volatility_60,volatility,180,London,Validation,43612,244,-0.030157656156357848,-0.087082638017527358,0.02201650925013527,0.29585207396301849,43615,26.230459460540064,27.122003259132352,26.956822548166009,27.033484446858917,27.82091894542771,0.69999999999999996,0.18860671360219283,__MLAT_CSV_NULL_V1__,__MLAT_CSV_NULL_V1__,False,__MLAT_CSV_NULL_V1__
volatility_of_volatility_60,path_risk,5,London,Development,113779,635,-0.003937564572136217,-0.016113602651050721,0.0076193429003645419,0.49575212393803098,113779,1.9523349496239788,1.9906200360215651,1.9752510008838553,1.9683779407553208,1.9283306375178535,0.39999999999999997,-0.020838189035692664,__MLAT_CSV_NULL_V1__,-0.0063821662605123538,True,0.63739558792032558
volatility_of_volatility_60,path_risk,5,London,Validation,43612,244,0.0011449209632239405,-0.016844000345272565,0.019074712791402642,0.9145427286356822,43615,1.9506183474402257,1.9866518741003678,2.0124509186011297,1.9511997737031133,1.9186684289930751,0.29999999999999999,-0.030872809881825537,__MLAT_CSV_NULL_V1__,-0.0037011572645932298,False,__MLAT_CSV_NULL_V1__
volatility_of_volatility_60,path_risk,15,London,Development,113779,635,-0.014155435798996465,-0.031898509585271177,0.0034394128201677499,0.13293353323338331,113779,3.387768100590673,3.4722564564613099,3.4364525159103794,3.4857281169968188,3.3493560531640241,0.099999999999999992,-0.020233323235716676,__MLAT_CSV_NULL_V1__,-0.026653219997118581,True,0.19940029985007493
volatility_of_volatility_60,path_risk,15,London,Validation,43612,244,-0.015805515055399157,-0.042954923374154012,0.012568194876755482,0.25987006496751625,43615,3.4569035831976898,3.5244483198572265,3.550100694788294,3.4169708090646203,3.3632140637198367,0.59999999999999998,-0.05299322988542874,__MLAT_CSV_NULL_V1__,-0.02466246677252017,True,__MLAT_CSV_NULL_V1__
volatility_of_volatility_60,path_risk,30,London,Development,113779,635,-0.026441656386609325,-0.050089696167746452,-0.0037664192987704212,0.028985507246376812,113779,4.725987288519331,4.8715733503686955,4.9284902825261572,4.9321591111573566,4.6810712438806918,0,-0.017323969548521553,__MLAT_CSV_NULL_V1__,__MLAT_CSV_NULL_V1__,False,0.050901378579003183
volatility_of_volatility_60,path_risk,30,London,Validation,43612,244,-0.045656361445083636,-0.084930630955063105,-0.0057535476621248327,0.017991004497751123,43615,4.9800545160460219,4.9519730956703478,5.0591226720156399,4.7739303617987829,4.7857475617875256,0.59999999999999998,-0.073088123645642017,__MLAT_CSV_NULL_V1__,__MLAT_CSV_NULL_V1__,False,__MLAT_CSV_NULL_V1__
volatility_of_volatility_60,path_risk,60,London,Development,113779,635,-0.040763113810041426,-0.068236098592888705,-0.012446574840187068,0.0059970014992503746,113779,6.6555106861691051,6.8044822360414372,6.9131139890894495,6.8501499867988205,6.5549642873315683,0.099999999999999992,-0.027602670163485287,__MLAT_CSV_NULL_V1__,__MLAT_CSV_NULL_V1__,False,0.011362739682790182
volatility_of_volatility_60,path_risk,60,London,Validation,43612,244,-0.064286169220943906,-0.10687712298734843,-0.020296681254013314,0.0039980009995002497,43615,7.1921423969145124,7.003402272300904,7.1964962807410178,6.8685939487891625,6.4290682181369503,0.69999999999999996,-0.19826639486900163,__MLAT_CSV_NULL_V1__,__MLAT_CSV_NULL_V1__,False,__MLAT_CSV_NULL_V1__
volatility_of_volatility_60,path_risk,120,London,Development,113779,635,-0.057852494815113585,-0.086788690258473314,-0.028544049710966631,0.00099950024987506244,113779,9.4518319038917298,9.5162163571783989,9.586710146542039,9.3876136294174568,9.1038421676217691,0.59999999999999998,-0.06706615313679147,__MLAT_CSV_NULL_V1__,__MLAT_CSV_NULL_V1__,False,0.0019449734592163377
volatility_of_volatility_60,path_risk,120,London,Validation,43612,244,-0.071479703527963942,-0.11788343854437409,-0.024168352155223987,0.0069965017491254375,43615,10.001904912537071,10.037519767310984,10.181876637773462,9.7052776536968608,8.8473823314133266,0.59999999999999998,-0.21172884838200809,__MLAT_CSV_NULL_V1__,__MLAT_CSV_NULL_V1__,False,__MLAT_CSV_NULL_V1__
volatility_of_volatility_60,path_risk,180,London,Development,113779,635,-0.038810070425461564,-0.070360014296509357,-0.0071563904481665389,0.016991504247876061,113779,12.716752512548554,12.679545871494692,12.956953257070399,12.635545029602172,12.372615559013999,0.69999999999999996,-0.042032526052322175,__MLAT_CSV_NULL_V1__,__MLAT_CSV_NULL_V1__,False,0.03136893091915581
volatility_of_volatility_60,path_risk,180,London,Validation,43612,244,-0.046532201617751727,-0.095767663032780628,0.0057044450207738165,0.073963018490754623,43615,12.883016757559533,13.462660674258363,13.461929416828154,13.185087323775297,11.492895164244739,0.39999999999999997,-0.18589092439787591,__MLAT_CSV_NULL_V1__,__MLAT_CSV_NULL_V1__,False,__MLAT_CSV_NULL_V1__
bollinger_zscore_20,direction,5,New York,Development,188860,638,-0.057262975730644761,-0.066409759334026611,-0.048695759769566846,0.00099950024987506244,188860,0.017522537914399207,0.0065686056602088224,0.0085908214374784478,-0.021347517228283892,-0.011908022325205797,0.79999999999999993,-0.016342941904348953,-0.13496904772559892,-0.054764310520743167,True,0.0029985007496251873
bollinger_zscore_20,direction,5,New York,Validation,72994,246,-0.048059443169245208,-0.061417814781224385,-0.034021814368986047,0.00099950024987506244,72994,0.0047817827096830069,-0.011104007876482195,-0.020584914168611277,-0.004887414442625076,-0.021828801693031807,0.69999999999999996,-0.015178780572011384,-0.10050851529423666,-0.039801634313608614,True,__MLAT_CSV_NULL_V1__
bollinger_zscore_20,direction,15,New York,Development,188860,638,-0.068767840290135149,-0.080392096122825163,-0.057083434437525907,0.00099950024987506244,188860,-0.012400925932409901,-0.013134720183027594,0.021077798228597646,-0.022669200798220501,0.030184614857885945,0.29999999999999999,0.013156168480555539,0.52612421690853228,-0.058450202495081642,True,0.0029985007496251873
bollinger_zscore_20,direction,15,New York,Validation,72994,246,-0.074317091712701219,-0.093132584251611361,-0.055724071364644967,0.00099950024987506244,72994,0.015705038163862383,-0.010885189951694187,-0.0064353210671958963,-0.07846358567501277,-0.02913124040092914,0.79999999999999993,-0.014406337048934525,-0.36730785375633501,-0.078409764854612291,True,__MLAT_CSV_NULL_V1__
bollinger_zscore_20,direction,30,New York,Development,188860,638,-0.081946790137176151,-0.09493665966072562,-0.068647990578367457,0.00099950024987506244,188860,-0.06996491368529105,-0.016808431916606106,0.015274901093172949,0.0079005308597051866,0.064806941896612305,0.8999999999999998,0.027706951055836353,1.3340892990421145,-0.021485806288623309,True,0.0029985007496251873
bollinger_zscore_20,direction,30,New York,Validation,72994,246,-0.09929630855179232,-0.12025643229444709,-0.078314997870539901,0.00099950024987506244,72994,-0.031873326938527138,0.03850199249302929,5.5211914670913307e-06,-0.11125916106265837,-0.036829931118382266,0.59999999999999998,-0.001063754791995558,-0.36297847419334583,-0.054290838112943468,True,__MLAT_CSV_NULL_V1__
bollinger_zscore_20,direction,60,New York,Development,188860,638,-0.12078892631203259,-0.13531158826178555,-0.10743120755549708,0.00099950024987506244,188860,-0.11493806167762569,-0.020457005620478023,0.025713999590777293,0.0405320478522921,0.043426780602169104,0.99999999999999989,0.021224053604274477,1.8301010214953481,__MLAT_CSV_NULL_V1__,False,0.0029985007496251873
bollinger_zscore_20,direction,60,New York,Validation,72994,246,-0.12966483054810193,-0.15209369624925348,-0.10830464350988209,0.00099950024987506244,72994,-0.052411391758423194,0.082156946734834771,0.057037472582759444,-0.14417184422429002,-0.061838619547789853,0.59999999999999998,-0.0013510092385718236,0.72917373279566822,__MLAT_CSV_NULL_V1__,False,__MLAT_CSV_NULL_V1__
bollinger_zscore_20,direction,120,New York,Development,188860,638,-0.17675174721792994,-0.19065723195400974,-0.16327829632686416,0.00099950024987506244,188860,-0.11463428303080057,-0.12933751253189146,0.03657648880666154,-0.019684801752456293,-0.032571329274097158,0.49999999999999994,0.0073271138325465201,1.2762628308526065,__MLAT_CSV_NULL_V1__,False,0.0029985007496251873
bollinger_zscore_20,direction,120,New York,Validation,72994,246,-0.16239414008076555,-0.18307154247506133,-0.14122761479398485,0.00099950024987506244,72994,-0.26098018124380534,-0.16975036472223509,-0.050790105914578158,-0.045846470614416296,0.088563137569552836,0.99999999999999989,0.033912073638804253,3.7240913641795772,__MLAT_CSV_NULL_V1__,False,__MLAT_CSV_NULL_V1__
bollinger_zscore_20,direction,180,New York,Development,188860,638,-0.21143854677818782,-0.22420051301463101,-0.19839280148519223,0.00099950024987506244,188860,-0.064367217964858003,-0.011055608240816285,0.029600955542976135,-0.099981755737998279,-0.11635799886956642,0.59999999999999998,-0.0037983448515053193,0.62482990310066477,__MLAT_CSV_NULL_V1__,False,0.0029985007496251873
bollinger_zscore_20,direction,180,New York,Validation,72994,246,-0.19901660773370067,-0.21989436985211969,-0.17826407146523054,0.00099950024987506244,72994,-0.14665313243493577,-0.0040095801564978975,0.12392561915528456,0.074844101010952915,0.17242367209231388,0.8999999999999998,0.025123076423602737,3.6556306380523349,__MLAT_CSV_NULL_V1__,False,__MLAT_CSV_NULL_V1__
bollinger_zscore_20,expansion,5,New York,Development,188860,638,-0.046118344352539635,-0.055746951454049128,-0.036751849380009596,0.00099950024987506244,188860,2.7016661766669019,2.4336272699933987,2.368633982441994,2.3569200653158973,2.5480063184631643,0.39999999999999997,-0.10222532374371165,__MLAT_CSV_NULL_V1__,-0.046886117498833452,True,0.0015311493189575423
bollinger_zscore_20,expansion,5,New York,Validation,72994,246,-0.060284451169888627,-0.077436875813985853,-0.043685305001676597,0.00099950024987506244,72994,2.6822034238867465,2.4478262456558832,2.3607679466653595,2.3601118577053382,2.5289514141641889,0.39999999999999997,-0.1058098281816878,__MLAT_CSV_NULL_V1__,-0.056794621871593461,True,__MLAT_CSV_NULL_V1__
bollinger_zscore_20,expansion,15,New York,Development,188860,638,-0.033434694815373978,-0.045493376990206912,-0.02144781989354232,0.00099950024987506244,188860,4.7497648645187525,4.4310488218140645,4.3498704094235352,4.3170265118569864,4.5946871963236697,0.39999999999999997,-0.055459973085835931,__MLAT_CSV_NULL_V1__,-0.038101500937858093,True,0.0015311493189575423
bollinger_zscore_20,expansion,15,New York,Validation,72994,246,-0.053742888890223529,-0.074888632502028638,-0.033000029244219492,0.00099950024987506244,72994,4.7386293566902618,4.427448160080762,4.3324975253806999,4.3247423952139847,4.5438449567416992,0.39999999999999997,-0.073218023841492716,__MLAT_CSV_NULL_V1__,-0.046574221565726499,True,__MLAT_CSV_NULL_V1__
bollinger_zscore_20,expansion,30,New York,Development,188860,638,-0.016959916712638703,-0.029986064963052228,-0.0037543216210361384,0.012993503248375811,188860,6.8718323220488955,6.4873462225109568,6.4354423743681952,6.38879534013497,6.8418797739774355,0.39999999999999997,-0.0066337943299697262,__MLAT_CSV_NULL_V1__,-0.014444150934675831,True,0.019092494569042009
bollinger_zscore_20,expansion,30,New York,Validation,72994,246,-0.039557585097166191,-0.06215186545523671,-0.017124235659175261,0.0019990004997501249,72994,6.9045655622540609,6.4952769486587512,6.3484472379884007,6.4135719558694344,6.7220357309167369,0.29999999999999999,-0.043110271337153623,__MLAT_CSV_NULL_V1__,-0.029738058551617867,True,__MLAT_CSV_NULL_V1__
bollinger_zscore_20,expansion,60,New York,Development,188860,638,-0.010679367175762658,-0.023173424924551322,0.0019064028264530457,0.10994502748625687,188860,10.099511503757375,9.7552831796663746,9.7963741877886772,9.7577066881333803,10.203238352005757,0.29999999999999999,0.014206793012047206,__MLAT_CSV_NULL_V1__,__MLAT_CSV_NULL_V1__,False,0.14659336998167583
bollinger_zscore_20,expansion,60,New York,Validation,72994,246,-0.015056653830451254,-0.038870951822854709,0.0063027919060326685,0.17691154422788605,72994,10.22119113573439,9.661248042513412,9.6693867745231756,9.7115565070297336,10.008918206282944,0,-0.030724786527782953,__MLAT_CSV_NULL_V1__,__MLAT_CSV_NULL_V1__,False,__MLAT_CSV_NULL_V1__
bollinger_zscore_20,expansion,120,New York,Development,188860,638,-0.010886703996632342,-0.025403589544986397,0.0034568757131186781,0.12393803098450774,188860,14.690129174790201,14.218836688928057,14.436748982014764,14.278566806329684,14.979498215592923,0.29999999999999999,0.025696841939784061,__MLAT_CSV_NULL_V1__,__MLAT_CSV_NULL_V1__,False,0.16224614965244652
bollinger_zscore_20,expansion,120,New York,Validation,72994,246,-0.0084805796368468602,-0.03003594208153167,0.015243922143620576,0.47676161919040477,72994,14.791137246666331,14.2960405419214,14.301365561514606,14.308558731969386,14.654874471947609,0,-0.01293418838935201,__MLAT_CSV_NULL_V1__,__MLAT_CSV_NULL_V1__,False,__MLAT_CSV_NULL_V1__
bollinger_zscore_20,expansion,180,New York,Development,188860,638,-0.011025617780116327,-0.02694668136667127,0.0051223406187257178,0.17091454272863568,188860,17.618361419400987,17.166546725432013,17.429223260969955,17.170396715613769,18.027863424408402,0.29999999999999999,0.029090884299149685,__MLAT_CSV_NULL_V1__,__MLAT_CSV_NULL_V1__,False,0.21974726922253157
bollinger_zscore_20,expansion,180,New York,Validation,72994,246,-0.0073748354098737597,-0.030131518498757909,0.015149455795590129,0.53873063468265869,72994,17.816812982563636,17.263648604142489,17.261605163741848,17.28106693535852,17.494510485742232,0.099999999999999992,-0.024689916315675148,__MLAT_CSV_NULL_V1__,__MLAT_CSV_NULL_V1__,False,__MLAT_CSV_NULL_V1__
bollinger_zscore_20,volatility,5,New York,Development,188860,638,-0.050182968034661692,-0.062306066037904728,-0.03833567887661702,0.00099950024987506244,188860,7.3397753867038009,6.7277333956906151,6.453311438754274,6.4052271806243244,6.7336944606817637,0.39999999999999997,-0.12322179904127853,__MLAT_CSV_NULL_V1__,-0.052362467875412912,True,0.0014392803598200898
bollinger_zscore_20,volatility,5,New York,Validation,72994,246,-0.061798833244175108,-0.081109004204075588,-0.041805215883466376,0.00099950024987506244,72994,7.4827128789855433,6.8778074708682073,6.4089234870290497,6.370588050493974,6.6637271762288366,0.69999999999999996,-0.16785459827704213,__MLAT_CSV_NULL_V1__,-0.067933013491304012,True,__MLAT_CSV_NULL_V1__
bollinger_zscore_20,volatility,15,New York,Development,188860,638,-0.050219405003275687,-0.065464445168433152,-0.0350444146861425,0.00099950024987506244,188860,13.120036333469177,12.331762333598489,11.907552304430645,11.896189209809261,12.281637472354113,0.69999999999999996,-0.11490678039849381,__MLAT_CSV_NULL_V1__,-0.055079588113789865,True,0.0014392803598200898
bollinger_zscore_20,volatility,15,New York,Validation,72994,246,-0.059982236225089677,-0.084996014576072185,-0.035066861473041604,0.00099950024987506244,72994,13.355546448249861,12.486213081240042,11.872534994446973,11.789943191219939,12.171067771825765,0.69999999999999996,-0.16392391518163088,__MLAT_CSV_NULL_V1__,-0.077689852538829346,True,__MLAT_CSV_NULL_V1__
bollinger_zscore_20,volatility,30,New York,Development,188860,638,-0.043327380376029116,-0.059070520871719941,-0.028215836486780072,0.00099950024987506244,188860,18.703197319981182,17.788448836110728,17.300548850404105,17.313809350273832,17.916875653475369,0.29999999999999999,-0.081752357312914178,__MLAT_CSV_NULL_V1__,-0.048543880362062176,True,0.0014392803598200898
bollinger_zscore_20,volatility,30,New York,Validation,72994,246,-0.041836087528187585,-0.066574761558360923,-0.016617126448100095,0.0029985007496251873,72994,18.967058652789586,17.986866260633192,17.291301983722384,17.30891494194957,17.781750126025887,0.59999999999999998,-0.12701808392564043,__MLAT_CSV_NULL_V1__,-0.057318952234206473,True,__MLAT_CSV_NULL_V1__
bollinger_zscore_20,volatility,60,New York,Development,188860,638,-0.035405657535607135,-0.050250854238330735,-0.019896192802862908,0.00099950024987506244,188860,26.462795790602684,25.637137812193444,25.209160812191993,25.311590179095241,25.788859905981791,0.29999999999999999,-0.055171161696128346,__MLAT_CSV_NULL_V1__,__MLAT_CSV_NULL_V1__,False,0.0014392803598200898
bollinger_zscore_20,volatility,60,New York,Validation,72994,246,-0.021362634296678736,-0.046096590375644592,0.0053413329697895567,0.11294352823588207,72994,27.02102737803283,25.853886695812964,25.428450219727697,25.327061458367218,25.791273458715047,0.69999999999999996,-0.10308543435209759,__MLAT_CSV_NULL_V1__,__MLAT_CSV_NULL_V1__,False,__MLAT_CSV_NULL_V1__
bollinger_zscore_20,volatility,120,New York,Development,188860,638,-0.018918213127639322,-0.033849224140798398,-0.0035272952984544146,0.014992503748125937,188860,36.625332636769386,35.720753517505557,35.362225153047014,35.504484902301876,36.213844042295584,0.29999999999999999,-0.026724240943048625,__MLAT_CSV_NULL_V1__,__MLAT_CSV_NULL_V1__,False,0.019626550361183045
bollinger_zscore_20,volatility,120,New York,Validation,72994,246,-0.011983167284932454,-0.035842453052769674,0.013212002214042239,0.32383808095952021,72994,37.881394163719655,36.701771325958774,36.152027275958616,36.001942742912924,36.549639976059176,0.69999999999999996,-0.090033506404745209,__MLAT_CSV_NULL_V1__,__MLAT_CSV_NULL_V1__,False,__MLAT_CSV_NULL_V1__
bollinger_zscore_20,volatility,180,New York,Development,188860,638,-0.011089183981328871,-0.025697227045600422,0.0032921368307950996,0.12993503248375812,188860,42.795215870540993,41.943788993352626,41.706730378935951,41.731612203427474,42.55128884788887,0.29999999999999999,-0.01399323540881147,__MLAT_CSV_NULL_V1__,__MLAT_CSV_NULL_V1__,False,0.15336593998082926
bollinger_zscore_20,volatility,180,New York,Validation,72994,246,0.00055855761498080987,-0.023563785107450299,0.023595420283544621,0.98650674662668669,72994,44.562225150687354,43.377628615850711,42.829266535964209,42.712334074065751,43.150293525932533,0.69999999999999996,-0.084857388357518812,__MLAT_CSV_NULL_V1__,__MLAT_CSV_NULL_V1__,False,__MLAT_CSV_NULL_V1__
bollinger_zscore_20,path_risk,5,New York,Development,188860,638,-0.038661976996683736,-0.047024998322059086,-0.029996754478550724,0.00099950024987506244,188860,2.1641316062504172,1.957831721339006,1.8977449456743991,1.8896491934596789,2.0431451043149775,0.39999999999999997,-0.085415976777347011,__MLAT_CSV_NULL_V1__,-0.038912288626105088,True,0.0015311493189575423
bollinger_zscore_20,path_risk,5,New York,Validation,72994,246,-0.049986897193889969,-0.065019087294760039,-0.033814032784019357,0.00099950024987506244,72994,2.1352717289780663,1.9604479370590717,1.8859006903132853,1.8841270866148498,2.0069930264365805,0.39999999999999997,-0.097357978959070765,__MLAT_CSV_NULL_V1__,-0.04681662088861422,True,__MLAT_CSV_NULL_V1__
bollinger_zscore_20,path_risk,15,New York,Development,188860,638,-0.027746131799226283,-0.039457463761039889,-0.015971142184874471,0.00099950024987506244,188860,3.7711781478566295,3.5324374964775824,3.4712084634373408,3.4312186522365802,3.6513113886334478,0.39999999999999997,-0.046987394191235501,__MLAT_CSV_NULL_V1__,-0.028164394659523643,True,0.0015311493189575423
bollinger_zscore_20,path_risk,15,New York,Validation,72994,246,-0.041599654099355225,-0.061196282708148662,-0.022469605001625214,0.00099950024987506244,72994,3.7513323240428451,3.4982940795383741,3.4411056585553914,3.4270285437825989,3.5946727838361721,0.39999999999999997,-0.065352989702295958,__MLAT_CSV_NULL_V1__,-0.03278252549973807,True,__MLAT_CSV_NULL_V1__
bollinger_zscore_20,path_risk,30,New York,Development,188860,638,-0.011924706916529949,-0.025109002841412178,0.0015159504313244467,0.080959520239880053,188860,5.4254214881157861,5.1550273081358622,5.1219369089617919,5.0782160611360787,5.4357178982419549,0,0.0025492996100504061,__MLAT_CSV_NULL_V1__,-0.0030696576151121582,True,0.11209779725521854
bollinger_zscore_20,path_risk,30,New York,Validation,72994,246,-0.031322309072654604,-0.052607002034853773,-0.011037706301530533,0.0029985007496251873,72994,5.444479002921665,5.122367350070391,5.0122388754268101,5.056106575605817,5.2972497223931834,0.29999999999999999,-0.039492379523502034,__MLAT_CSV_NULL_V1__,-0.013353877760657424,True,__MLAT_CSV_NULL_V1__
bollinger_zscore_20,path_risk,60,New York,Development,188860,638,-0.0024585052284439432,-0.015092512872992368,0.011349342261140649,0.73063468265867071,188860,7.9464920448746348,7.7386981503015404,7.8022839321186863,7.7898073650309438,8.1374117881618382,0.29999999999999999,0.029717923180277737,__MLAT_CSV_NULL_V1__,__MLAT_CSV_NULL_V1__,False,0.8219640179910046
bollinger_zscore_20,path_risk,60,New York,Validation,72994,246,-0.012334631173564418,-0.03468848259946699,0.010789385726745445,0.30884557721139433,72994,8.0261624200019721,7.5545609586007769,7.5655804035113672,7.6398267070511547,7.857943853351216,0,-0.028315373296901737,__MLAT_CSV_NULL_V1__,__MLAT_CSV_NULL_V1__,False,__MLAT_CSV_NULL_V1__
bollinger_zscore_20,path_risk,120,New York,Development,188860,638,-0.0016216565200722025,-0.016807345158013565,0.013599764638136606,0.84057971014492749,188860,11.560396060680997,11.234627036481157,11.458317613937339,11.351005969351258,11.907773929889897,0.29999999999999999,0.035376700692105426,__MLAT_CSV_NULL_V1__,__MLAT_CSV_NULL_V1__,False,0.87693296209038341
bollinger_zscore_20,path_risk,120,New York,Validation,72994,246,-0.0076553229425618168,-0.029904007082146015,0.016130698799215842,0.54572713643178405,72994,11.531720283750548,11.090025295020185,11.133474909219098,11.218474910579763,11.419278575285471,0,-0.012726754585005029,__MLAT_CSV_NULL_V1__,__MLAT_CSV_NULL_V1__,False,__MLAT_CSV_NULL_V1__
bollinger_zscore_20,path_risk,180,New York,Development,188860,638,-0.00040193855710861246,-0.017567198542778054,0.017394993059304763,0.94452773613193408,188860,13.872776965147141,13.533290506272516,13.793678833783224,13.587779109510667,14.254495904041571,0.29999999999999999,0.031341439289121156,__MLAT_CSV_NULL_V1__,__MLAT_CSV_NULL_V1__,False,0.95783094368308808
bollinger_zscore_20,path_risk,180,New York,Validation,72994,246,-0.0026350959821469211,-0.0283886787969071,0.022347924745067336,0.84357821089455276,72994,13.846413863175352,13.405109824244475,13.430011946442439,13.558113337679135,13.702209349769694,0,-0.013227072398810574,__MLAT_CSV_NULL_V1__,__MLAT_CSV_NULL_V1__,False,__MLAT_CSV_NULL_V1__
bollinger_bandwidth_20,direction,5,New York,Development,188860,638,0.0055629486747769373,-0.0039544398844478662,0.014938707655539845,0.26886556721639182,188860,0.0098146448632373123,-0.021076412878046284,-0.016057481671991624,0.0072225379767257162,0.019738281287458449,0.39999999999999997,0.0057734967807068624,0.14889511727164423,0.0066449446994654004,True,0.4677661169415292
bollinger_bandwidth_20,direction,5,New York,Validation,72994,246,0.0089529194273736158,-0.0062951058982264191,0.023678484484356912,0.25987006496751625,72994,-0.045767116670397179,-0.0074135369138745386,0.0085526313422782975,0.0067590023732312801,-0.019994892351363258,0.29999999999999999,0.014990420881752177,-0.3024348460438615,0.0090213905235850943,True,__MLAT_CSV_NULL_V1__
bollinger_bandwidth_20,direction,15,New York,Development,188860,638,0.0043772405125987787,-0.01089689486581445,0.019133230838401915,0.55672163918040984,188860,0.052375333627083583,-0.037921043169541604,-0.041056511163813383,-0.021191389382478769,0.052894989304217523,0.29999999999999999,0.00016338813782588248,0.40249440875576359,0.005186083380034073,True,0.71578496466052688
bollinger_bandwidth_20,direction,15,New York,Validation,72994,246,0.0057946786570707556,-0.017150918263035636,0.030044258480526637,0.61369315342328834,72994,-0.055592120143251773,0.012185063295182074,-0.01149930065437837,0.022057370273682934,-0.079626595813447928,0.099999999999999992,-0.0076914013502915437,-1.6404344296587721,0.0081493675683691792,True,__MLAT_CSV_NULL_V1__
bollinger_bandwidth_20,direction,30,New York,Development,188860,638,0.00018456152017315623,-0.018519317850557718,0.018636081137276741,0.9735132433783108,188860,0.09694499592349963,0.020113107099080558,-0.10563105498140124,-0.087255441613827325,0.081520135571754707,0.29999999999999999,-0.0031057347896058848,0.65509597842191547,0.011193608953981141,True,0.9735132433783108
bollinger_bandwidth_20,direction,30,New York,Validation,72994,246,-0.0042228332455787054,-0.034411680422444225,0.025840230058699867,0.79360319840079963,72994,0.066697252608089161,-0.033774877462556904,0.07282806425562055,-0.0062554158588269222,-0.23040179536067301,0.49999999999999994,-0.062620485609091434,-4.9767647002106354,0.007047528107280843,False,__MLAT_CSV_NULL_V1__
bollinger_bandwidth_20,direction,60,New York,Development,188860,638,0.0096518404365328672,-0.013658890673070254,0.033001748687433344,0.46476761619190404,188860,0.051232954168108871,0.013642141847364559,-0.14607963945440061,-0.083209116067312822,0.14106751273872079,0.099999999999999992,0.010999359504554522,1.133512271260025,__MLAT_CSV_NULL_V1__,False,0.62901882392137265
bollinger_bandwidth_20,direction,60,New York,Validation,72994,246,-0.0083388404620091533,-0.046282802681755553,0.031105803433126331,0.67666166916541726,72994,0.28489920609978858,-0.10435450642343948,0.049026711546295468,-0.048012832816289569,-0.26730570300481965,0.69999999999999996,-0.070839596417871076,-7.4232070515977613,__MLAT_CSV_NULL_V1__,False,__MLAT_CSV_NULL_V1__
bollinger_bandwidth_20,direction,120,New York,Development,188860,638,0.012031998185721733,-0.014435932524752377,0.039209717753896138,0.42178910544727638,188860,0.096739541022110992,0.0059846903729131829,-0.18140419217772086,-0.20965154037028136,0.035735513112199031,0.39999999999999997,-0.0047568998360241616,0.20052311688155067,__MLAT_CSV_NULL_V1__,False,0.59546697239615487
bollinger_bandwidth_20,direction,120,New York,Validation,72994,246,-0.0038789746839133651,-0.050379174198016234,0.042805543958505797,0.8615692153923038,72994,0.30696286365352954,-0.081970719747649537,-0.19775256847882719,-0.19051930030183992,-0.22555418295902985,0.8999999999999998,-0.043485148022930895,-7.9673793091937206,__MLAT_CSV_NULL_V1__,False,__MLAT_CSV_NULL_V1__
bollinger_bandwidth_20,direction,180,New York,Development,188860,638,0.031858781294017376,0.0043443090106260228,0.060463978354587063,0.023988005997001498,188860,0.028365921195940322,0.0046029334386455479,-0.12527186725447467,-0.19763425633387852,0.031401913765407782,0,0.00019420973038198361,0.70028929900839398,__MLAT_CSV_NULL_V1__,False,0.057571214392803591
bollinger_bandwidth_20,direction,180,New York,Validation,72994,246,-0.00048990798472444601,-0.052200629933580017,0.049602949932047738,0.96751624187906049,72994,0.76688514674766695,0.18580527454235413,-0.31021081043072518,-0.22886687756194457,-0.10418509743589949,0.59999999999999998,-0.058389396000005707,-7.9292575031049619,__MLAT_CSV_NULL_V1__,False,__MLAT_CSV_NULL_V1__
bollinger_bandwidth_20,expansion,5,New York,Development,188860,638,-0.16113584875161979,-0.16908891703316523,-0.15345041736897877,0.00099950024987506244,188860,2.7528564635515336,2.5563660118215887,2.4607150589040026,2.3955604178362386,2.2572935313799172,0.99999999999999989,-0.36438394395898299,__MLAT_CSV_NULL_V1__,-0.16812810378722132,True,0.0015311493189575423
bollinger_bandwidth_20,expansion,5,New York,Validation,72994,246,-0.14844522181100511,-0.15956304349200851,-0.13697824815206308,0.00099950024987506244,72994,2.7488059679362431,2.5296733009474313,2.4888902385755309,2.3750364726772357,2.2786926999850294,0.99999999999999989,-0.32480340040240357,__MLAT_CSV_NULL_V1__,-0.15495969319320385,True,__MLAT_CSV_NULL_V1__
bollinger_bandwidth_20,expansion,15,New York,Development,188860,638,-0.24676524549875203,-0.25808299288358338,-0.23639526926404819,0.00099950024987506244,188860,5.2580162709523588,4.6944780109446453,4.4388160314163398,4.2190844098817362,3.8708852927591151,0.99999999999999989,-0.50969709819551068,__MLAT_CSV_NULL_V1__,-0.26180353183259786,True,0.0015311493189575423
bollinger_bandwidth_20,expansion,15,New York,Validation,72994,246,-0.23612064840636587,-0.25402367234691781,-0.21815338595408498,0.00099950024987506244,72994,5.2245578475841228,4.6281347261689785,4.5172620106554398,4.2043180439377554,3.8954474649865714,0.99999999999999989,-0.48323225084149801,__MLAT_CSV_NULL_V1__,-0.24767747491167408,True,__MLAT_CSV_NULL_V1__
bollinger_bandwidth_20,expansion,30,New York,Development,188860,638,-0.32753366413569251,-0.33977060382243446,-0.31444728386272014,0.00099950024987506244,188860,8.3226496093633866,6.9973500895905403,6.4586633070248887,6.0076118146196373,5.3248393815141686,0.99999999999999989,-0.66048004097327684,__MLAT_CSV_NULL_V1__,-0.32258152000168627,True,0.0015311493189575423
bollinger_bandwidth_20,expansion,30,New York,Validation,72994,246,-0.31654522988959555,-0.33680608273295909,-0.29550481426731234,0.00099950024987506244,72994,8.1595588658589886,7.0283196292061492,6.5206758622970415,5.96702827501848,5.4196998773211611,0.99999999999999989,-0.62810990229407104,__MLAT_CSV_NULL_V1__,-0.30513610683102205,True,__MLAT_CSV_NULL_V1__
bollinger_bandwidth_20,expansion,60,New York,Development,188860,638,-0.42017193118849622,-0.43401376032038247,-0.40638283249660012,0.00099950024987506244,188860,14.157726093034567,10.602351669993833,9.3370811467489467,8.4564298067953505,7.2658848505285212,0.99999999999999989,-0.85866660902869085,__MLAT_CSV_NULL_V1__,__MLAT_CSV_NULL_V1__,False,0.0015311493189575423
bollinger_bandwidth_20,expansion,60,New York,Validation,72994,246,-0.42500033142413712,-0.4467117575352465,-0.40182165777014489,0.00099950024987506244,72994,13.860793652410115,10.726571066911486,9.3899247613993477,8.4953442917169291,7.3096691355676757,0.99999999999999989,-0.8498138739386778,__MLAT_CSV_NULL_V1__,__MLAT_CSV_NULL_V1__,False,__MLAT_CSV_NULL_V1__
bollinger_bandwidth_20,expansion,120,New York,Development,188860,638,-0.50619579612502674,-0.52026424823150696,-0.49149566546643841,0.00099950024987506244,188860,23.076785619523626,15.699933562722149,13.180019176781531,11.467207752543475,9.5959863045236471,0.99999999999999989,-1.1083660556403712,__MLAT_CSV_NULL_V1__,__MLAT_CSV_NULL_V1__,False,0.0015311493189575423
bollinger_bandwidth_20,expansion,120,New York,Validation,72994,246,-0.51569927430744378,-0.54005713004701439,-0.4889896906060372,0.00099950024987506244,72994,22.689145122857425,15.874706334700974,13.499342974396905,11.640621585469592,9.6734294380999462,0.99999999999999989,-1.0977829905977392,__MLAT_CSV_NULL_V1__,__MLAT_CSV_NULL_V1__,False,__MLAT_CSV_NULL_V1__
bollinger_bandwidth_20,expansion,180,New York,Development,188860,638,-0.54679030533209472,-0.56075709419081476,-0.53276912743020077,0.00099950024987506244,188860,28.958365912410507,19.304213492623447,15.705355825876435,13.204318330923401,10.799739986404385,0.99999999999999989,-1.242285419404038,__MLAT_CSV_NULL_V1__,__MLAT_CSV_NULL_V1__,False,0.0015311493189575423
bollinger_bandwidth_20,expansion,180,New York,Validation,72994,246,-0.55703077625325215,-0.58193087875657512,-0.53087531655023179,0.00099950024987506244,72994,28.381487066612273,19.575685906242271,16.108733274838741,13.503196839586375,10.911675570559927,0.99999999999999989,-1.2755421958792348,__MLAT_CSV_NULL_V1__,__MLAT_CSV_NULL_V1__,False,__MLAT_CSV_NULL_V1__
bollinger_bandwidth_20,volatility,5,New York,Development,188860,638,0.36305597624521557,0.34841958415447416,0.378135554609698,0.00099950024987506244,188860,4.2482385080599627,5.5555825638928535,6.482681520463685,7.5225694746717702,9.7219477117747175,0.99999999999999989,1.234840092347719,__MLAT_CSV_NULL_V1__,0.36061203112065121,True,0.0014392803598200898
bollinger_bandwidth_20,volatility,5,New York,Validation,72994,246,0.39495986568784636,0.37419660122972948,0.41716200058347569,0.00099950024987506244,72994,4.2407344063783246,5.4169170207092847,6.4346802389609525,7.3954478336612981,10.012681127594576,0.99999999999999989,1.3139269442021755,__MLAT_CSV_NULL_V1__,0.39413459550572011,True,__MLAT_CSV_NULL_V1__
bollinger_bandwidth_20,volatility,15,New York,Development,188860,638,0.38596686705657396,0.36863261554173704,0.40223929404838038,0.00099950024987506244,188860,8.2983934776465276,10.397683809056193,11.918969649822415,13.608200105441576,17.105944346569295,0.99999999999999989,1.3234058740930066,__MLAT_CSV_NULL_V1__,0.38241493182713465,True,0.0014392803598200898
bollinger_bandwidth_20,volatility,15,New York,Validation,72994,246,0.43724044982246363,0.41275828608668558,0.45990366447020348,0.00099950024987506244,72994,8.1776170545760731,10.099395809984067,11.880515545841503,13.441321238069362,17.57098850011144,0.99999999999999989,1.4187169219760212,__MLAT_CSV_NULL_V1__,0.43088741805988645,True,__MLAT_CSV_NULL_V1__
bollinger_bandwidth_20,volatility,30,New York,Development,188860,638,0.32845775622087514,0.31148005740718904,0.34622798216674749,0.00099950024987506244,188860,12.931849125939509,15.403577923459657,17.304837026936081,19.403775212121754,23.725640830064062,0.99999999999999989,1.2141693399108322,__MLAT_CSV_NULL_V1__,0.3536796536796537,True,0.0014392803598200898
bollinger_bandwidth_20,volatility,30,New York,Validation,72994,246,0.39202282485806605,0.36710187934413013,0.4163355278336453,0.00099950024987506244,72994,12.70877072114992,15.104686370469707,17.243166325076434,19.181913910276972,24.471027443835272,0.99999999999999989,1.3134074063203076,__MLAT_CSV_NULL_V1__,0.40580380071905486,True,__MLAT_CSV_NULL_V1__
bollinger_bandwidth_20,volatility,60,New York,Development,188860,638,0.19552318990475245,0.17833522792355919,0.21259030704191506,0.00099950024987506244,188860,21.005103865171755,22.816893803832464,24.679356662229413,27.231479624788953,32.427554976514571,0.99999999999999989,0.93642423672742947,__MLAT_CSV_NULL_V1__,__MLAT_CSV_NULL_V1__,False,0.0014392803598200898
bollinger_bandwidth_20,volatility,60,New York,Validation,72994,246,0.25110757724391669,0.22354194228716115,0.27764547878222073,0.00099950024987506244,72994,20.764429846496807,22.769673258914629,24.851021547908072,27.19454945965024,33.217091259965947,0.99999999999999989,1.0323777509434968,__MLAT_CSV_NULL_V1__,__MLAT_CSV_NULL_V1__,False,__MLAT_CSV_NULL_V1__
bollinger_bandwidth_20,volatility,120,New York,Development,188860,638,0.010188805617363053,-0.0071733568130798141,0.027054176131053771,0.24387806096951525,188860,32.986667073823796,32.935265426192771,34.204242585399179,36.565933151535106,42.568027710333588,0.8999999999999998,0.58971946857193847,__MLAT_CSV_NULL_V1__,__MLAT_CSV_NULL_V1__,False,0.27871778396516028
bollinger_bandwidth_20,volatility,120,New York,Validation,72994,246,0.033356938759865389,0.0047768789264458151,0.062450445770707942,0.02498750624687656,72994,33.439205647934472,33.620424062925892,35.256953229087436,37.082350406303178,43.496752655887249,0.99999999999999989,0.64355466525752536,__MLAT_CSV_NULL_V1__,__MLAT_CSV_NULL_V1__,False,__MLAT_CSV_NULL_V1__
bollinger_bandwidth_20,volatility,180,New York,Development,188860,638,-0.14908875724018003,-0.16462709142133497,-0.13399462568405993,0.00099950024987506244,188860,41.028235900697972,39.681273251665402,40.124705853361782,41.92287842294494,47.89285433140369,0.69999999999999996,0.36793047314378685,__MLAT_CSV_NULL_V1__,__MLAT_CSV_NULL_V1__,False,0.0014392803598200898
bollinger_bandwidth_20,volatility,180,New York,Validation,72994,246,-0.14874193906355523,-0.17571322373010775,-0.12321498530969255,0.00099950024987506244,72994,42.034684601283224,41.020752674242111,41.560300771999358,42.753262494724709,49.112385128845069,0.69999999999999996,0.40429949457741587,__MLAT_CSV_NULL_V1__,__MLAT_CSV_NULL_V1__,False,__MLAT_CSV_NULL_V1__
bollinger_bandwidth_20,path_risk,5,New York,Development,188860,638,-0.14392415946142584,-0.15087775440064369,-0.1365269175139551,0.00099950024987506244,188860,2.225539076201855,2.0472256939210864,1.9745687635926161,1.9159941507740876,1.8011670988766022,0.99999999999999989,-0.32514140677151365,__MLAT_CSV_NULL_V1__,-0.14912552060290671,True,0.0015311493189575423
bollinger_bandwidth_20,path_risk,5,New York,Validation,72994,246,-0.13310657547246293,-0.14431677114394276,-0.12155170308167332,0.00099950024987506244,72994,2.210324048560953,2.0155068742990907,1.9843154933303955,1.8874036372047704,1.8097627740327076,0.99999999999999989,-0.3061266905479032,__MLAT_CSV_NULL_V1__,-0.14196071366247662,True,__MLAT_CSV_NULL_V1__
bollinger_bandwidth_20,path_risk,15,New York,Development,188860,638,-0.21003109220326149,-0.22072801550250126,-0.19950015682695746,0.00099950024987506244,188860,4.1875733278642073,3.7168685854446104,3.5428687306455746,3.3557886915143533,3.0852157467294412,0.99999999999999989,-0.43951551559142643,__MLAT_CSV_NULL_V1__,-0.22360378878860543,True,0.0015311493189575423
bollinger_bandwidth_20,path_risk,15,New York,Validation,72994,246,-0.20447341749380882,-0.22262094869665472,-0.18624391689754211,0.00099950024987506244,72994,4.1409199488978228,3.6627100548900016,3.5780605724603824,3.3304438448142752,3.0817588055666985,0.99999999999999989,-0.43438774785890261,__MLAT_CSV_NULL_V1__,-0.20909735618346087,True,__MLAT_CSV_NULL_V1__
bollinger_bandwidth_20,path_risk,30,New York,Development,188860,638,-0.28307374689702824,-0.29657703428983512,-0.26977726680562497,0.00099950024987506244,188860,6.6008585050736146,5.5272719284740317,5.1417718157493821,4.7808811851935049,4.2331794864631984,0.99999999999999989,-0.58351686416102899,__MLAT_CSV_NULL_V1__,-0.26505312868949227,True,0.0015311493189575423
bollinger_bandwidth_20,path_risk,30,New York,Validation,72994,246,-0.27370824041865938,-0.29434064787651693,-0.2531277701705103,0.00099950024987506244,72994,6.4329951459617956,5.5324461507654208,5.1247126706377388,4.7288889664931402,4.2794511011895011,0.99999999999999989,-0.56238156706544862,__MLAT_CSV_NULL_V1__,-0.24961479198767333,True,__MLAT_CSV_NULL_V1__
bollinger_bandwidth_20,path_risk,60,New York,Development,188860,638,-0.37528625916025554,-0.3892688554814962,-0.36095107740189458,0.00099950024987506244,188860,11.247439410148639,8.3855085339741038,7.4484526024786222,6.7190300803620948,5.7788026882487902,0.99999999999999989,-0.78313658505647044,__MLAT_CSV_NULL_V1__,__MLAT_CSV_NULL_V1__,False,0.0015311493189575423
bollinger_bandwidth_20,path_risk,60,New York,Validation,72994,246,-0.37242987280197193,-0.39725263371656927,-0.34946670038492045,0.00099950024987506244,72994,10.796207131174809,8.384914435889284,7.3726187261608329,6.7059837876231745,5.7755114885720067,0.99999999999999989,-0.7656727619537701,__MLAT_CSV_NULL_V1__,__MLAT_CSV_NULL_V1__,False,__MLAT_CSV_NULL_V1__
bollinger_bandwidth_20,path_risk,120,New York,Development,188860,638,-0.46406768320897274,-0.47960759736491665,-0.44925405264714813,0.00099950024987506244,188860,18.247953686757356,12.400616399975576,10.466865895675635,9.0726411103644011,7.6519941511605056,0.99999999999999989,-0.99155090740513618,__MLAT_CSV_NULL_V1__,__MLAT_CSV_NULL_V1__,False,0.0015311493189575423
bollinger_bandwidth_20,path_risk,120,New York,Validation,72994,246,-0.4600112313718952,-0.48619932568475116,-0.4331610189889098,0.00099950024987506244,72994,17.484825836218192,12.259369665757562,10.592664368481374,9.2025156438458744,7.6270757359503074,0.99999999999999989,-0.97283913080387929,__MLAT_CSV_NULL_V1__,__MLAT_CSV_NULL_V1__,False,__MLAT_CSV_NULL_V1__
bollinger_bandwidth_20,path_risk,180,New York,Development,188860,638,-0.50832654623239959,-0.52319589858487048,-0.49337046558319719,0.00099950024987506244,188860,22.823507718605178,15.184439601080179,12.417959560098568,10.449106477217928,8.6062041220051899,0.99999999999999989,-1.1034505291630781,__MLAT_CSV_NULL_V1__,__MLAT_CSV_NULL_V1__,False,0.0015311493189575423
bollinger_bandwidth_20,path_risk,180,New York,Validation,72994,246,-0.50833772866433047,-0.53566356819358196,-0.48130072480538938,0.00099950024987506244,72994,21.944344178527302,15.116682160152106,12.62222810250757,10.669767407709509,8.6280079961192921,0.99999999999999989,-1.1343907354323823,__MLAT_CSV_NULL_V1__,__MLAT_CSV_NULL_V1__,False,__MLAT_CSV_NULL_V1__
cutler_rsi_14,direction,5,New York,Development,188862,638,-0.056330454390541289,-0.065039288680694904,-0.047249508102183688,0.00099950024987506244,188862,0.011485923493007383,0.0049062474373235861,0.0029990108220707048,-0.019116939818721077,-0.00089621516708195104,0.8999999999999998,-0.0071363451048158675,0.0056120719536862096,-0.05474039772635763,True,0.0029985007496251873
cutler_rsi_14,direction,5,New York,Validation,72999,246,-0.047795787820916466,-0.061670896782799835,-0.033101935695754606,0.00099950024987506244,72999,-0.0040518180554866574,-0.007824836477191819,0.0075977375187951416,-0.038626582150018719,-0.010999114185296015,0.59999999999999998,-0.0040699381331958948,0.084468859799467971,-0.042195667049739843,True,__MLAT_CSV_NULL_V1__
cutler_rsi_14,direction,15,New York,Development,188862,638,-0.066948880653413895,-0.079323376792640135,-0.053989585179592625,0.00099950024987506244,188862,-0.017359774008977841,0.0022417451195494097,-0.0043802827425418822,-0.025077900229263442,0.047199175796729581,0.29999999999999999,0.020646099650580334,0.80632525289748469,-0.060544025458076217,True,0.0029985007496251873
cutler_rsi_14,direction,15,New York,Validation,72999,246,-0.075689768011884359,-0.096505504012446966,-0.054892864922832067,0.00099950024987506244,72999,0.023297257484574944,0.0038723025158928,-0.038839744971257396,-0.09988974205994107,0.0023765481574519452,0.69999999999999996,-0.0068982939649453465,-0.38681459073253432,-0.081566294857382399,True,__MLAT_CSV_NULL_V1__
cutler_rsi_14,direction,30,New York,Development,188862,638,-0.081539057913898927,-0.094926817010298689,-0.067959454928447655,0.00099950024987506244,188862,-0.063319738785385604,-0.026646483639584072,-0.0080890019629870462,0.013641839008599747,0.085060157177597975,0.99999999999999989,0.031939893552693124,1.5169343335829484,-0.028835518840964035,True,0.0029985007496251873
cutler_rsi_14,direction,30,New York,Validation,72999,246,-0.09889738883437689,-0.11947731565968833,-0.077905269317075379,0.00099950024987506244,72999,-0.065353095184482207,0.064340109690284281,-0.015490780993835978,-0.11976667086285665,-0.0054904876020120752,0,0.013441834979289928,0.30533681126142698,-0.058771133705007167,True,__MLAT_CSV_NULL_V1__
cutler_rsi_14,direction,60,New York,Development,188862,638,-0.12379111283385374,-0.13771430324329353,-0.10906008853459852,0.00099950024987506244,188862,-0.034163160043667172,-0.10105217644291409,-0.015699361832357574,0.05477737818883692,0.068963975408206743,0.8999999999999998,0.014419060247007762,1.6933261083300459,__MLAT_CSV_NULL_V1__,False,0.0029985007496251873
cutler_rsi_14,direction,60,New York,Validation,72999,246,-0.13423684932527249,-0.15620084705136394,-0.11298461023021517,0.00099950024987506244,72999,-0.068021637192129891,0.0909458233765537,-0.016786672709603944,-0.11189472531333645,-0.011987958616779768,0,0.0083814728866475514,0.93976427985582545,__MLAT_CSV_NULL_V1__,False,__MLAT_CSV_NULL_V1__
cutler_rsi_14,direction,120,New York,Development,188862,638,-0.18405489499837113,-0.1974017504881711,-0.17048307575093424,0.00099950024987506244,188862,-0.053316043056876268,-0.16792498231592881,-0.015780262462675144,0.089836517450564507,-0.11238965253675677,0.19999999999999998,-0.005519604057510819,0.48681974235799041,__MLAT_CSV_NULL_V1__,False,0.0029985007496251873
cutler_rsi_14,direction,120,New York,Validation,72999,246,-0.16426360894533348,-0.1858933782705994,-0.1433453037508628,0.00099950024987506244,72999,-0.2866158113859012,-0.16053070814401701,-0.19784273596963647,-0.077458459611219665,0.27919281834568055,0.8999999999999998,0.058024112211074896,4.9888918813503844,__MLAT_CSV_NULL_V1__,False,__MLAT_CSV_NULL_V1__
cutler_rsi_14,direction,180,New York,Development,188862,638,-0.21918966587779351,-0.23145634912453675,-0.20605997439038498,0.00099950024987506244,188862,0.048391693695742068,-0.13045640308097886,0.028953472152571613,0.046127294470188811,-0.25406442418806974,0.59999999999999998,-0.022947517901391438,-0.74940450953740456,__MLAT_CSV_NULL_V1__,False,0.0029985007496251873
cutler_rsi_14,direction,180,New York,Validation,72999,246,-0.20426157257532487,-0.22571287488880784,-0.18205517619223374,0.00099950024987506244,72999,-0.13321437646599904,-0.018039245445975176,-0.1064615852720837,0.088860340038283345,0.38890691539509059,0.8999999999999998,0.043089896051699446,4.3447011704856244,__MLAT_CSV_NULL_V1__,False,__MLAT_CSV_NULL_V1__
cutler_rsi_14,expansion,5,New York,Development,188862,638,-0.04429885704391056,-0.053867469149945078,-0.034338657256378129,0.00099950024987506244,188862,2.6142537948652342,2.4780033517107571,2.4305252289352119,2.4100779026799271,2.4761595036167603,0.69999999999999996,-0.097100393039879787,__MLAT_CSV_NULL_V1__,-0.045171521892304244,True,0.0015311493189575423
cutler_rsi_14,expansion,5,New York,Validation,72999,246,-0.052666202250728829,-0.070412756954405228,-0.03520779501245544,0.00099950024987506244,72999,2.6182113336169675,2.4650480030463449,2.4126302627351519,2.3968124853870121,2.4925933398574021,0.39999999999999997,-0.091810615601781026,__MLAT_CSV_NULL_V1__,-0.04991153972190461,True,__MLAT_CSV_NULL_V1__
cutler_rsi_14,expansion,15,New York,Development,188862,638,-0.029992380913877924,-0.042095636590216139,-0.01667302283615334,0.00099950024987506244,188862,4.5947559478242646,4.5046314959205587,4.4646256411834626,4.4128360337776966,4.4662535368156471,0.69999999999999996,-0.048079527361349655,__MLAT_CSV_NULL_V1__,-0.033559977099273795,True,0.0015311493189575423
cutler_rsi_14,expansion,15,New York,Validation,72999,246,-0.049796617197522729,-0.070579088481367458,-0.027666030886655056,0.00099950024987506244,72999,4.6384775896207486,4.458792899486725,4.4305878169396644,4.4001927673881207,4.4476165952282738,0.69999999999999996,-0.076911732385926357,__MLAT_CSV_NULL_V1__,-0.047423603947764535,True,__MLAT_CSV_NULL_V1__
cutler_rsi_14,expansion,30,New York,Development,188862,638,-0.01348919275772468,-0.027674528430186626,-8.5856756686733887e-05,0.050974512743628186,188862,6.594888782460429,6.6056077807909261,6.6668363944281808,6.5714081705954381,6.5879399884962302,0.49999999999999994,-0.0016488741035811721,__MLAT_CSV_NULL_V1__,-0.015282002563872084,True,0.071964017991004492
cutler_rsi_14,expansion,30,New York,Validation,72999,246,-0.035680581037662057,-0.058515693638623245,-0.012053003689888382,0.0029985007496251873,72999,6.7148315709768349,6.5530381883505502,6.5879407455139525,6.5063954703254687,6.5352871352298214,0.79999999999999993,-0.045507497503285074,__MLAT_CSV_NULL_V1__,-0.048061491033774682,True,__MLAT_CSV_NULL_V1__
cutler_rsi_14,expansion,60,New York,Development,188862,638,-0.0075427903189179977,-0.021390414365201102,0.0066588475391802428,0.30584707646176912,188862,9.6975725268604229,9.9426612517513195,10.079491596825095,10.062386932324001,9.8324458532094781,0.29999999999999999,0.019165740030085331,__MLAT_CSV_NULL_V1__,__MLAT_CSV_NULL_V1__,False,0.35517725008463513
cutler_rsi_14,expansion,60,New York,Validation,72999,246,-0.012528795162747665,-0.035936145385688519,0.010169742862783791,0.28985507246376813,72999,9.8472801860692147,9.8665246371890269,10.008420442095174,9.8619355607166437,9.7104614718996061,0.29999999999999999,-0.021199382002393533,__MLAT_CSV_NULL_V1__,__MLAT_CSV_NULL_V1__,False,__MLAT_CSV_NULL_V1__
cutler_rsi_14,expansion,120,New York,Development,188862,638,-0.007280542956157608,-0.023255788261836483,0.0086102597145178254,0.36681659170414793,188862,14.025128425729617,14.632287344850099,14.794694443532746,14.778349085359251,14.377536766418107,0.29999999999999999,0.032689837680129057,__MLAT_CSV_NULL_V1__,__MLAT_CSV_NULL_V1__,False,0.41921896194759761
cutler_rsi_14,expansion,120,New York,Validation,72999,246,-0.0056758887116698728,-0.031326513945558646,0.019142844036822523,0.656671664167916,72999,14.238710171530773,14.586520132629261,14.775938518022729,14.605680975474474,14.173842156411336,0.099999999999999992,-0.006540466565489852,__MLAT_CSV_NULL_V1__,__MLAT_CSV_NULL_V1__,False,__MLAT_CSV_NULL_V1__
cutler_rsi_14,expansion,180,New York,Development,188862,638,-0.0069247309290531977,-0.024186418238403836,0.0099315510676080271,0.40079960019990007,188862,16.850841671057466,17.638634217957939,17.811555668893526,17.812219834840054,17.304948855133077,0.39999999999999997,0.033401760452156051,__MLAT_CSV_NULL_V1__,__MLAT_CSV_NULL_V1__,False,0.45089955022488759
cutler_rsi_14,expansion,180,New York,Validation,72999,246,-0.0052073515654721438,-0.030693019901119431,0.021556072025993567,0.68465767116441778,72999,17.172371543279631,17.649405373070341,17.772325854452557,17.624314778121125,16.932345033741846,0.29999999999999999,-0.019295084880280814,__MLAT_CSV_NULL_V1__,__MLAT_CSV_NULL_V1__,False,__MLAT_CSV_NULL_V1__
cutler_rsi_14,volatility,5,New York,Development,188862,638,-0.050759246855331654,-0.062969084801143202,-0.037538992816343202,0.00099950024987506244,188862,7.3840261507652558,6.6707491357002944,6.4354782650189399,6.4001051451611781,6.7681048397984309,0.39999999999999997,-0.12776834260638795,__MLAT_CSV_NULL_V1__,-0.050706162929468279,True,0.0014392803598200898
cutler_rsi_14,volatility,5,New York,Validation,72999,246,-0.059851602890862214,-0.080627752091995353,-0.039093632746078431,0.00099950024987506244,72999,7.6434275634355968,6.6636009140721528,6.3894703041220637,6.350782335032803,6.759382773966272,0.39999999999999997,-0.18192145388703404,__MLAT_CSV_NULL_V1__,-0.063670179721114384,True,__MLAT_CSV_NULL_V1__
cutler_rsi_14,volatility,15,New York,Development,188862,638,-0.049372007975941976,-0.06496976266070871,-0.033813487152642749,0.00099950024987506244,188862,13.175987683213357,12.242395781821804,11.897267777000014,11.852809858591268,12.366902100879535,0.39999999999999997,-0.1119075098368517,__MLAT_CSV_NULL_V1__,-0.051185277759784022,True,0.0014392803598200898
cutler_rsi_14,volatility,15,New York,Validation,72999,246,-0.058359309751088884,-0.084134633885387861,-0.034901714985547914,0.00099950024987506244,72999,13.598782939080079,12.195120657375709,11.815976387918376,11.747518023769597,12.320582883179142,0.39999999999999997,-0.17758728732212031,__MLAT_CSV_NULL_V1__,-0.070736109478178114,True,__MLAT_CSV_NULL_V1__
cutler_rsi_14,volatility,30,New York,Development,188862,638,-0.043895830881749288,-0.06000456896420639,-0.027949864092616968,0.00099950024987506244,188862,18.708957803624006,17.678455517826706,17.385524486036957,17.334787836261633,17.91333345716663,0.39999999999999997,-0.084100614179618893,__MLAT_CSV_NULL_V1__,-0.053687007028064213,True,0.0014392803598200898
cutler_rsi_14,volatility,30,New York,Validation,72999,246,-0.040340167837284155,-0.067182034182157763,-0.012726158450996231,0.0029985007496251873,72999,19.194760066225513,17.638548956404879,17.381418360663442,17.284448329529624,17.843115782003053,0.39999999999999997,-0.14702728371544863,__MLAT_CSV_NULL_V1__,-0.075686749152681532,True,__MLAT_CSV_NULL_V1__
cutler_rsi_14,volatility,60,New York,Development,188862,638,-0.034068077470052222,-0.049156523742430798,-0.017235108748622625,0.00099950024987506244,188862,26.509674440596854,25.474532903898663,25.258192267860323,25.293112040481315,25.871545884070439,0.29999999999999999,-0.052035113721478364,__MLAT_CSV_NULL_V1__,__MLAT_CSV_NULL_V1__,False,0.0014392803598200898
cutler_rsi_14,volatility,60,New York,Validation,72999,246,-0.020936209850735243,-0.047308804169525751,0.0059605212977457906,0.12393803098450774,72999,27.13671691430152,25.673846546449585,25.454665858574952,25.315320735578251,25.84945651462726,0.39999999999999997,-0.10904722971686727,__MLAT_CSV_NULL_V1__,__MLAT_CSV_NULL_V1__,False,__MLAT_CSV_NULL_V1__
cutler_rsi_14,volatility,120,New York,Development,188862,638,-0.016539222753690862,-0.032151701760413098,-0.00082848710529627174,0.039980009995002501,188862,36.491861037961513,35.690005500608336,35.472560175151365,35.590028281086759,36.18052502810324,0.29999999999999999,-0.020213705482575315,__MLAT_CSV_NULL_V1__,__MLAT_CSV_NULL_V1__,False,0.050501065256845265
cutler_rsi_14,volatility,120,New York,Validation,72999,246,-0.011687223629699529,-0.036903459607606819,0.012392990293333421,0.36281859070464767,72999,37.916572568264883,36.543173343337955,36.261368881739983,36.125416069981327,36.453874210026271,0.69999999999999996,-0.099827444436321813,__MLAT_CSV_NULL_V1__,__MLAT_CSV_NULL_V1__,False,__MLAT_CSV_NULL_V1__
cutler_rsi_14,volatility,180,New York,Development,188862,638,-0.008147173730650584,-0.023858071529409924,0.0077021864203960424,0.2988505747126437,188862,42.574010109393015,41.980767292367709,41.799755753061021,41.950009258320371,42.423128409202313,0.29999999999999999,-0.0086582954737973242,__MLAT_CSV_NULL_V1__,__MLAT_CSV_NULL_V1__,False,0.33103448275862069
cutler_rsi_14,volatility,180,New York,Validation,72999,246,0.00013699503688632705,-0.024593191675148646,0.025064979505991875,0.99450274862568711,72999,44.560489671910219,43.306546573398585,42.917350283705524,42.813579792892511,43.046682996495271,0.69999999999999996,-0.091331404848895542,__MLAT_CSV_NULL_V1__,__MLAT_CSV_NULL_V1__,False,__MLAT_CSV_NULL_V1__
cutler_rsi_14,path_risk,5,New York,Development,188862,638,-0.038246352937238291,-0.0474460194912854,-0.028950156488517613,0.00099950024987506244,188862,2.0970561169637114,1.9909330739488491,1.9488732774748225,1.9305965890198895,1.9851969697446763,0.69999999999999996,-0.083024177506003105,__MLAT_CSV_NULL_V1__,-0.039177263193944482,True,0.0015311493189575423
cutler_rsi_14,path_risk,5,New York,Validation,72999,246,-0.044567618872567966,-0.05950595690183394,-0.029465111888033645,0.00099950024987506244,72999,2.0935248717941937,1.9645502378876816,1.9267482898235679,1.9152725730854048,1.976597151172663,0.39999999999999997,-0.093166763864536872,__MLAT_CSV_NULL_V1__,-0.04296352536565895,True,__MLAT_CSV_NULL_V1__
cutler_rsi_14,path_risk,15,New York,Development,188862,638,-0.024992602091435702,-0.036429984572601326,-0.01240480225104305,0.00099950024987506244,188862,3.6518042698015516,3.5893690595310259,3.5541862586318502,3.5047159437784345,3.5578932022991312,0.69999999999999996,-0.03815921205844254,__MLAT_CSV_NULL_V1__,-0.026579302964679672,True,0.0015311493189575423
cutler_rsi_14,path_risk,15,New York,Validation,72999,246,-0.039257975821678726,-0.058719815048012873,-0.018818538511150045,0.00099950024987506244,72999,3.6741251712869816,3.5283277576223857,3.5086959532089459,3.4881479424362793,3.5195253422584294,0.69999999999999996,-0.067785204837187973,__MLAT_CSV_NULL_V1__,-0.037149164363479779,True,__MLAT_CSV_NULL_V1__
cutler_rsi_14,path_risk,30,New York,Development,188862,638,-0.0090429196444915885,-0.021836113119396015,0.003597290271489952,0.14392803598200898,188862,5.2107421584971956,5.2364794215243693,5.3057357717437137,5.2192993080647643,5.2452281483334158,0.49999999999999994,0.0090457153538089901,__MLAT_CSV_NULL_V1__,-0.0063630092817684083,True,0.19190404797601199
cutler_rsi_14,path_risk,30,New York,Validation,72999,246,-0.028821768473874125,-0.05079348291503883,-0.0062732972821890193,0.0059970014992503746,72999,5.2982600516445304,5.1635205680598437,5.2038976165154871,5.1379715538688773,5.139477937549211,0.79999999999999993,-0.045377467573165735,__MLAT_CSV_NULL_V1__,-0.036660271972779948,True,__MLAT_CSV_NULL_V1__
cutler_rsi_14,path_risk,60,New York,Development,188862,638,0.0013778409654069293,-0.012438072914184407,0.015154458269802374,0.82658670664667666,188862,7.6248767315683992,7.8867111789217477,8.0296546489229286,8.0212906223946465,7.8543055161053728,0.29999999999999999,0.036979643556954191,__MLAT_CSV_NULL_V1__,__MLAT_CSV_NULL_V1__,False,0.87520945409648121
cutler_rsi_14,path_risk,60,New York,Validation,72999,246,-0.012225740800250583,-0.035711391870010802,0.011208555737342221,0.30984507746126938,72999,7.7311690207992143,7.7106879789285276,7.852800014419314,7.7531707912174728,7.6148822010476946,0.19999999999999998,-0.020705341421771821,__MLAT_CSV_NULL_V1__,__MLAT_CSV_NULL_V1__,False,__MLAT_CSV_NULL_V1__
cutler_rsi_14,path_risk,120,New York,Development,188862,638,0.0022915980743827419,-0.0130984259878455,0.017926602341565515,0.77661169415292353,188862,11.01935823061997,11.575062471052089,11.751632912726105,11.719534805200912,11.449667715143509,0.29999999999999999,0.045861123766048929,__MLAT_CSV_NULL_V1__,__MLAT_CSV_NULL_V1__,False,0.83456779073149989
cutler_rsi_14,path_risk,120,New York,Validation,72999,246,-0.0070294261897956758,-0.031148314823502124,0.017847149602527507,0.58670664667666161,72999,11.10817678016801,11.292431454344261,11.563269999646558,11.416751193561904,11.034837186806543,0.099999999999999992,-0.0088344880645248071,__MLAT_CSV_NULL_V1__,__MLAT_CSV_NULL_V1__,False,__MLAT_CSV_NULL_V1__
cutler_rsi_14,path_risk,180,New York,Development,188862,638,0.0044185342704464057,-0.013685137378516917,0.021452239961778103,0.6546726636681659,188862,13.246665272809318,13.928667862235056,14.102332903469973,14.070515955046259,13.698039093246486,0.29999999999999999,0.038463125326340247,__MLAT_CSV_NULL_V1__,__MLAT_CSV_NULL_V1__,False,0.76026502877593449
cutler_rsi_14,path_risk,180,New York,Validation,72999,246,-0.0026926456507288285,-0.030356671615968021,0.02411929087699715,0.87756121939030485,72999,13.369050230173968,13.667082166487031,13.899254420976769,13.779569050492018,13.253213202275427,0.099999999999999992,-0.0111717613549994,__MLAT_CSV_NULL_V1__,__MLAT_CSV_NULL_V1__,False,__MLAT_CSV_NULL_V1__
chaikin_money_flow_20,direction,5,New York,Development,188860,638,-0.041575194127948412,-0.051367673071062749,-0.032097438958087296,0.00099950024987506244,188860,0.026270400808019623,0.0076352626704068163,0.00065789095715833681,-0.011134775973480828,-0.024006835356871165,0.99999999999999989,-0.029142220072949868,-0.26117011137637325,-0.040113560855965416,True,0.0029985007496251873
chaikin_money_flow_20,direction,5,New York,Validation,72994,246,-0.034146174149188517,-0.049006634205993681,-0.019395287410058519,0.00099950024987506244,72994,-0.0096888755420790167,-0.03307040271148453,-0.0030160805046882395,-0.0090982089922926525,0.0015368390373839864,0.79999999999999993,0.0064772782962103058,0.1936820638789005,-0.030993536899929171,True,__MLAT_CSV_NULL_V1__
chaikin_money_flow_20,direction,15,New York,Development,188860,638,-0.040845063535791794,-0.05633482172438483,-0.026033284218613558,0.00099950024987506244,188860,0.00022960982837624399,0.022646705949743575,0.0025527053562886801,-0.038410082170341385,0.016090033631944375,0,0.0050745455305355562,0.46536356475209006,-0.022470913695582378,True,0.0029985007496251873
chaikin_money_flow_20,direction,15,New York,Validation,72994,246,-0.045424249703368384,-0.06794926976571708,-0.022125119787528985,0.00099950024987506244,72994,-0.053511664864626413,-0.026849323366660242,-0.043374438748846028,-0.019480761978480223,0.037019812467620816,0.8999999999999998,0.029265656312120147,0.89384884023883071,-0.039486120210640165,True,__MLAT_CSV_NULL_V1__
chaikin_money_flow_20,direction,30,New York,Development,188860,638,-0.043057272174398531,-0.059987955526437223,-0.025712581965747223,0.00099950024987506244,188860,-0.027626845559899683,0.0054185313627040108,0.0013166642650464825,-0.038625777461847886,0.060830691008733929,0.29999999999999999,0.018524922210407916,0.95201508426579196,-0.014526813542050071,True,0.0029985007496251873
chaikin_money_flow_20,direction,30,New York,Validation,72994,246,-0.062313009301895421,-0.090258065652100983,-0.035643061156115451,0.00099950024987506244,72994,-0.13158231558664135,-0.023678530986934208,-0.075670192205834916,0.08400071139495266,0.009121223370661815,0.79999999999999993,0.030571695973451603,1.3512789177953122,-0.02495397436777292,True,__MLAT_CSV_NULL_V1__
chaikin_money_flow_20,direction,60,New York,Development,188860,638,-0.07541210543759283,-0.093753259710004991,-0.057590076205103306,0.00099950024987506244,188860,0.12178717568913373,-0.025682395231083611,-0.031642438965403114,-0.13070741741786018,0.041058624113114818,0.39999999999999997,-0.010735135283195932,0.36139406478059749,__MLAT_CSV_NULL_V1__,False,0.0029985007496251873
chaikin_money_flow_20,direction,60,New York,Validation,72994,246,-0.086239063524722756,-0.11226596761272281,-0.059736299656255008,0.00099950024987506244,72994,-0.045243094762632885,-0.074421210846578614,-0.087855411812398615,-0.055499399843203921,0.14694254209437344,0.29999999999999999,0.027563331074432273,2.4776916950503707,__MLAT_CSV_NULL_V1__,False,__MLAT_CSV_NULL_V1__
chaikin_money_flow_20,direction,120,New York,Development,188860,638,-0.11034699252129593,-0.1275425589515897,-0.092913893915982065,0.00099950024987506244,188860,0.028916552099421369,0.0009477560478890082,-0.069968539331761628,-0.17184894451526933,-0.047408450948092033,0.69999999999999996,-0.0066410753406174194,0.23848222875756606,__MLAT_CSV_NULL_V1__,False,0.0029985007496251873
chaikin_money_flow_20,direction,120,New York,Validation,72994,246,-0.10812859362617634,-0.13565668940913927,-0.081044823679147157,0.00099950024987506244,72994,-0.37234751830001578,-0.29986536694388177,-0.30205834624514782,-0.03261079722079667,0.59727132536461491,0.8999999999999998,0.091267699980987438,7.7901069435452817,__MLAT_CSV_NULL_V1__,False,__MLAT_CSV_NULL_V1__
chaikin_money_flow_20,direction,180,New York,Development,188860,638,-0.13109437736589385,-0.14888529826168403,-0.11316572607161707,0.00099950024987506244,188860,0.29044001166204853,0.18713996152252454,-0.13302637681008278,-0.4094144905362021,-0.19666792528638752,0.8999999999999998,-0.034690610701680946,-0.69715508608892385,__MLAT_CSV_NULL_V1__,False,0.0029985007496251873
chaikin_money_flow_20,direction,180,New York,Validation,72994,246,-0.13936140614962864,-0.16844902297978159,-0.11036122828413032,0.00099950024987506244,72994,-0.4823828925516041,-0.23417341778539161,-0.18782313639934789,0.20443910813835903,0.95775536781664528,0.99999999999999989,0.1113027687375308,9.9106059431645086,__MLAT_CSV_NULL_V1__,False,__MLAT_CSV_NULL_V1__
chaikin_money_flow_20,expansion,5,New York,Development,188860,638,-0.023194815918750587,-0.032794942007235407,-0.013447365199686419,0.00099950024987506244,188860,2.5580817706659515,2.4725079832674752,2.4578899310494604,2.4437014753440822,2.4773370838406277,0.39999999999999997,-0.056090785753336835,__MLAT_CSV_NULL_V1__,-0.026378528926408833,True,0.0015311493189575423
chaikin_money_flow_20,expansion,5,New York,Validation,72994,246,-0.024793676703371088,-0.042176911373411438,-0.0068411187473657702,0.0089955022488755615,72994,2.5536452844970072,2.4450244000957557,2.4355776844353567,2.4435651937341594,2.5103363962961058,0.29999999999999999,-0.030218405725427906,__MLAT_CSV_NULL_V1__,-0.022945608199694621,True,__MLAT_CSV_NULL_V1__
chaikin_money_flow_20,expansion,15,New York,Development,188860,638,-0.0093964388133250375,-0.023469774434574313,0.0055689026446991271,0.19590204897551225,188860,4.5699087577937245,4.4771208018936886,4.4369502971203287,4.4409907097692862,4.5182943323037774,0.29999999999999999,-0.019034630263193075,__MLAT_CSV_NULL_V1__,-0.015915566377665915,True,0.24318875045236005
chaikin_money_flow_20,expansion,15,New York,Validation,72994,246,-0.015569003878011215,-0.03763528890791306,0.0077827484508325804,0.17291354322838581,72994,4.5649507876513455,4.3784261296505917,4.4102638844843769,4.501465195645399,4.5243897118877685,0,-0.015246552175867296,__MLAT_CSV_NULL_V1__,0.00045800579478749265,False,__MLAT_CSV_NULL_V1__
chaikin_money_flow_20,expansion,30,New York,Development,188860,638,0.0021814434886430539,-0.014431793747056155,0.01843812894606137,0.75262368815592207,188860,6.6674716921471688,6.5929101722367998,6.5184450872403277,6.5612601033467364,6.6864609459092934,0.099999999999999992,0.0043248399186792798,__MLAT_CSV_NULL_V1__,-0.0089499334131858798,False,0.80878963503322976
chaikin_money_flow_20,expansion,30,New York,Validation,72994,246,0.0039873724837206186,-0.023603540416619617,0.0331987024010083,0.74062968515742134,72994,6.6478043050745974,6.4135418058219251,6.4434575016618121,6.6271818090959629,6.7749688609785634,0.39999999999999997,0.029245000687034201,__MLAT_CSV_NULL_V1__,0.026913199794555719,True,__MLAT_CSV_NULL_V1__
chaikin_money_flow_20,expansion,60,New York,Development,188860,638,-0.00092901283710222218,-0.017335644287229914,0.016471112606477097,0.90454772613693157,188860,9.9533272287606369,9.9224908194357955,9.745622237703488,9.8772659290720828,10.114841420463957,0.099999999999999992,0.021686098437667087,__MLAT_CSV_NULL_V1__,__MLAT_CSV_NULL_V1__,False,0.93039194688370108
chaikin_money_flow_20,expansion,60,New York,Validation,72994,246,0.0051202789848767407,-0.022210530733907965,0.032856309204571374,0.71364317841079461,72994,9.9873115785640572,9.6529373704868924,9.6713967401015069,9.9408027397679994,10.045204690277123,0.39999999999999997,0.0083692379808808764,__MLAT_CSV_NULL_V1__,__MLAT_CSV_NULL_V1__,False,__MLAT_CSV_NULL_V1__
chaikin_money_flow_20,expansion,120,New York,Development,188860,638,-0.0021220983121141767,-0.01948817592433515,0.016145598162239278,0.79260369815092457,188860,14.705606609454986,14.425406887584034,14.133557832201706,14.345458405085703,14.996602634716382,0.099999999999999992,0.024948301672193696,__MLAT_CSV_NULL_V1__,__MLAT_CSV_NULL_V1__,False,0.82706472850531254
chaikin_money_flow_20,expansion,120,New York,Validation,72994,246,0.0077923744738757844,-0.020293802146406473,0.036872961196498924,0.59570214892553719,72994,14.683497851211719,14.051373535592539,14.094073933837183,14.510879243293406,15.050730455984567,0.39999999999999997,0.033157955475906151,__MLAT_CSV_NULL_V1__,__MLAT_CSV_NULL_V1__,False,__MLAT_CSV_NULL_V1__
chaikin_money_flow_20,expansion,180,New York,Development,188860,638,0.00036641090820451567,-0.019225524486374684,0.019906998149045729,0.99150424787606195,188860,17.752506285538612,17.338578633211473,16.985926696629576,17.212976382631535,18.125902987008629,0.099999999999999992,0.025683169116336991,__MLAT_CSV_NULL_V1__,__MLAT_CSV_NULL_V1__,False,0.99150424787606206
chaikin_money_flow_20,expansion,180,New York,Validation,72994,246,0.013128770825135829,-0.016409045245112257,0.041562832411319514,0.37981009495252371,72994,17.765749125056516,16.986480094283316,16.993624854082782,17.452538004503694,17.953407730444908,0.39999999999999997,0.013841501269979864,__MLAT_CSV_NULL_V1__,__MLAT_CSV_NULL_V1__,False,__MLAT_CSV_NULL_V1__
chaikin_money_flow_20,volatility,5,New York,Development,188860,638,-0.025569185807651496,-0.040124435058181564,-0.01059808616738411,0.0029985007496251873,188860,7.0661568223952074,6.7341302684312474,6.6659120677809449,6.5878283159055551,6.6072031404071154,0.8999999999999998,-0.095678248461384646,__MLAT_CSV_NULL_V1__,-0.031010112606634797,True,0.0040734349806228962
chaikin_money_flow_20,volatility,5,New York,Validation,72994,246,-0.041857190108859445,-0.063865910410805887,-0.019235714407362579,0.00099950024987506244,72994,7.2469135863536991,6.7822853878415357,6.6765981414463313,6.4392312397335143,6.6638041398282404,0.8999999999999998,-0.1190239857338667,__MLAT_CSV_NULL_V1__,-0.04672416673030852,True,__MLAT_CSV_NULL_V1__
chaikin_money_flow_20,volatility,15,New York,Development,188860,638,-0.020585236615133905,-0.038059593243727187,-0.0033007611539447256,0.02798600699650175,188860,12.772356817577192,12.329420417768981,12.206698350352726,12.08239121216627,12.148356179840579,0.8999999999999998,-0.085803658186449999,__MLAT_CSV_NULL_V1__,-0.020334697317143723,True,0.035982008995502253
chaikin_money_flow_20,volatility,15,New York,Validation,72994,246,-0.035898064265424051,-0.065554710618727877,-0.0056662938193182376,0.01999000499750125,72994,13.064901555823555,12.242667193826694,12.263767702323429,11.98925308677244,12.119337561507898,0.79999999999999993,-0.12937330787598639,__MLAT_CSV_NULL_V1__,-0.03706303146290308,True,__MLAT_CSV_NULL_V1__
chaikin_money_flow_20,volatility,30,New York,Development,188860,638,-0.015371148201623042,-0.034189552539199239,0.0027327351221528751,0.094952523738130928,188860,18.331531236029786,17.808933498376749,17.633850375810319,17.582381389542189,17.668959433989496,0.69999999999999996,-0.069362203573248113,__MLAT_CSV_NULL_V1__,-0.024576938213301844,True,0.11587426625670215
chaikin_money_flow_20,volatility,30,New York,Validation,72994,246,-0.023142294509538936,-0.054381563410769031,0.0085956334365256785,0.17391304347826086,72994,18.682413530595149,17.720795020183584,17.70386964132376,17.531476882348386,17.709953525141923,0.69999999999999996,-0.1002702639869078,__MLAT_CSV_NULL_V1__,-0.041910631741140215,True,__MLAT_CSV_NULL_V1__
chaikin_money_flow_20,volatility,60,New York,Development,188860,638,-0.013669402750189337,-0.031688837849512583,0.0049937708570616558,0.15792103948025987,188860,26.274095267986574,25.682139779851976,25.372294159865831,25.42842396532528,25.655804552490771,0.59999999999999998,-0.0497458176592845,__MLAT_CSV_NULL_V1__,__MLAT_CSV_NULL_V1__,False,0.18339217488030179
chaikin_money_flow_20,volatility,60,New York,Validation,72994,246,-0.013335102631773153,-0.046881522117384902,0.019462701219317206,0.41679160419790107,72994,26.743344744249633,25.644612631809238,25.748752390526285,25.650887268563068,25.646288444730104,0.39999999999999997,-0.088407605820485305,__MLAT_CSV_NULL_V1__,__MLAT_CSV_NULL_V1__,False,__MLAT_CSV_NULL_V1__
chaikin_money_flow_20,volatility,120,New York,Development,188860,638,-0.00039604091980407005,-0.020278189477267363,0.018685926132231124,0.9735132433783108,188860,36.672890212982381,35.682343262484935,35.337682559900358,35.48949193574466,36.249405682531901,0.29999999999999999,-0.026967737856738765,__MLAT_CSV_NULL_V1__,__MLAT_CSV_NULL_V1__,False,0.98722469751039965
chaikin_money_flow_20,volatility,120,New York,Validation,72994,246,-0.0068220995703773659,-0.038693508897485379,0.022863658890531557,0.67266366816591705,72994,37.839021627186462,36.317050978047696,36.282568757498403,36.270715911604952,36.595205834637611,0.39999999999999997,-0.080711318943629484,__MLAT_CSV_NULL_V1__,__MLAT_CSV_NULL_V1__,False,__MLAT_CSV_NULL_V1__
chaikin_money_flow_20,volatility,180,New York,Development,188860,638,0.0043313678041351257,-0.014200238568208753,0.022173410296552624,0.6356821589205397,188860,43.034494834935607,41.75209170745449,41.496815579766796,41.652000456081403,42.799195711535354,0.29999999999999999,-0.013148916354844824,__MLAT_CSV_NULL_V1__,__MLAT_CSV_NULL_V1__,False,0.66332051365621536
chaikin_money_flow_20,volatility,180,New York,Validation,72994,246,0.0032180682819869925,-0.025686176635122918,0.033364758709882557,0.83158420789605192,72994,44.664340748420408,42.996108278229919,42.774945364727756,42.956520589262389,43.256589739671362,0.29999999999999999,-0.081400995390982556,__MLAT_CSV_NULL_V1__,__MLAT_CSV_NULL_V1__,False,__MLAT_CSV_NULL_V1__
chaikin_money_flow_20,path_risk,5,New York,Development,188860,638,-0.018946425946282208,-0.028027207171908628,-0.0097869473214369507,0.00099950024987506244,188860,2.0510988794983631,1.9792398237281918,1.9741155559394039,1.960236725588016,1.9883349180559602,0.39999999999999997,-0.046496566039688568,__MLAT_CSV_NULL_V1__,-0.023465176427556834,True,0.0015311493189575423
chaikin_money_flow_20,path_risk,5,New York,Validation,72994,246,-0.024495210215044659,-0.039052011079764609,-0.010322803705457829,0.0029985007496251873,72994,2.0392721514385315,1.956615252754589,1.9435142083894155,1.9462285514071049,1.992855549982137,0.29999999999999999,-0.035209875523980465,__MLAT_CSV_NULL_V1__,-0.020807248952730135,True,__MLAT_CSV_NULL_V1__
chaikin_money_flow_20,path_risk,15,New York,Development,188860,638,-0.0043871342604344509,-0.017252953715561584,0.0083212014295164834,0.49875062468765619,188860,3.6285345646245859,3.5559298646849773,3.5345297165117167,3.5441429222590681,3.5948344218037964,0.29999999999999999,-0.013505890256446385,__MLAT_CSV_NULL_V1__,-0.014675954136897639,True,0.6086448301273093
chaikin_money_flow_20,path_risk,15,New York,Validation,72994,246,-0.01575079374064842,-0.036515463439119308,0.0051775759448068571,0.13993003498250875,72994,3.623416976631177,3.4706796293535533,3.491238165572752,3.5533525443601319,3.5831409977859487,0,-0.016701334453497488,__MLAT_CSV_NULL_V1__,0.003084874665477699,False,__MLAT_CSV_NULL_V1__
chaikin_money_flow_20,path_risk,30,New York,Development,188860,638,0.006027015727486199,-0.0093984662548948009,0.021547041802231166,0.42478760619690153,188860,5.2741494697331603,5.2122255464059046,5.1816320318206035,5.2278023128869187,5.3214227977764272,0.29999999999999999,0.011973531280558313,__MLAT_CSV_NULL_V1__,-0.000806768988587172,False,0.52732254562373981
chaikin_money_flow_20,path_risk,30,New York,Validation,72994,246,0.0023673442313867725,-0.022702674942604941,0.026720700527926595,0.8995502248875562,72994,5.261134771306395,5.0510894557966113,5.0759202882618997,5.2084052045393125,5.3539136519067725,0.39999999999999997,0.024520747569833194,__MLAT_CSV_NULL_V1__,0.025012840267077549,True,__MLAT_CSV_NULL_V1__
chaikin_money_flow_20,path_risk,60,New York,Development,188860,638,0.0050953410429553795,-0.011930903722481807,0.022314181481995717,0.5787106446776612,188860,7.8570966411339063,7.858081244150382,7.7512217081625563,7.8841396309379324,8.0651915407058272,0.69999999999999996,0.031632195386894629,__MLAT_CSV_NULL_V1__,__MLAT_CSV_NULL_V1__,False,0.68306830191461654
chaikin_money_flow_20,path_risk,60,New York,Validation,72994,246,0.0046275424948951397,-0.02217270192786517,0.030477561591140834,0.74462768615692154,72994,7.8464438318196423,7.5499934049965542,7.5919029500195192,7.7884864356961865,7.8877637240012453,0.39999999999999997,0.0069668460656694591,__MLAT_CSV_NULL_V1__,__MLAT_CSV_NULL_V1__,False,__MLAT_CSV_NULL_V1__
chaikin_money_flow_20,path_risk,120,New York,Development,188860,638,6.6909811787904279e-05,-0.017448849974689824,0.018411432904608095,0.99650174912543732,188860,11.61722030600415,11.414962070734044,11.197885201826715,11.386999309996797,11.897301318608546,0.099999999999999992,0.027404869263120114,__MLAT_CSV_NULL_V1__,__MLAT_CSV_NULL_V1__,False,0.99650174912543732
chaikin_money_flow_20,path_risk,120,New York,Validation,72994,246,0.0064990954183926902,-0.020509879491851912,0.033999238446646006,0.66066966516741632,72994,11.474825210357741,10.938328262415911,11.023408205254004,11.249790499601433,11.735256631812227,0.39999999999999997,0.028167091196202466,__MLAT_CSV_NULL_V1__,__MLAT_CSV_NULL_V1__,False,__MLAT_CSV_NULL_V1__
chaikin_money_flow_20,path_risk,180,New York,Development,188860,638,0.0022487144518518721,-0.016664857847216569,0.021415681682761461,0.85257371314342834,188860,14.036807228821301,13.712784686963646,13.411511986510217,13.590492498889548,14.293216985009053,0.099999999999999992,0.020291365740112588,__MLAT_CSV_NULL_V1__,__MLAT_CSV_NULL_V1__,False,0.87693296209038341
chaikin_money_flow_20,path_risk,180,New York,Validation,72994,246,0.016608779728085738,-0.013518581244718587,0.045481976245292641,0.26186906546726635,72994,13.855942634276948,13.21262534706392,13.29775166637322,13.568028505685803,14.035066692485561,0.39999999999999997,0.015953094487085075,__MLAT_CSV_NULL_V1__,__MLAT_CSV_NULL_V1__,False,__MLAT_CSV_NULL_V1__
amihud_illiquidity_60,direction,5,New York,Development,188760,638,0.0013018287995122874,-0.0080051302572000365,0.010373670647995978,0.81359320339830088,188760,-0.0076750887244475003,0.012604708658803239,0.0030792991012959427,-0.0051569887196093699,-0.0018629746309263909,0.099999999999999992,0.003466416515357798,-0.064310801025322523,0.00079787106761217553,True,0.88755622188905547
amihud_illiquidity_60,direction,5,New York,Validation,72895,246,0.0087456577407633001,-0.0065134913113132535,0.023386381544158303,0.2798600699650175,72895,0.0002738223203047047,0.022834270223813125,-0.055349577287457416,-0.058883814489003844,-0.014227920953294441,0.59999999999999998,-0.0092546813566430144,0.1205238677634568,0.0074419545147957544,True,__MLAT_CSV_NULL_V1__
amihud_illiquidity_60,direction,15,New York,Development,188760,638,0.0075697106903432941,-0.008378080550876351,0.023756512921147985,0.36581709145427288,188760,-0.0087569044237887327,0.018052748774254574,-0.0097773255159684571,0.010538042726631024,-0.0035004744246679553,0.099999999999999992,0.0017507845803841459,-0.25976950789149367,0.0059063301132320778,True,0.54872563718140932
amihud_illiquidity_60,direction,15,New York,Validation,72895,246,0.014582141979444607,-0.011689963383392274,0.040337223146522654,0.29185407296351823,72895,0.011296779114362982,0.03518153466189302,-0.15523948152389455,-0.076065009077464607,-0.057313607527923797,0.49999999999999994,-0.025281458623525627,-0.43789574136342718,0.011896711040240817,True,__MLAT_CSV_NULL_V1__
amihud_illiquidity_60,direction,30,New York,Development,188760,638,0.012882705152038073,-0.0092479099360863095,0.034106565496678669,0.25587206396801598,188760,0.00013425406053621457,0.033462862051061491,-0.02127014308714285,-0.015392912575218493,0.010048640890643284,0.099999999999999992,0.0021246458453214939,-0.35501413242432833,0.019841671331237164,True,0.4677661169415292
amihud_illiquidity_60,direction,30,New York,Validation,72895,246,0.025807831938318704,-0.0087143152167771572,0.060087529085027847,0.15292353823088456,72895,0.037123020509159964,0.028554084016898226,-0.26593731051670849,-0.052251429114864537,-0.097125385784414209,0.69999999999999996,-0.03383408985065469,-1.5090253447934214,0.0083782444803021192,True,__MLAT_CSV_NULL_V1__
amihud_illiquidity_60,direction,60,New York,Development,188760,638,0.018866336953618144,-0.014722252565019724,0.049627258616103759,0.27286356821589203,188760,0.01595488061131653,-0.013018239467609577,0.025286880392013145,-0.035665517035971095,-0.010663052252854698,0.29999999999999999,-0.003502605790066734,-0.37393087780891576,__MLAT_CSV_NULL_V1__,False,0.4677661169415292
amihud_illiquidity_60,direction,60,New York,Validation,72895,246,0.051709223109772183,0.004123497124463877,0.099728863395223522,0.033983008495752122,72895,0.12815825922342694,0.080557754619348707,-0.60483958309947916,-0.29871286610509173,0.65617260799873678,0.099999999999999992,0.085843372766853415,0.95347943074168851,__MLAT_CSV_NULL_V1__,False,__MLAT_CSV_NULL_V1__
amihud_illiquidity_60,direction,120,New York,Development,188760,638,0.0203795659361341,-0.020812442759673415,0.061091806119907499,0.32783608195902048,188760,-0.17597773262249222,0.018103144443995078,0.19528599645279537,-0.21828780322573649,-0.086711089933017474,0.099999999999999992,0.0074250927568919548,0.22011579536515247,__MLAT_CSV_NULL_V1__,False,0.5225213480216413
amihud_illiquidity_60,direction,120,New York,Validation,72895,246,0.047690309121361033,-0.015475480367871877,0.11156987101058448,0.14792603698150925,72895,0.28845100745160357,-0.01341184852957112,-0.84107586562076275,-1.1242990616854194,1.462570632811697,0,0.13213781457520668,2.7424790502369629,__MLAT_CSV_NULL_V1__,False,__MLAT_CSV_NULL_V1__
amihud_illiquidity_60,direction,180,New York,Development,188760,638,-0.0073621109574143499,-0.053886385556232042,0.035870570654087532,0.73463268365817092,188760,-0.21192214383159935,0.16259766004822332,0.28557147111490605,-0.60656783791260638,0.076379577639317478,0.099999999999999992,0.019389316743472332,1.2888302283046218,__MLAT_CSV_NULL_V1__,False,0.88155922038980516
amihud_illiquidity_60,direction,180,New York,Validation,72895,246,0.046107247406912244,-0.023459456027152617,0.11417269277124195,0.20889555222388806,72895,0.45651278631722642,0.00037007155524118563,-0.66953770175809801,-1.174735583145093,1.881158447511281,0,0.12960426149296003,4.3779033993094174,__MLAT_CSV_NULL_V1__,False,__MLAT_CSV_NULL_V1__
amihud_illiquidity_60,expansion,5,New York,Development,188760,638,0.14441887576693629,0.13696935314848926,0.15187518071507092,0.00099950024987506244,188760,2.2910888610034221,2.3606794124915003,2.4348910086024862,2.628039411418345,2.7032640010134732,0.99999999999999989,0.32279565516081316,__MLAT_CSV_NULL_V1__,0.15072811693618704,True,0.0015311493189575423
amihud_illiquidity_60,expansion,5,New York,Validation,72895,246,0.13768589610964879,0.12525273805344458,0.1512975239121038,0.00099950024987506244,72895,2.3189290448587454,2.4551883753869919,2.6269475124277855,2.69450216697108,2.6927380621956369,0.8999999999999998,0.31566006093253268,__MLAT_CSV_NULL_V1__,0.13936949180344749,True,__MLAT_CSV_NULL_V1__
amihud_illiquidity_60,expansion,15,New York,Development,188760,638,0.216423199459086,0.2046555816972572,0.22855731650044575,0.00099950024987506244,188760,4.0144587675601215,4.1919457742603337,4.3683959948788962,4.8688339751705971,5.0211611178805517,0.99999999999999989,0.42616169429122908,__MLAT_CSV_NULL_V1__,0.22883845515332751,True,0.0015311493189575423
amihud_illiquidity_60,expansion,15,New York,Validation,72895,246,0.20495132592472434,0.1850958262922541,0.22438198743141591,0.00099950024987506244,72895,4.0688558878755714,4.4122024179967809,4.8030175662294221,5.1003103358146618,5.0463615830620308,0.8999999999999998,0.47128574361189979,__MLAT_CSV_NULL_V1__,0.19427939453802173,True,__MLAT_CSV_NULL_V1__
amihud_illiquidity_60,expansion,30,New York,Development,188760,638,0.29593154999783589,0.28090082735537802,0.3107068719608696,0.00099950024987506244,188760,5.6335971424188598,5.990934666033322,6.3028089975628738,7.3436032022942976,7.8050950377887141,0.99999999999999989,0.53713946222980924,__MLAT_CSV_NULL_V1__,0.29801986433920796,True,0.0015311493189575423
amihud_illiquidity_60,expansion,30,New York,Validation,72895,246,0.2908706965237825,0.26615409559382364,0.31652732309652309,0.00099950024987506244,72895,5.7444421766992333,6.351260902305377,7.2171046313045943,8.0076128270553237,7.9292484880262393,0.8999999999999998,0.68269199729959595,__MLAT_CSV_NULL_V1__,0.26200466200466194,True,__MLAT_CSV_NULL_V1__
amihud_illiquidity_60,expansion,60,New York,Development,188760,638,0.43596808076230475,0.41787078033951169,0.45184197364077711,0.00099950024987506244,188760,7.7158464118551189,8.3378734334921454,9.0845388447239834,11.434757435419966,13.168218442132467,0.99999999999999989,0.7636458922120517,__MLAT_CSV_NULL_V1__,__MLAT_CSV_NULL_V1__,False,0.0015311493189575423
amihud_illiquidity_60,expansion,60,New York,Validation,72895,246,0.41462839922086236,0.38386155620117041,0.4448648992461075,0.00099950024987506244,72895,8.0135853400082269,9.1145076176395889,10.596247886950385,13.628035708465648,14.105010129492664,0.99999999999999989,1.1208917131211793,__MLAT_CSV_NULL_V1__,__MLAT_CSV_NULL_V1__,False,__MLAT_CSV_NULL_V1__
amihud_illiquidity_60,expansion,120,New York,Development,188760,638,0.57909608425692516,0.56111906509293796,0.59748671645665585,0.00099950024987506244,188760,9.8871307611101553,11.093528887356172,12.624578481808486,17.353059140177841,21.924297120031017,0.99999999999999989,1.0838181725350347,__MLAT_CSV_NULL_V1__,__MLAT_CSV_NULL_V1__,False,0.0015311493189575423
amihud_illiquidity_60,expansion,120,New York,Validation,72895,246,0.56648918668241499,0.53461575364802427,0.59545131172449928,0.00099950024987506244,72895,10.706673493832618,12.704198959488327,15.88435014727232,22.005593689675084,24.403519627992136,0.99999999999999989,1.6106014503681838,__MLAT_CSV_NULL_V1__,__MLAT_CSV_NULL_V1__,False,__MLAT_CSV_NULL_V1__
amihud_illiquidity_60,expansion,180,New York,Development,188760,638,0.6202705210242081,0.60000577148673029,0.63940921362762781,0.00099950024987506244,188760,11.177574297946375,12.645276908680096,15.035063480404091,21.350521841315221,27.584744620322784,0.99999999999999989,1.2254814473912155,__MLAT_CSV_NULL_V1__,__MLAT_CSV_NULL_V1__,False,0.0015311493189575423
amihud_illiquidity_60,expansion,180,New York,Validation,72895,246,0.62512693302088762,0.59379392983630808,0.6562287550060677,0.00099950024987506244,72895,12.243835101991072,15.229955302744159,19.426619140230653,27.383451922667746,30.935085984245745,0.99999999999999989,1.8153701485509572,__MLAT_CSV_NULL_V1__,__MLAT_CSV_NULL_V1__,False,__MLAT_CSV_NULL_V1__
amihud_illiquidity_60,volatility,5,New York,Development,188760,638,-0.30799347797203075,-0.32337320258517344,-0.29154238034390934,0.00099950024987506244,188760,7.5867012765081769,7.1307510654644695,6.9802856190652527,6.5547025435792063,5.361703379240061,0.99999999999999989,-0.52462900266076307,__MLAT_CSV_NULL_V1__,-0.31294325512725435,True,0.0014392803598200898
amihud_illiquidity_60,volatility,5,New York,Validation,72895,246,-0.39074474047702368,-0.41533627681448493,-0.36482632359685196,0.00099950024987506244,72895,7.9082468737670855,6.9792360074475601,6.272564735971633,4.8336202204175764,4.3524895333531175,0.99999999999999989,-0.79219053168714615,__MLAT_CSV_NULL_V1__,-0.39836612761541718,True,__MLAT_CSV_NULL_V1__
amihud_illiquidity_60,volatility,15,New York,Development,188760,638,-0.31375996356009533,-0.33416530370394032,-0.29271221578780815,0.00099950024987506244,188760,13.51669454968018,12.864778014225553,12.694194142516833,12.195724974849881,10.199777945784426,0.99999999999999989,-0.51459056445235518,__MLAT_CSV_NULL_V1__,-0.34645853915671077,True,0.0014392803598200898
amihud_illiquidity_60,volatility,15,New York,Validation,72895,246,-0.42639472827437058,-0.45735266905153465,-0.39397089261998203,0.00099950024987506244,72895,14.154183192602206,12.706347826224095,11.564002829558973,9.3584965632436088,8.2660403871770853,0.99999999999999989,-0.8900322925580475,__MLAT_CSV_NULL_V1__,-0.45475770841624497,True,__MLAT_CSV_NULL_V1__
amihud_illiquidity_60,volatility,30,New York,Development,188760,638,-0.23217781951987007,-0.25577308279497368,-0.2092946635794346,0.00099950024987506244,188760,18.889367039781263,18.25656545712998,18.170764758901491,17.968453252030823,15.679704616830566,0.99999999999999989,-0.36617687173631608,__MLAT_CSV_NULL_V1__,-0.33546888130901181,True,0.0014392803598200898
amihud_illiquidity_60,volatility,30,New York,Validation,72895,246,-0.37311712172381262,-0.41085501536460617,-0.33669493144226947,0.00099950024987506244,72895,19.997289520363108,18.277892632694066,17.078659159903449,14.414243323251055,12.890883573913777,0.99999999999999989,-0.82078615426154833,__MLAT_CSV_NULL_V1__,-0.46314426314426316,True,__MLAT_CSV_NULL_V1__
amihud_illiquidity_60,volatility,60,New York,Development,188760,638,-0.015813675218148495,-0.042742094990974304,0.012432386245816491,0.27586206896551724,188760,25.562868926262894,25.294266902720512,25.67389687951346,26.721383963904643,25.169757290435239,0.099999999999999992,-0.033371204561974815,__MLAT_CSV_NULL_V1__,__MLAT_CSV_NULL_V1__,False,0.31034482758620691
amihud_illiquidity_60,volatility,60,New York,Validation,72895,246,-0.20105151098958399,-0.24486025335203299,-0.15209498252090284,0.00099950024987506244,72895,27.664525224304054,25.960807846369615,25.290059846485057,23.466820033171523,21.73009942332401,0.99999999999999989,-0.51624223568578931,__MLAT_CSV_NULL_V1__,__MLAT_CSV_NULL_V1__,False,__MLAT_CSV_NULL_V1__
amihud_illiquidity_60,volatility,120,New York,Development,188760,638,0.32813814066358332,0.29929454063387217,0.35540049144088764,0.00099950024987506244,188760,32.463117460328064,33.198803884328782,34.895538574037936,38.937325619177827,40.140931543672096,0.99999999999999989,0.51571676547548806,__MLAT_CSV_NULL_V1__,__MLAT_CSV_NULL_V1__,False,0.0014392803598200898
amihud_illiquidity_60,volatility,120,New York,Validation,72895,246,0.13367117582634522,0.085483466867926267,0.18117763313616075,0.00099950024987506244,72895,36.445642021228551,35.632676387492758,37.618471955077631,37.890370627431217,37.006018833373297,0.59999999999999998,0.038015446655622079,__MLAT_CSV_NULL_V1__,__MLAT_CSV_NULL_V1__,False,__MLAT_CSV_NULL_V1__
amihud_illiquidity_60,volatility,180,New York,Development,188760,638,0.52626484488840131,0.50455394623078043,0.5479328555942572,0.00099950024987506244,188760,36.448548069509656,37.686366216806285,40.552246348345577,46.403675454308413,49.992321267373576,0.99999999999999989,0.82939219635352035,__MLAT_CSV_NULL_V1__,__MLAT_CSV_NULL_V1__,False,0.0014392803598200898
amihud_illiquidity_60,volatility,180,New York,Validation,72895,246,0.38388561142993322,0.34171641490818189,0.42536693815949855,0.00099950024987506244,72895,41.390790248748687,41.794304478700276,45.010854411589882,47.902928489319656,47.299678987045795,0.8999999999999998,0.35970164648378394,__MLAT_CSV_NULL_V1__,__MLAT_CSV_NULL_V1__,False,__MLAT_CSV_NULL_V1__
amihud_illiquidity_60,path_risk,5,New York,Development,188760,638,0.12424232639081111,0.11675111162053127,0.13196642918162652,0.00099950024987506244,188760,1.8298461469410838,1.8902383861231935,1.948837253752983,2.1159369429731432,2.1752099465776564,0.99999999999999989,0.28056299970562848,__MLAT_CSV_NULL_V1__,0.1333425742708696,True,0.0015311493189575423
amihud_illiquidity_60,path_risk,5,New York,Validation,72895,246,0.1171532026024943,0.10381688000896384,0.12974724667321397,0.00099950024987506244,72895,1.8425676305819438,1.9522967876462649,2.0979012375846833,2.1651659548521724,2.1666696566664152,0.99999999999999989,0.28805110620003532,__MLAT_CSV_NULL_V1__,0.12760541414198201,True,__MLAT_CSV_NULL_V1__
amihud_illiquidity_60,path_risk,15,New York,Development,188760,638,0.18417654382967116,0.1724007863268284,0.19595154489600761,0.00099950024987506244,188760,3.2099097980311799,3.3431350667477644,3.4721644783467336,3.8821606250205254,3.9669480967046971,0.99999999999999989,0.33788207021247124,__MLAT_CSV_NULL_V1__,0.19357690572928588,True,0.0015311493189575423
amihud_illiquidity_60,path_risk,15,New York,Validation,72895,246,0.17258617207271121,0.15322137425446272,0.19094650993717149,0.00099950024987506244,72895,3.2224177196332104,3.4818325252540436,3.7958039170210514,4.0788701020709972,3.9780121768561152,0.8999999999999998,0.3869736041863065,__MLAT_CSV_NULL_V1__,0.16549313917986519,True,__MLAT_CSV_NULL_V1__
amihud_illiquidity_60,path_risk,30,New York,Development,188760,638,0.25731284862070131,0.24156261902608753,0.27288146425683596,0.00099950024987506244,188760,4.509433794596478,4.7896402348745744,4.9886191474938109,5.8359731886141137,6.1307386199084908,0.99999999999999989,0.43895615352326967,__MLAT_CSV_NULL_V1__,0.25071926442236386,True,0.0015311493189575423
amihud_illiquidity_60,path_risk,30,New York,Validation,72895,246,0.25531021794570891,0.22977133887516105,0.28005443252878803,0.00099950024987506244,72895,4.5367332946250638,4.9964313128649751,5.6523610297803941,6.3811476426149891,6.2172494092586188,0.8999999999999998,0.56444804927518999,__MLAT_CSV_NULL_V1__,0.24154364154364152,True,__MLAT_CSV_NULL_V1__
amihud_illiquidity_60,path_risk,60,New York,Development,188760,638,0.38772670902502065,0.3701078905786247,0.40480754685351483,0.00099950024987506244,188760,6.2146865198771462,6.6648812162126214,7.2288908856537972,9.0729627263259154,10.333353540530236,0.99999999999999989,0.64988521267875521,__MLAT_CSV_NULL_V1__,__MLAT_CSV_NULL_V1__,False,0.0015311493189575423
amihud_illiquidity_60,path_risk,60,New York,Validation,72895,246,0.37152458669979899,0.33989341054655131,0.40320382958411699,0.00099950024987506244,72895,6.3411499996869667,7.144068710821144,8.2505182565068846,10.640163878821779,11.003129698797199,0.99999999999999989,0.96584872353420614,__MLAT_CSV_NULL_V1__,__MLAT_CSV_NULL_V1__,False,__MLAT_CSV_NULL_V1__
amihud_illiquidity_60,path_risk,120,New York,Development,188760,638,0.5312649605943125,0.51117484122768297,0.55072185031927934,0.00099950024987506244,188760,7.9479576906705089,8.8844578269504932,10.032094332196067,13.769091309083706,17.098258016912467,0.99999999999999989,0.92563601708543497,__MLAT_CSV_NULL_V1__,__MLAT_CSV_NULL_V1__,False,0.0015311493189575423
amihud_illiquidity_60,path_risk,120,New York,Validation,72895,246,0.51389006023048933,0.47959105527813856,0.54634044673556392,0.00099950024987506244,72895,8.5025499238184068,9.9701618794981108,12.405902687413445,17.077668085750311,17.922893851021328,0.99999999999999989,1.3161981911944742,__MLAT_CSV_NULL_V1__,__MLAT_CSV_NULL_V1__,False,__MLAT_CSV_NULL_V1__
amihud_illiquidity_60,path_risk,180,New York,Development,188760,638,0.57680539461635039,0.55535534127344521,0.59788385140725053,0.00099950024987506244,188760,8.9522935167170257,10.100974980771852,11.874751863669092,16.823755914622236,21.589048912352403,0.99999999999999989,1.0483211384780591,__MLAT_CSV_NULL_V1__,__MLAT_CSV_NULL_V1__,False,0.0015311493189575423
amihud_illiquidity_60,path_risk,180,New York,Validation,72895,246,0.57404063315372533,0.53879958291146024,0.60803503731880415,0.00099950024987506244,72895,9.719020786122023,12.017554085837389,15.086971760522749,21.19195379594068,23.061072877177118,0.99999999999999989,1.5496497168692962,__MLAT_CSV_NULL_V1__,__MLAT_CSV_NULL_V1__,False,__MLAT_CSV_NULL_V1__
parkinson_volatility_30,direction,5,New York,Development,188850,638,0.0041491818148115924,-0.0050270252468027328,0.013499841505852626,0.38180909545227387,188850,0.0092263071341408143,0.010252402820691097,-0.035168762807614433,-0.0062245225776291473,0.022388932134795456,0.19999999999999998,0.0078010836544663226,0.17993901312126559,0.0040040109938109169,True,0.56102560964415749
parkinson_volatility_30,direction,5,New York,Validation,72980,246,0.016853295736901912,0.0015151089962458092,0.032038292754026323,0.036981509245377311,72980,-0.065877407023107543,0.025216915294079927,0.0013269270937954541,0.025556017387714906,-0.044404842345097173,0.29999999999999999,0.013168461788582515,-0.53733261824473644,0.017649815132833573,True,__MLAT_CSV_NULL_V1__
parkinson_volatility_30,direction,15,New York,Development,188850,638,0.0031037485024953556,-0.011407808668490494,0.019352690288984453,0.66366816591704147,188850,0.052214218770916837,0.013300157353977281,-0.064933829372865445,-0.017258768238405504,0.023849686128071364,0.29999999999999999,-0.0092336552640243826,0.022669477348257472,0.0009667609074278039,True,0.83379000155094862
parkinson_volatility_30,direction,15,New York,Validation,72980,246,0.018491464944131706,-0.0064288573384547465,0.043197369794126354,0.15292353823088456,72980,-0.13642144871204195,0.033271598461220728,0.078160809187974523,0.04997917196711657,-0.14399562378735103,0.099999999999999992,-0.0024543375949110887,-2.1925432258573183,0.021091121962631441,True,__MLAT_CSV_NULL_V1__
parkinson_volatility_30,direction,30,New York,Development,188850,638,0.0024884769222498432,-0.018077817421805791,0.024635438838781498,0.7876061969015492,188850,0.11914668706983335,-0.022357389596106392,-0.067727215325547513,-0.057908064790644392,0.038230680845037737,0.29999999999999999,-0.016532567423150638,-0.058005390773726129,0.000987922861226718,True,0.88238957444354738
parkinson_volatility_30,direction,30,New York,Validation,72980,246,0.0120350816711158,-0.023039553972147665,0.046059054584639471,0.49575212393803098,72980,-0.13132734426624368,0.14482149221264362,0.056282294967752534,0.026804200387061636,-0.25168465014270097,0.39999999999999997,-0.024290031013009923,-4.4344291512345873,0.027792861069481381,True,__MLAT_CSV_NULL_V1__
parkinson_volatility_30,direction,60,New York,Development,188850,638,0.006334741901675045,-0.022071687888721363,0.034230038425197867,0.671664167916042,188850,0.049153060997177866,0.09982766254865931,-0.022331280945010322,-0.16913717339219342,0.023609860264989659,0.59999999999999998,-0.0029998978308403671,-0.18466248022920434,__MLAT_CSV_NULL_V1__,False,0.83379000155094862
parkinson_volatility_30,direction,60,New York,Validation,72980,246,-0.012239786698842901,-0.059427151253631932,0.032657256018876028,0.59670164917541224,72980,0.32309256151549443,0.21393686624898769,-0.19014839078743884,-0.18887030683048311,-0.272760501971889,0.8999999999999998,-0.072926344807091523,-8.0708041117870213,__MLAT_CSV_NULL_V1__,False,__MLAT_CSV_NULL_V1__
parkinson_volatility_30,direction,120,New York,Development,188850,638,0.020450232787632201,-0.015380990437490312,0.05602306977426616,0.26586706646676661,188850,-0.19114261013956735,0.23138355964127491,-0.016010460371186953,-0.29798458909906494,0.0053153307227103283,0,0.01436895463370122,1.2393810398314267,__MLAT_CSV_NULL_V1__,False,0.4677661169415292
parkinson_volatility_30,direction,120,New York,Validation,72980,246,0.0052611232122059372,-0.05165798755723592,0.064497748599951304,0.86356821589205401,72980,0.3483935678892669,0.21632103005689998,-0.29976546348588401,-0.59721637256115956,-0.072244789161536288,0.69999999999999996,-0.033227900509180786,-5.7118994837431982,__MLAT_CSV_NULL_V1__,False,__MLAT_CSV_NULL_V1__
parkinson_volatility_30,direction,180,New York,Development,188850,638,0.048517674560684051,0.011291386522683118,0.083896033186566091,0.011994002998500749,188850,-0.35793440609817734,0.37192132771011488,0.092575935854070715,-0.33063846380550099,-0.058060107780680312,0.099999999999999992,0.017754644559741489,1.4810009246378701,__MLAT_CSV_NULL_V1__,False,0.03321416214969438
parkinson_volatility_30,direction,180,New York,Validation,72980,246,0.013440612742110676,-0.056731927811580762,0.078520910168688063,0.70664667666166914,72980,0.84873935614470242,0.18124702119991321,-0.16142570596734476,-0.5761486361048761,-0.036994664604418331,0.69999999999999996,-0.055449092821709928,-7.1584865944387372,__MLAT_CSV_NULL_V1__,False,__MLAT_CSV_NULL_V1__
parkinson_volatility_30,expansion,5,New York,Development,188850,638,-0.23626173395848418,-0.2430919073687067,-0.22940603463025686,0.00099950024987506244,188850,2.7908157485115277,2.6296682345478408,2.4884014908804701,2.3479079604590121,2.1701512511102505,0.99999999999999989,-0.48639485406133981,__MLAT_CSV_NULL_V1__,-0.24851094294884762,True,0.0015311493189575423
parkinson_volatility_30,expansion,5,New York,Validation,72980,246,-0.22655760954987458,-0.23586496518240305,-0.21683532509957024,0.00099950024987506244,72980,2.7393961644853153,2.6655838047034095,2.4472346960315221,2.3472425222194868,2.1969654762766271,0.99999999999999989,-0.45230690373002302,__MLAT_CSV_NULL_V1__,-0.23252527842682044,True,__MLAT_CSV_NULL_V1__
parkinson_volatility_30,expansion,15,New York,Development,188850,638,-0.322235987764178,-0.3328592683290047,-0.31186924674575073,0.00099950024987506244,188850,5.3133245523579022,4.9488385340224754,4.439306810218306,4.1061027481349637,3.6823727339400461,0.99999999999999989,-0.6472434005679335,__MLAT_CSV_NULL_V1__,-0.33071769731062023,True,0.0015311493189575423
parkinson_volatility_30,expansion,15,New York,Validation,72980,246,-0.30976404737244362,-0.32671289134957199,-0.29298012446391858,0.00099950024987506244,72980,5.2728795348303743,4.9285203965895388,4.342482109134334,4.083285046631568,3.7811516410796333,0.99999999999999989,-0.56366900489982841,__MLAT_CSV_NULL_V1__,-0.2979753407507692,True,__MLAT_CSV_NULL_V1__
parkinson_volatility_30,expansion,30,New York,Development,188850,638,-0.4071780517314732,-0.42046857788893921,-0.39450590779959765,0.00099950024987506244,188850,8.5887554464930798,7.354331611777055,6.3919096533824709,5.755964990277195,5.0479239853297404,0.99999999999999989,-0.77577263734511848,__MLAT_CSV_NULL_V1__,-0.38522726525108048,True,0.0015311493189575423
parkinson_volatility_30,expansion,30,New York,Validation,72980,246,-0.40539276876141511,-0.42797844835609145,-0.38487259263302737,0.00099950024987506244,72980,8.6129249496989715,7.2838186635256985,6.1390940410894341,5.7249372717058202,5.2275860982665465,0.99999999999999989,-0.71490764380548477,__MLAT_CSV_NULL_V1__,-0.35355254674403608,True,__MLAT_CSV_NULL_V1__
parkinson_volatility_30,expansion,60,New York,Development,188850,638,-0.51205571444103559,-0.52702081627245656,-0.49739304719213956,0.00099950024987506244,188850,15.143065623369431,10.834914774897943,9.0622043215430352,7.9456088881270155,6.9169003724173921,0.99999999999999989,-0.99700982534513272,__MLAT_CSV_NULL_V1__,__MLAT_CSV_NULL_V1__,False,0.0015311493189575423
parkinson_volatility_30,expansion,60,New York,Validation,72980,246,-0.5267789823412744,-0.55284040944243484,-0.50051236710958957,0.00099950024987506244,72980,14.963613027745531,10.825995935063714,8.8122482620408,7.8224830430218688,7.0988957428482395,0.99999999999999989,-0.9615357230157684,__MLAT_CSV_NULL_V1__,__MLAT_CSV_NULL_V1__,False,__MLAT_CSV_NULL_V1__
parkinson_volatility_30,expansion,120,New York,Development,188850,638,-0.64217734064315768,-0.65708929060317867,-0.62772216670789405,0.00099950024987506244,188850,25.523750439447465,15.893932663592269,12.221378520926148,10.551289819278136,9.0216432374469289,0.99999999999999989,-1.354650175455844,__MLAT_CSV_NULL_V1__,__MLAT_CSV_NULL_V1__,False,0.0015311493189575423
parkinson_volatility_30,expansion,120,New York,Validation,72980,246,-0.67115469164221064,-0.69623771641119547,-0.64439320260013044,0.00099950024987506244,72980,25.160241338217514,16.033132598320254,11.962973163053103,10.481296634057864,9.2229630435995666,0.99999999999999989,-1.3275558895872124,__MLAT_CSV_NULL_V1__,__MLAT_CSV_NULL_V1__,False,__MLAT_CSV_NULL_V1__
parkinson_volatility_30,expansion,180,New York,Development,188850,638,-0.71427379807657765,-0.72757518452285541,-0.70000824169263254,0.00099950024987506244,188850,32.725173129713447,19.42132267662625,14.087649166221199,11.917203992220889,10.100374477354265,0.99999999999999989,-1.5582452377511258,__MLAT_CSV_NULL_V1__,__MLAT_CSV_NULL_V1__,False,0.0015311493189575423
parkinson_volatility_30,expansion,180,New York,Validation,72980,246,-0.74192209618636673,-0.765851148916456,-0.71667162196944112,0.00099950024987506244,72980,32.163934503998732,19.532755309157054,13.994863996193621,11.789136306875744,10.336939065874752,0.99999999999999989,-1.5984205892996721,__MLAT_CSV_NULL_V1__,__MLAT_CSV_NULL_V1__,False,__MLAT_CSV_NULL_V1__
parkinson_volatility_30,volatility,5,New York,Development,188850,638,0.45647946407098916,0.44307309304560744,0.47007076398367953,0.00099950024987506244,188850,3.7475931493787464,5.2600301380152956,6.4692611829994702,7.6614307152151948,10.349435074059828,0.99999999999999989,1.5526414772061079,__MLAT_CSV_NULL_V1__,0.45368637216306096,True,0.0014392803598200898
parkinson_volatility_30,volatility,5,New York,Validation,72980,246,0.48686784047365111,0.46645516120347663,0.50758949879360149,0.00099950024987506244,72980,3.7365894935231445,5.3057048718874151,6.3880597506254206,7.6524235342497384,10.64007479462084,0.99999999999999989,1.6612578648316461,__MLAT_CSV_NULL_V1__,0.49033575627858089,True,__MLAT_CSV_NULL_V1__
parkinson_volatility_30,volatility,15,New York,Development,188850,638,0.50224428445420521,0.4871268425186393,0.51641703227933911,0.00099950024987506244,188850,7.3166515127763958,10.136977779820063,11.825984792127702,13.841027799313146,18.130189849560647,0.99999999999999989,1.8065520030384823,__MLAT_CSV_NULL_V1__,0.50379559178481426,True,0.0014392803598200898
parkinson_volatility_30,volatility,15,New York,Validation,72980,246,0.54798045534924678,0.52648736130381513,0.56901985619941098,0.00099950024987506244,72980,7.3651669271290068,10.031955238751399,11.657542565156197,13.769385119372048,18.71421256634035,0.99999999999999989,1.7790106400492112,__MLAT_CSV_NULL_V1__,0.55718843399127316,True,__MLAT_CSV_NULL_V1__
parkinson_volatility_30,volatility,30,New York,Development,188850,638,0.43735345446497714,0.42078907603158922,0.45303653378839964,0.00099950024987506244,188850,11.809271380523796,15.101059973266844,17.05150813708401,19.59603145354906,25.120751947410564,0.99999999999999989,1.5910540359621956,__MLAT_CSV_NULL_V1__,0.48055883510428959,True,0.0014392803598200898
parkinson_volatility_30,volatility,30,New York,Validation,72980,246,0.49038579253559139,0.46675243450360532,0.51374652738771287,0.00099950024987506244,72980,11.988613115180481,14.864714061825328,16.757119749827108,19.560769815132922,26.017313698180313,0.99999999999999989,1.556669278585078,__MLAT_CSV_NULL_V1__,0.53325596389426166,True,__MLAT_CSV_NULL_V1__
parkinson_volatility_30,volatility,60,New York,Development,188850,638,0.27304612695728581,0.25532432389031778,0.29041150595189902,0.00099950024987506244,188850,20.252452321709193,22.2079044905438,24.075537272176792,27.166828979454372,34.387691542584989,0.99999999999999989,1.1621534076067523,__MLAT_CSV_NULL_V1__,__MLAT_CSV_NULL_V1__,False,0.0014392803598200898
parkinson_volatility_30,volatility,60,New York,Validation,72980,246,0.32257516331963021,0.29290512221712267,0.35215790710397515,0.00099950024987506244,72980,20.46062463693308,22.230420890284012,24.131768747308698,27.031472233948669,35.475264361534492,0.99999999999999989,1.1959411122957782,__MLAT_CSV_NULL_V1__,__MLAT_CSV_NULL_V1__,False,__MLAT_CSV_NULL_V1__
parkinson_volatility_30,volatility,120,New York,Development,188850,638,-0.00015717455211322566,-0.01550153683419123,0.015895032377622721,0.99750124937531237,188850,33.39484598594769,32.320374952540298,32.863795477205237,36.080255413227839,44.607687991479054,0.69999999999999996,0.69007483892592492,__MLAT_CSV_NULL_V1__,__MLAT_CSV_NULL_V1__,False,0.99750124937531248
parkinson_volatility_30,volatility,120,New York,Validation,72980,246,0.019565764805171068,-0.0098067862354352577,0.047232855813920525,0.20289855072463769,72980,34.334710127124481,33.546731641502348,33.2251785400884,36.126832255673477,46.118799207197469,0.59999999999999998,0.7239269797171235,__MLAT_CSV_NULL_V1__,__MLAT_CSV_NULL_V1__,False,__MLAT_CSV_NULL_V1__
parkinson_volatility_30,volatility,180,New York,Development,188850,638,-0.23498648903677541,-0.25023173439097107,-0.21925079540149472,0.00099950024987506244,188850,42.497000311799994,39.179745012878634,38.19213880659786,40.851891046145631,50.005711008000219,0.29999999999999999,0.40272209139194476,__MLAT_CSV_NULL_V1__,__MLAT_CSV_NULL_V1__,False,0.0014392803598200898
parkinson_volatility_30,volatility,180,New York,Validation,72980,246,-0.25055717878022671,-0.27672715714641288,-0.2236011344079043,0.00099950024987506244,72980,44.399252520526169,40.923971089876446,38.677823545496175,41.013723414749002,51.851212133900148,0.29999999999999999,0.4091361034673035,__MLAT_CSV_NULL_V1__,__MLAT_CSV_NULL_V1__,False,__MLAT_CSV_NULL_V1__
parkinson_volatility_30,path_risk,5,New York,Development,188850,638,-0.20707679424492692,-0.21365263124410994,-0.20038908991706203,0.00099950024987506244,188850,2.2564872320394369,2.1132281491989131,1.9947553232783408,1.8745827849966707,1.7289285514509605,0.99999999999999989,-0.42868445878011929,__MLAT_CSV_NULL_V1__,-0.21413355626974145,True,0.0015311493189575423
parkinson_volatility_30,path_risk,5,New York,Validation,72980,246,-0.19461108510117084,-0.20499438701813516,-0.18437167342826599,0.00099950024987506244,72980,2.1974008511089798,2.1266263891525736,1.9521326312912159,1.8579318097133324,1.7521030628376588,0.99999999999999989,-0.39094274280755847,__MLAT_CSV_NULL_V1__,-0.20347790426909021,True,__MLAT_CSV_NULL_V1__
parkinson_volatility_30,path_risk,15,New York,Development,188850,638,-0.27021857790657522,-0.28102660774189842,-0.26005896640575582,0.00099950024987506244,188850,4.2199013918127992,3.9357992834177358,3.5359216430950156,3.2726747836140047,2.9301451171881903,0.99999999999999989,-0.55277009388883191,__MLAT_CSV_NULL_V1__,-0.2742117307545906,True,0.0015311493189575423
parkinson_volatility_30,path_risk,15,New York,Validation,72980,246,-0.25752910605464413,-0.27544520659398936,-0.23972524105501614,0.00099950024987506244,72980,4.1647214845783207,3.9143855680223028,3.4387350186418857,3.2104332923137497,3.0164105150025056,0.99999999999999989,-0.48228279043733108,__MLAT_CSV_NULL_V1__,-0.24504073910621307,True,__MLAT_CSV_NULL_V1__
parkinson_volatility_30,path_risk,30,New York,Development,188850,638,-0.34650952482934738,-0.36002397878048747,-0.33339322427840051,0.00099950024987506244,188850,6.7794253116029664,5.836438374129898,5.0858334726028351,4.5845637755601549,4.0177711165361982,0.99999999999999989,-0.68392351857435141,__MLAT_CSV_NULL_V1__,-0.31806375442739071,True,0.0015311493189575423
parkinson_volatility_30,path_risk,30,New York,Validation,72980,246,-0.34395851098755609,-0.36559026762062535,-0.32032302988151445,0.00099950024987506244,72980,6.7779481685785132,5.7563249599871558,4.841384612488504,4.4947815750459421,4.1438411918104654,0.99999999999999989,-0.64505707373209653,__MLAT_CSV_NULL_V1__,-0.31079303675048353,True,__MLAT_CSV_NULL_V1__
parkinson_volatility_30,path_risk,60,New York,Development,188850,638,-0.4516529215379454,-0.46769096079986466,-0.43498320595447693,0.00099950024987506244,188850,11.9913866908645,8.5907339807576228,7.2270615411141002,6.3240806017287836,5.5092877433431342,0.99999999999999989,-0.89570202498278184,__MLAT_CSV_NULL_V1__,__MLAT_CSV_NULL_V1__,False,0.0015311493189575423
parkinson_volatility_30,path_risk,60,New York,Validation,72980,246,-0.45940042241798135,-0.48816162832280646,-0.43018181962993468,0.00099950024987506244,72980,11.66307997748606,8.4675313184332008,6.9216449393301129,6.1615448845454228,5.623050441876166,0.99999999999999989,-0.86663162779453429,__MLAT_CSV_NULL_V1__,__MLAT_CSV_NULL_V1__,False,__MLAT_CSV_NULL_V1__
parkinson_volatility_30,path_risk,120,New York,Development,188850,638,-0.58281912890146692,-0.59833665367466093,-0.56745279597572063,0.00099950024987506244,188850,20.183215874266352,12.511819183906038,9.7084219603578585,8.3791880408537249,7.2108168568376767,0.99999999999999989,-1.191284052689531,__MLAT_CSV_NULL_V1__,__MLAT_CSV_NULL_V1__,False,0.0015311493189575423
parkinson_volatility_30,path_risk,120,New York,Validation,72980,246,-0.59743303317317831,-0.62651836962859209,-0.56748708245982671,0.00099950024987506244,72980,19.217172630333017,12.52497549983708,9.4424960827827658,8.2958011880948099,7.2870731019177697,0.99999999999999989,-1.1691799262824967,__MLAT_CSV_NULL_V1__,__MLAT_CSV_NULL_V1__,False,__MLAT_CSV_NULL_V1__
parkinson_volatility_30,path_risk,180,New York,Development,188850,638,-0.65667295300830042,-0.67091624958915519,-0.64226015460340247,0.00099950024987506244,188850,25.804840225391754,15.184338473747173,11.168998051649082,9.473240699432333,8.0721883804033716,0.99999999999999989,-1.351756836405269,__MLAT_CSV_NULL_V1__,__MLAT_CSV_NULL_V1__,False,0.0015311493189575423
parkinson_volatility_30,path_risk,180,New York,Validation,72980,246,-0.67106470563386389,-0.69809650541266832,-0.64253681728759637,0.00099950024987506244,72980,24.690855571180229,15.179935740108286,11.097275462883177,9.340456302496202,8.158189585261006,0.99999999999999989,-1.4144143867513126,__MLAT_CSV_NULL_V1__,__MLAT_CSV_NULL_V1__,False,__MLAT_CSV_NULL_V1__
rogers_satchell_volatility_30,direction,5,New York,Development,188850,638,0.0034664465901697878,-0.0056340165084536155,0.012556882589676226,0.4847576211894053,188850,0.016229487468867095,-2.1694459045233204e-05,-0.021207432636131663,-0.007224773944235055,0.013054955647030478,0.29999999999999999,-0.0018870585745215389,0.023040456247416852,0.0026623961947708653,True,0.63459179501158514
rogers_satchell_volatility_30,direction,5,New York,Validation,72980,246,0.01731757273298298,0.002778272817799013,0.031524889917269837,0.015992003998000999,72980,-0.065911698727784032,-0.00015632880968079044,0.031952929994343821,0.021485972263603104,-0.044741983665908293,0.29999999999999999,0.012969986291718113,-0.48829530253712639,0.017685230748016065,True,__MLAT_CSV_NULL_V1__
rogers_satchell_volatility_30,direction,15,New York,Development,188850,638,0.0027473895384175994,-0.013006007294513153,0.017211446821707256,0.75862068965517238,188850,0.060177706649744277,-0.011711597587476703,-0.035389858395131743,-0.018962978095658535,0.013428693498042816,0.29999999999999999,-0.015245184038429586,-0.15919643676545581,0.00069130796800582529,True,0.88238957444354738
rogers_satchell_volatility_30,direction,15,New York,Validation,72980,246,0.018257679060660156,-0.004924206505036441,0.043023308331854991,0.12493753123438281,72980,-0.15014730740914342,0.026085964714648847,0.095829402518604084,0.045862526641513017,-0.13540848790275639,0.29999999999999999,0.0047857475028307223,-1.8619040300072294,0.025845240812635655,True,__MLAT_CSV_NULL_V1__
rogers_satchell_volatility_30,direction,30,New York,Development,188850,638,0.0026446381158915029,-0.018152360438760624,0.023422754007464259,0.79260369815092457,188850,0.089658202657821456,-0.017647795832353191,-0.021739026973407963,-0.069775934514964791,0.027408849128078418,0.39999999999999997,-0.012821095280184958,-0.0080027243698925221,0.0052975494006867784,True,0.88238957444354738
rogers_satchell_volatility_30,direction,30,New York,Validation,72980,246,0.0094318947024507223,-0.023825603587147422,0.043773038232556842,0.60069965017491256,72980,-0.12867501124653777,0.15881492381446471,0.025647557557702608,0.041776809363696606,-0.24926302231907901,0.29999999999999999,-0.024667270621999877,-4.2781364075688106,0.026760483468689082,True,__MLAT_CSV_NULL_V1__
rogers_satchell_volatility_30,direction,60,New York,Development,188850,638,0.0042740014282248709,-0.025731121348070193,0.032900126227190116,0.78860569715142426,188850,0.027296154989193421,0.066504281405017629,0.035939443199477304,-0.15094457215752047,0.001011437341669518,0.59999999999999998,-0.0031061145339144371,-0.2597885964070949,__MLAT_CSV_NULL_V1__,False,0.88238957444354738
rogers_satchell_volatility_30,direction,60,New York,Validation,72980,246,-0.016817287298210443,-0.059212018319592399,0.027896427854597713,0.4867566216891554,72980,0.31495153761364203,0.25385177621043525,-0.21978338869715974,-0.16122986818594992,-0.29681021645210481,0.8999999999999998,-0.075308014446899468,-8.1192967671880734,__MLAT_CSV_NULL_V1__,False,__MLAT_CSV_NULL_V1__
rogers_satchell_volatility_30,direction,120,New York,Development,188850,638,0.02228766204864023,-0.012371899405343931,0.05802876282097786,0.2158920539730135,188850,-0.12500639583960457,0.11480724882662911,0.083816645495376152,-0.33867270028085084,-0.00036160252412615034,0.19999999999999998,0.0092813232962152305,0.97762654234113688,__MLAT_CSV_NULL_V1__,False,0.45718317311932272
rogers_satchell_volatility_30,direction,120,New York,Validation,72980,246,-0.00090617558635571111,-0.060320220621676281,0.05819355288129676,0.94752623688155924,72980,0.27620212695060342,0.38772561658122018,-0.38657284868992886,-0.6037600099067244,-0.092607406497948935,0.59999999999999998,-0.029395725100431491,-5.4122131075288991,__MLAT_CSV_NULL_V1__,False,__MLAT_CSV_NULL_V1__
rogers_satchell_volatility_30,direction,180,New York,Development,188850,638,0.04883012287471334,0.011321287381661669,0.084271200233152946,0.013993003498250875,188850,-0.24259385665514649,0.21677934591469297,0.18157056253951628,-0.41874322151210586,-0.01375008820005459,0.19999999999999998,0.013764333147938368,1.488163535998257,__MLAT_CSV_NULL_V1__,False,0.035982008995502253
rogers_satchell_volatility_30,direction,180,New York,Validation,72980,246,0.0071701671936070296,-0.05784697783051547,0.071702209268112257,0.83858070964517739,72980,0.85571770199997665,0.31427468057461988,-0.30881424536530311,-0.5733942748708093,-0.03210501236934632,0.69999999999999996,-0.056251900569486625,-7.117478461175021,__MLAT_CSV_NULL_V1__,False,__MLAT_CSV_NULL_V1__
rogers_satchell_volatility_30,expansion,5,New York,Development,188850,638,-0.2230868714510221,-0.22983447124880241,-0.21623513469508895,0.00099950024987506244,188850,2.7790071296782131,2.6242579549955822,2.4931368056286316,2.3490447223561355,2.1809330701701506,0.99999999999999989,-0.47020712327629383,__MLAT_CSV_NULL_V1__,-0.23476186903993879,True,0.0015311493189575423
rogers_satchell_volatility_30,expansion,5,New York,Validation,72980,246,-0.21068845677179496,-0.22098759666577728,-0.1999990233409786,0.00099950024987506244,72980,2.7236751890981812,2.6666318442542423,2.4477757756531768,2.3659908540385084,2.1988920282187303,0.99999999999999989,-0.43380943544197048,__MLAT_CSV_NULL_V1__,-0.21654362360108367,True,__MLAT_CSV_NULL_V1__
rogers_satchell_volatility_30,expansion,15,New York,Development,188850,638,-0.30684271621974885,-0.31797036797947048,-0.29616552890499659,0.00099950024987506244,188850,5.3001694403825255,4.8971441308101715,4.4707355781230298,4.1092949295121501,3.7119221432383052,0.99999999999999989,-0.63105776497527655,__MLAT_CSV_NULL_V1__,-0.31389602359664848,True,0.0015311493189575423
rogers_satchell_volatility_30,expansion,15,New York,Validation,72980,246,-0.29087965320503828,-0.30936357814806414,-0.27308088574347805,0.00099950024987506244,72980,5.2333355120414122,4.9436961576859062,4.3500649843623691,4.1126874181142652,3.7855036923610004,0.99999999999999989,-0.54958837229373003,__MLAT_CSV_NULL_V1__,-0.27578813012438319,True,__MLAT_CSV_NULL_V1__
rogers_satchell_volatility_30,expansion,30,New York,Development,188850,638,-0.38822046167915142,-0.4008500158365631,-0.3738841033123862,0.00099950024987506244,188850,8.493503990242889,7.3619056854872458,6.400435335121152,5.7828859755762645,5.0957425420847855,0.99999999999999989,-0.7539569367041401,__MLAT_CSV_NULL_V1__,-0.3720635160358588,True,0.0015311493189575423
rogers_satchell_volatility_30,expansion,30,New York,Validation,72980,246,-0.38509844989824077,-0.40705058364924768,-0.36452711952126171,0.00099950024987506244,72980,8.5264936803956797,7.3238449677514526,6.187969696142833,5.7387242133434411,5.2507375665196809,0.99999999999999989,-0.7010170372190957,__MLAT_CSV_NULL_V1__,-0.33482914248871687,True,__MLAT_CSV_NULL_V1__
rogers_satchell_volatility_30,expansion,60,New York,Development,188850,638,-0.49162843341180001,-0.50752619198752302,-0.47567663651815811,0.00099950024987506244,188850,15.000581941853834,10.863395462557687,8.9900212118561633,8.063553360703537,6.9797751612711059,0.99999999999999989,-0.97369367251467487,__MLAT_CSV_NULL_V1__,__MLAT_CSV_NULL_V1__,False,0.0015311493189575423
rogers_satchell_volatility_30,expansion,60,New York,Validation,72980,246,-0.50284988599804981,-0.52904689258069537,-0.47614259383759716,0.00099950024987506244,72980,14.855362963891819,10.899405676338013,8.8248171826816897,7.8940631943651072,7.1510476970885133,0.99999999999999989,-0.94586353192784167,__MLAT_CSV_NULL_V1__,__MLAT_CSV_NULL_V1__,False,__MLAT_CSV_NULL_V1__
rogers_satchell_volatility_30,expansion,120,New York,Development,188850,638,-0.62149054176568097,-0.63665016895617232,-0.60581301054405101,0.00099950024987506244,188850,25.19552953910269,16.029218338013742,12.159546644649152,10.726424242823262,9.0891400578015524,0.99999999999999989,-1.3296974836833908,__MLAT_CSV_NULL_V1__,__MLAT_CSV_NULL_V1__,False,0.0015311493189575423
rogers_satchell_volatility_30,expansion,120,New York,Validation,72980,246,-0.65246009178465014,-0.67676317565924005,-0.62442783143090641,0.00099950024987506244,72980,25.172315548863111,16.112776880545287,11.868679102963739,10.646122809301007,9.2871541642132698,0.99999999999999989,-1.3298587854179613,__MLAT_CSV_NULL_V1__,__MLAT_CSV_NULL_V1__,False,__MLAT_CSV_NULL_V1__
rogers_satchell_volatility_30,expansion,180,New York,Development,188850,638,-0.69434488275506612,-0.7093198567739204,-0.67932363831544673,0.00099950024987506244,188850,32.310849506125017,19.578078197236664,14.067350097324496,12.149853464398559,10.130959093775541,0.99999999999999989,-1.5340497342680131,__MLAT_CSV_NULL_V1__,__MLAT_CSV_NULL_V1__,False,0.0015311493189575423
rogers_satchell_volatility_30,expansion,180,New York,Validation,72980,246,-0.72165984331678634,-0.74530463058724727,-0.69844303611456249,0.00099950024987506244,72980,32.06150489980687,19.768680196450656,13.857223708278097,11.977551757818997,10.447186723594704,0.99999999999999989,-1.5891366243268663,__MLAT_CSV_NULL_V1__,__MLAT_CSV_NULL_V1__,False,__MLAT_CSV_NULL_V1__
rogers_satchell_volatility_30,volatility,5,New York,Development,188850,638,0.46171729253765453,0.44856283849138845,0.47596058410587494,0.00099950024987506244,188850,3.7673544819026268,5.2554620515905013,6.502935387982502,7.6529343018635405,10.309122187638119,0.99999999999999989,1.53853200831448,__MLAT_CSV_NULL_V1__,0.45778454264064505,True,0.0014392803598200898
rogers_satchell_volatility_30,volatility,5,New York,Validation,72980,246,0.49678213643024416,0.47705873096833634,0.51714732684869069,0.00099950024987506244,72980,3.736466818459443,5.3068649306040259,6.3891545373404934,7.6343366663518673,10.534342333593106,0.99999999999999989,1.6201983176987291,__MLAT_CSV_NULL_V1__,0.49978586268892367,True,__MLAT_CSV_NULL_V1__
rogers_satchell_volatility_30,volatility,15,New York,Development,188850,638,0.50974259772364672,0.49245832249702498,0.52468903001309419,0.00099950024987506244,188850,7.3551484005380425,10.063780218992465,11.938081383794442,13.802771702062241,18.091081502677763,0.99999999999999989,1.7849878970244275,__MLAT_CSV_NULL_V1__,0.5084461868638076,True,0.0014392803598200898
rogers_satchell_volatility_30,volatility,15,New York,Validation,72980,246,0.55748652489503681,0.53612339904659601,0.57889699096059044,0.00099950024987506244,72980,7.3996730617622086,10.023909136797336,11.662497024996149,13.718446333320777,18.534525170993341,0.99999999999999989,1.7054626900622647,__MLAT_CSV_NULL_V1__,0.57058585266412032,True,__MLAT_CSV_NULL_V1__
rogers_satchell_volatility_30,volatility,30,New York,Development,188850,638,0.45064403084940019,0.43438591238751173,0.46704594329701415,0.00099950024987506244,188850,11.777427101036537,15.111506642540482,17.128761138083988,19.533693258071938,25.123461142975426,0.99999999999999989,1.6074404123493895,__MLAT_CSV_NULL_V1__,0.48591105863833128,True,0.0014392803598200898
rogers_satchell_volatility_30,volatility,30,New York,Validation,72980,246,0.50116703024101794,0.47766332154649216,0.52525266994594055,0.00099950024987506244,72980,12.040723927188992,14.823138593367787,16.781065556935204,19.487076868069643,25.808502248175692,0.99999999999999989,1.4972883406585387,__MLAT_CSV_NULL_V1__,0.54315925209542226,True,__MLAT_CSV_NULL_V1__
rogers_satchell_volatility_30,volatility,60,New York,Development,188850,638,0.29162071558132685,0.27368264084088234,0.31021839865840672,0.00099950024987506244,188850,20.192681425210338,22.234710988179938,24.08165284328836,27.183946158303552,34.392704599018337,0.99999999999999989,1.1714004635947195,__MLAT_CSV_NULL_V1__,__MLAT_CSV_NULL_V1__,False,0.0014392803598200898
rogers_satchell_volatility_30,volatility,60,New York,Validation,72980,246,0.33952930314236163,0.3085403225821447,0.37042645994741052,0.00099950024987506244,72980,20.484375776043787,22.129474336185165,24.138603304744496,27.05939795213332,35.236541601153377,0.99999999999999989,1.16192743350258,__MLAT_CSV_NULL_V1__,__MLAT_CSV_NULL_V1__,False,__MLAT_CSV_NULL_V1__
rogers_satchell_volatility_30,volatility,120,New York,Development,188850,638,0.014533910941672301,-0.0038425983006996484,0.032126810538808045,0.11594202898550725,188850,33.160719780337161,32.548613861104954,32.853144877817861,36.170029641103,44.522845616543002,0.69999999999999996,0.70776455270936045,__MLAT_CSV_NULL_V1__,__MLAT_CSV_NULL_V1__,False,0.1391304347826087
rogers_satchell_volatility_30,volatility,120,New York,Validation,72980,246,0.036856127028539798,0.0048667139141812229,0.068761278791317604,0.029985007496251874,72980,34.371649678978891,33.455865882491516,33.18945844440335,36.140325216034249,45.930481915804179,0.59999999999999998,0.70503076135487852,__MLAT_CSV_NULL_V1__,__MLAT_CSV_NULL_V1__,False,__MLAT_CSV_NULL_V1__
rogers_satchell_volatility_30,volatility,180,New York,Development,188850,638,-0.22172320041308075,-0.23808326791488088,-0.20449928857882321,0.00099950024987506244,188850,42.228162216180145,39.473837502653033,38.131659272180428,41.002363520479499,49.878656989999875,0.29999999999999999,0.41504537925299956,__MLAT_CSV_NULL_V1__,__MLAT_CSV_NULL_V1__,False,0.0014392803598200898
rogers_satchell_volatility_30,volatility,180,New York,Validation,72980,246,-0.23255970727017158,-0.26204395759991617,-0.20197272573206534,0.00099950024987506244,72980,44.293339825986301,40.974041064427418,38.651837376964608,41.011760503323131,51.697261997595838,0.29999999999999999,0.40473557473077426,__MLAT_CSV_NULL_V1__,__MLAT_CSV_NULL_V1__,False,__MLAT_CSV_NULL_V1__
rogers_satchell_volatility_30,path_risk,5,New York,Development,188850,638,-0.19439419724652721,-0.20105069666392855,-0.18711094570902773,0.00099950024987506244,188850,2.2462396424542685,2.1064171700422545,2.0014630174066541,1.8766564360578597,1.7367075069673275,0.99999999999999989,-0.4151082619088165,__MLAT_CSV_NULL_V1__,-0.20171567747298796,True,0.0015311493189575423
rogers_satchell_volatility_30,path_risk,5,New York,Validation,72980,246,-0.17915689834841819,-0.19027416207999417,-0.16772877672724754,0.00099950024987506244,72980,2.18424965336864,2.1254015662967576,1.9523847808822412,1.8763551832330989,1.7530446512262767,0.99999999999999989,-0.37261099448403784,__MLAT_CSV_NULL_V1__,-0.18822008945293481,True,__MLAT_CSV_NULL_V1__
rogers_satchell_volatility_30,path_risk,15,New York,Development,188850,638,-0.25637297883097721,-0.26803999385151095,-0.24511495508598249,0.00099950024987506244,188850,4.2102625176158535,3.8865961106333877,3.5668158814917326,3.2766821538440078,2.9535492022384031,0.99999999999999989,-0.54066909099024008,__MLAT_CSV_NULL_V1__,-0.25830272575983387,True,0.0015311493189575423
rogers_satchell_volatility_30,path_risk,15,New York,Validation,72980,246,-0.24102657800242097,-0.25966961232804381,-0.22341940871403818,0.00099950024987506244,72980,4.1360637496964259,3.9203321949339331,3.4412852460607164,3.2407617222097826,3.0188260138781668,0.99999999999999989,-0.46667594837320053,__MLAT_CSV_NULL_V1__,-0.22437773293196475,True,__MLAT_CSV_NULL_V1__
rogers_satchell_volatility_30,path_risk,30,New York,Development,188850,638,-0.33037173224862498,-0.34471824286370678,-0.31666100629103239,0.00099950024987506244,188850,6.7067607109870169,5.831326390702257,5.1025745306268249,4.5990906443031454,4.060870464294319,0.99999999999999989,-0.66270704630490118,__MLAT_CSV_NULL_V1__,-0.30808736717827623,True,0.0015311493189575423
rogers_satchell_volatility_30,path_risk,30,New York,Validation,72980,246,-0.32642982799460291,-0.35064616249456226,-0.30351886543107304,0.00099950024987506244,72980,6.7132191045979317,5.7815248351179687,4.880726182160493,4.5050833612950401,4.1638956569088474,0.99999999999999989,-0.62888021921222992,__MLAT_CSV_NULL_V1__,-0.29573178594455191,True,__MLAT_CSV_NULL_V1__
rogers_satchell_volatility_30,path_risk,60,New York,Development,188850,638,-0.43375334926681314,-0.44964616396789253,-0.4177523124363593,0.00099950024987506244,188850,11.864893806446016,8.6175057338090983,7.1713491533424278,6.4150016960328182,5.5688036413907156,0.99999999999999989,-0.87259545104363334,__MLAT_CSV_NULL_V1__,__MLAT_CSV_NULL_V1__,False,0.0015311493189575423
rogers_satchell_volatility_30,path_risk,60,New York,Validation,72980,246,-0.43772351978277935,-0.46562151332782303,-0.40809639082176713,0.00099950024987506244,72980,11.577650752638339,8.5279737520903147,6.9360447283288096,6.2107247151869105,5.6619234991266234,0.99999999999999989,-0.8517151232572272,__MLAT_CSV_NULL_V1__,__MLAT_CSV_NULL_V1__,False,__MLAT_CSV_NULL_V1__
rogers_satchell_volatility_30,path_risk,120,New York,Development,188850,638,-0.56525697633802274,-0.58171597701308597,-0.54850710613376885,0.00099950024987506244,188850,19.852206724343013,12.667326845854648,9.674876338351087,8.519895768123174,7.265883732657878,0.99999999999999989,-1.1670480447342075,__MLAT_CSV_NULL_V1__,__MLAT_CSV_NULL_V1__,False,0.0015311493189575423
rogers_satchell_volatility_30,path_risk,120,New York,Validation,72980,246,-0.58399994397806632,-0.61092555650512514,-0.55508594949149193,0.00099950024987506244,72980,19.252725972958224,12.564922274194894,9.3740864491399662,8.4192167997122738,7.3284376778109124,0.99999999999999989,-1.1745872296081581,__MLAT_CSV_NULL_V1__,__MLAT_CSV_NULL_V1__,False,__MLAT_CSV_NULL_V1__
rogers_satchell_volatility_30,path_risk,180,New York,Development,188850,638,-0.63935520155539638,-0.65380251024951419,-0.62355900341382708,0.00099950024987506244,188850,25.397179070125244,15.355268948621456,11.175933563147662,9.6653284078054291,8.0941704908914804,0.99999999999999989,-1.329992895323836,__MLAT_CSV_NULL_V1__,__MLAT_CSV_NULL_V1__,False,0.0015311493189575423
rogers_satchell_volatility_30,path_risk,180,New York,Validation,72980,246,-0.65409673373111454,-0.68161786147753989,-0.62560800526238236,0.00099950024987506244,72980,24.571988828594073,15.426843314424504,10.97351581428631,9.4770519399961888,8.2371218379168027,0.99999999999999989,-1.4052155437010123,__MLAT_CSV_NULL_V1__,__MLAT_CSV_NULL_V1__,False,__MLAT_CSV_NULL_V1__
realized_semivariance_balance_60,direction,5,New York,Development,188760,638,-0.08460401999236461,-0.093452434587023875,-0.075482635591063593,0.00099950024987506244,188760,0.038883689523549862,0.0030951909734027649,-0.020415615724964767,-0.021227884682176644,0.00070865757359319119,0.69999999999999996,-0.022463688483879352,-0.065320703503431443,-0.08259104119858704,True,0.0029985007496251873
realized_semivariance_balance_60,direction,5,New York,Validation,72895,246,-0.087038114180468321,-0.10085190773206464,-0.072912988233534898,0.00099950024987506244,72895,-0.0226037023208772,0.010193125031606617,0.0045720028344421329,-0.042277764382962817,-0.0084198919020832819,0.19999999999999998,0.0084019195161440675,0.30175926827367727,-0.082195832654752887,True,__MLAT_CSV_NULL_V1__
realized_semivariance_balance_60,direction,15,New York,Development,188760,638,-0.12024796939101126,-0.13519149977563319,-0.10497589108521001,0.00099950024987506244,188760,0.037333257326569544,0.019135136118639293,-0.050097191263492748,-0.011597326856873393,0.011744844068464658,0.59999999999999998,-0.008391353035867518,0.37558326830180933,-0.12079373553322893,True,0.0029985007496251873
realized_semivariance_balance_60,direction,15,New York,Validation,72895,246,-0.13033202705712432,-0.15347801490724469,-0.10766755852314089,0.00099950024987506244,72895,-0.047128621177970662,0.042570224421835716,-0.053313868518972372,-0.045798918495630121,-0.022545825043423375,0.19999999999999998,0.0082750403387868883,0.15648714282209242,-0.11645373894755531,True,__MLAT_CSV_NULL_V1__
realized_semivariance_balance_60,direction,30,New York,Development,188760,638,-0.15675641517891642,-0.17497918049861572,-0.13818131720552962,0.00099950024987506244,188760,0.070222014984434644,0.044448110766612807,-0.033988138511132707,-0.059583588955416225,-0.014038453602120346,0.69999999999999996,-0.018370612694682143,0.50838747973497589,-0.13179013539098949,True,0.0029985007496251873
realized_semivariance_balance_60,direction,30,New York,Validation,72895,246,-0.16523474657838957,-0.19399699646832241,-0.1352137020691454,0.00099950024987506244,72895,-0.13404144436447812,0.073464217424779182,-0.10739355546204932,0.017750808637448278,-0.017550690914944975,0.29999999999999999,0.027153755454250771,1.1144260774499273,-0.12523253848822605,True,__MLAT_CSV_NULL_V1__
realized_semivariance_balance_60,direction,60,New York,Development,188760,638,-0.21172041792541876,-0.23357248648425127,-0.18925629340310107,0.00099950024987506244,188760,-0.12353382850591867,0.28523738381419855,0.082899117953343787,-0.14020014214319854,-0.12016461445764377,0.19999999999999998,0.0004750402785267714,1.8417527813282679,__MLAT_CSV_NULL_V1__,False,0.0029985007496251873
realized_semivariance_balance_60,direction,60,New York,Validation,72895,246,-0.2075085954951997,-0.24270019644974725,-0.17229985495826358,0.00099950024987506244,72895,-0.37093077928973417,0.052973891222352888,-0.0082938240057975621,0.13308395906360507,0.10366399090295618,0.79999999999999993,0.077249254470276682,2.6093543606905287,__MLAT_CSV_NULL_V1__,False,__MLAT_CSV_NULL_V1__
realized_semivariance_balance_60,direction,120,New York,Development,188760,638,-0.29842821179954804,-0.3197598374590096,-0.27699415578844017,0.00099950024987506244,188760,-0.2745885459171386,0.28983533898641062,0.0033919134160621299,0.080581345166772719,-0.36251460027666255,0.29999999999999999,-0.0084697455046242598,1.2809070984030653,__MLAT_CSV_NULL_V1__,False,0.0029985007496251873
realized_semivariance_balance_60,direction,120,New York,Validation,72895,246,-0.26056552150498208,-0.29778711975873851,-0.22493802049537756,0.00099950024987506244,72895,-0.65154440088950127,-0.1998477709574524,-0.27975704719591998,0.43784729738552652,0.400923800998917,0.79999999999999993,0.11713929714325018,5.0811104961772466,__MLAT_CSV_NULL_V1__,False,__MLAT_CSV_NULL_V1__
realized_semivariance_balance_60,direction,180,New York,Development,188760,638,-0.35380278742497578,-0.37519848676052392,-0.33223187796428699,0.00099950024987506244,188760,-0.24035644557159017,0.35390933968847127,0.13254650766813467,0.033273380877113991,-0.5705114731841745,0.39999999999999997,-0.026493907509814178,0.13556171089037061,__MLAT_CSV_NULL_V1__,False,0.0029985007496251873
realized_semivariance_balance_60,direction,180,New York,Validation,72895,246,-0.31911742259154136,-0.35713223904545155,-0.27960756769406503,0.00099950024987506244,72895,-0.88481721400300639,0.045928984325651588,-0.064597055103026005,0.45836689800109703,0.77420003832577422,0.8999999999999998,0.14653468637223913,9.6100123609040686,__MLAT_CSV_NULL_V1__,False,__MLAT_CSV_NULL_V1__
realized_semivariance_balance_60,expansion,5,New York,Development,188760,638,-0.0099913817538509943,-0.020323704550092823,0.00011597830914526633,0.053973013493253376,188760,2.4876034891910073,2.487091709161938,2.4953221649645267,2.4969048900954807,2.4411903194994893,0.099999999999999992,-0.032112436915519925,__MLAT_CSV_NULL_V1__,-0.0087640727431788409,True,0.074731864836812364
realized_semivariance_balance_60,expansion,5,New York,Validation,72895,246,0.00032576185162500748,-0.014425154668690156,0.015406850461153023,0.98050974512743627,72895,2.4906522214230575,2.4600830246726404,2.5120637701375199,2.4607660995368863,2.4585145754553248,0.49999999999999994,-0.022694318391056709,__MLAT_CSV_NULL_V1__,0.0050841649481596146,True,__MLAT_CSV_NULL_V1__
realized_semivariance_balance_60,expansion,15,New York,Development,188760,638,0.00041139956393446917,-0.01472285723933024,0.016879380690640454,0.97751124437781112,188760,4.3807226432185891,4.4936664944368072,4.5807133015518149,4.5890430035240621,4.396757669552029,0.39999999999999997,0.005986234386909991,__MLAT_CSV_NULL_V1__,0.0086214206541100694,True,0.99127900838313254
realized_semivariance_balance_60,expansion,15,New York,Validation,72895,246,0.001807195129731739,-0.022870146935322071,0.027015905283354118,0.85757121439280359,72895,4.4648417731065768,4.450978759167036,4.5936057660868679,4.4485642704255177,4.3993246699774842,0.69999999999999996,-0.025291588536932089,__MLAT_CSV_NULL_V1__,0.0050689486665096402,True,__MLAT_CSV_NULL_V1__
realized_semivariance_balance_60,expansion,30,New York,Development,188760,638,0.013527301584911538,-0.0060880617399357208,0.034503692578209212,0.18490754622688654,188760,6.2798897282686914,6.5743485078269952,6.8422806325174781,6.8534678599042875,6.4732582273944681,0.39999999999999997,0.045526592616228177,__MLAT_CSV_NULL_V1__,0.033168696353219583,True,0.23356742681290932
realized_semivariance_balance_60,expansion,30,New York,Validation,72895,246,0.0015250019522743562,-0.03169765256562028,0.035435134842102999,0.97851074462768617,72895,6.507338577090735,6.5992698602933677,6.8451240561660436,6.5617544476348675,6.3320061647229382,0.29999999999999999,-0.043890579733359331,__MLAT_CSV_NULL_V1__,-0.0080808080808080791,False,__MLAT_CSV_NULL_V1__
realized_semivariance_balance_60,expansion,60,New York,Development,188760,638,0.016852787879089413,-0.009172734985330935,0.043069873220702486,0.21089455272363819,188760,9.0966215216676503,9.8748171038817922,10.491079065706318,10.447890980656153,9.6930103811011055,0.29999999999999999,0.086961314231825765,__MLAT_CSV_NULL_V1__,__MLAT_CSV_NULL_V1__,False,0.25736284400172793
realized_semivariance_balance_60,expansion,60,New York,Validation,72895,246,0.019918841178573354,-0.025059718660554675,0.06184219329732716,0.37981009495252371,72895,9.4724199606741344,10.056080256558628,10.485715213052766,9.9050594460327552,9.2334371741222654,0.29999999999999999,-0.038275751927755335,__MLAT_CSV_NULL_V1__,__MLAT_CSV_NULL_V1__,False,__MLAT_CSV_NULL_V1__
realized_semivariance_balance_60,expansion,120,New York,Development,188760,638,0.025889903768284154,-0.0043303127893502685,0.055694223574330008,0.093953023488255877,188760,12.905470694175458,14.479076926403115,15.338289334340521,15.717815645798485,14.132280992151951,0.39999999999999997,0.11835000529231041,__MLAT_CSV_NULL_V1__,__MLAT_CSV_NULL_V1__,False,0.12763429605951743
realized_semivariance_balance_60,expansion,120,New York,Validation,72895,246,0.032292442461165555,-0.017630533084129426,0.084185500373018765,0.20289855072463769,72895,13.467779666923963,14.86415465156897,15.573433147466613,14.836316648140093,13.291176246959363,0.29999999999999999,-0.018624871320304406,__MLAT_CSV_NULL_V1__,__MLAT_CSV_NULL_V1__,False,__MLAT_CSV_NULL_V1__
realized_semivariance_balance_60,expansion,180,New York,Development,188760,638,0.038155267111810581,0.0081272121591970288,0.069661798437629291,0.014992503748125937,188760,15.325667433880801,17.459079237900088,18.528758731908827,19.23209655266793,16.825021034284898,0.39999999999999997,0.11704268033526367,__MLAT_CSV_NULL_V1__,__MLAT_CSV_NULL_V1__,False,0.021589205397301348
realized_semivariance_balance_60,expansion,180,New York,Validation,72895,246,0.037210325421250932,-0.01521713236718308,0.088261554744328383,0.14992503748125938,72895,16.038467760981142,18.01536010786182,18.828979014822593,17.817460837871419,16.037979537771726,0.29999999999999999,-4.0500829351635309e-05,__MLAT_CSV_NULL_V1__,__MLAT_CSV_NULL_V1__,False,__MLAT_CSV_NULL_V1__
realized_semivariance_balance_60,volatility,5,New York,Development,188760,638,-0.044786694694862988,-0.065838174566613519,-0.023400100162026666,0.00099950024987506244,188760,7.7472324143706581,6.3876996553916268,6.2039204562884844,6.1538988542087463,7.1718336515762529,0.39999999999999997,-0.11239446943785765,__MLAT_CSV_NULL_V1__,-0.043942219003768261,True,0.0014392803598200898
realized_semivariance_balance_60,volatility,5,New York,Validation,72895,246,-0.054999470867590355,-0.088060502151854333,-0.019495189970861086,0.0019990004997501249,72895,8.0954194399526216,6.3828845181576526,6.1340957726659218,6.0885517757736958,7.2205962584799712,0.39999999999999997,-0.17220197818417243,__MLAT_CSV_NULL_V1__,-0.058760033510208365,True,__MLAT_CSV_NULL_V1__
realized_semivariance_balance_60,volatility,15,New York,Development,188760,638,-0.045774108580517149,-0.070582076438836405,-0.021214703327198485,0.00099950024987506244,188760,13.809747194274122,11.750651434244832,11.503851830069889,11.404067078302345,13.078013166778161,0.39999999999999997,-0.096796072544604733,__MLAT_CSV_NULL_V1__,-0.044054810890636578,True,0.0014392803598200898
realized_semivariance_balance_60,volatility,15,New York,Validation,72895,246,-0.055675609788821842,-0.09351031835841038,-0.01429504043494736,0.0059970014992503746,72895,14.433784721228188,11.771108003610619,11.31032085863246,11.316471017390816,13.025939998549472,0.29999999999999999,-0.19035180852515432,__MLAT_CSV_NULL_V1__,-0.064168503264629514,True,__MLAT_CSV_NULL_V1__
realized_semivariance_balance_60,volatility,30,New York,Development,188760,638,-0.036478714019306961,-0.062251730583067433,-0.010773960545057354,0.0099950024987506252,188760,19.476218345123709,17.041890950049229,16.901102721100976,16.717616725324223,18.898330938391869,0.39999999999999997,-0.059134460914031843,__MLAT_CSV_NULL_V1__,-0.028266350289188783,True,0.013326669998334166
realized_semivariance_balance_60,volatility,30,New York,Validation,72895,246,-0.046390886021809338,-0.088243357295887587,-0.0013309471470079411,0.040979510244877559,72895,20.452858864954695,17.167058338362814,16.714614812113616,16.550789094962941,18.671484478005418,0.39999999999999997,-0.18885148452561881,__MLAT_CSV_NULL_V1__,-0.071328671328671309,True,__MLAT_CSV_NULL_V1__
realized_semivariance_balance_60,volatility,60,New York,Development,188760,638,-0.012409566586419476,-0.040351550072374988,0.015466123410299565,0.3918040979510245,188760,27.223488778920611,24.650612655255376,24.834504115581947,24.576269790852706,27.133463056446484,0.29999999999999999,-0.0073120665319175741,__MLAT_CSV_NULL_V1__,__MLAT_CSV_NULL_V1__,False,0.42104320973841441
realized_semivariance_balance_60,volatility,60,New York,Validation,72895,246,-0.042918617970127491,-0.086301958153485347,-0.0013968891576850765,0.042978510744627683,72895,28.850109327505734,25.290479509612595,24.623224994009977,24.181253432937751,26.707374148173106,0.39999999999999997,-0.17905694064852137,__MLAT_CSV_NULL_V1__,__MLAT_CSV_NULL_V1__,False,__MLAT_CSV_NULL_V1__
realized_semivariance_balance_60,volatility,120,New York,Development,188760,638,0.0052272744474081466,-0.023644237359920349,0.035655728547695803,0.71464267866066966,188760,37.124538575024687,34.601299053302007,34.989883876520778,34.991347925182396,37.71599035903138,0.39999999999999997,0.038390264502054156,__MLAT_CSV_NULL_V1__,__MLAT_CSV_NULL_V1__,False,0.7350610409081173
realized_semivariance_balance_60,volatility,120,New York,Validation,72895,246,-0.0095027595929268998,-0.057136005057558684,0.039819705140935233,0.70164917541229388,72895,39.690136318660308,35.930239825258973,35.441519470911885,34.827106371723758,37.529935156187676,0.39999999999999997,-0.14304998379490141,__MLAT_CSV_NULL_V1__,__MLAT_CSV_NULL_V1__,False,__MLAT_CSV_NULL_V1__
realized_semivariance_balance_60,volatility,180,New York,Development,188760,638,0.015210862366197855,-0.016648241021732992,0.047757676499311348,0.3188405797101449,188760,43.087745470038293,40.824555190239423,41.354473741175973,41.56597407237679,43.88640972235536,0.39999999999999997,0.045957029914562568,__MLAT_CSV_NULL_V1__,__MLAT_CSV_NULL_V1__,False,0.34782608695652173
realized_semivariance_balance_60,volatility,180,New York,Validation,72895,246,0.00055848955533459841,-0.045732523934380515,0.050035266744258865,0.96851574212893554,72895,46.122637441753533,42.383138915135731,42.433509150447577,41.580656811413569,44.237007716391098,0.29999999999999999,-0.11137359499867415,__MLAT_CSV_NULL_V1__,__MLAT_CSV_NULL_V1__,False,__MLAT_CSV_NULL_V1__
realized_semivariance_balance_60,path_risk,5,New York,Development,188760,638,-0.0087412319203487316,-0.018198349472178493,0.0011184479067239434,0.077961019490254871,188760,1.9901117772740369,1.9967489723156155,1.9985343073982156,2.0075913951745843,1.9588207194870706,0,-0.023128187658729538,__MLAT_CSV_NULL_V1__,-0.0076380586720871816,True,0.11006261575094806
realized_semivariance_balance_60,path_risk,5,New York,Validation,72895,246,-0.0037676191803594039,-0.017408731494106586,0.010146328515538186,0.60769615192403803,72895,1.9905424300976002,1.9610925979368461,2.0087706026395749,1.957252303446732,1.9552011397107574,0.69999999999999996,-0.027418603229260062,__MLAT_CSV_NULL_V1__,-0.0013749220523708392,True,__MLAT_CSV_NULL_V1__
realized_semivariance_balance_60,path_risk,15,New York,Development,188760,638,0.0021907846643412624,-0.012201304101068892,0.016564775208362841,0.76961519240379805,188760,3.4742535944365183,3.5678632091695923,3.6344842836299249,3.6625110649131272,3.5170886000646315,0.39999999999999997,0.017474225649039835,__MLAT_CSV_NULL_V1__,0.015413924491147282,True,0.83456779073149989
realized_semivariance_balance_60,path_risk,15,New York,Validation,72895,246,-0.0025901866322370496,-0.024970227521090946,0.019744016228895257,0.8215892053973014,72895,3.5424870470178118,3.5254824386767534,3.6591402865435265,3.500567480930576,3.4735401004521766,0.69999999999999996,-0.029937292529696725,__MLAT_CSV_NULL_V1__,-0.0098289008275294146,True,__MLAT_CSV_NULL_V1__
realized_semivariance_balance_60,path_risk,30,New York,Development,188760,638,0.012661188769836155,-0.0065841468068847829,0.032096444527071298,0.1969015492253873,188760,4.9577219239099994,5.1883996598498205,5.4140494772843271,5.4745305743091768,5.1799773576591015,0.39999999999999997,0.058441367863022502,__MLAT_CSV_NULL_V1__,0.036946957338474466,True,0.25776202807687065
realized_semivariance_balance_60,path_risk,30,New York,Validation,72895,246,-0.0022120289062954445,-0.032348583866588024,0.028191808941815173,0.85757121439280359,72895,5.1242231946158201,5.1904264445299511,5.4445828696746519,5.1652388463089549,4.9697789450880281,0.29999999999999999,-0.045093929641622128,__MLAT_CSV_NULL_V1__,-0.009686609686609688,True,__MLAT_CSV_NULL_V1__
realized_semivariance_balance_60,path_risk,60,New York,Development,188760,638,0.02118809477324593,-0.0048970542698197504,0.047590632957672692,0.11594202898550725,188760,7.154409640292652,7.7959190816639827,8.3179472951946032,8.3442897420769775,7.7971146732083385,0.69999999999999996,0.10645104114061087,__MLAT_CSV_NULL_V1__,__MLAT_CSV_NULL_V1__,False,0.15750615258408532
realized_semivariance_balance_60,path_risk,60,New York,Validation,72895,246,0.0060579169432010815,-0.034698121654404578,0.045057393935448137,0.75862068965517238,72895,7.3526464558912066,7.8497564811160672,8.3300175427057237,7.7943843868279394,7.220667256384357,0.29999999999999999,-0.025307738394025881,__MLAT_CSV_NULL_V1__,__MLAT_CSV_NULL_V1__,False,__MLAT_CSV_NULL_V1__
realized_semivariance_balance_60,path_risk,120,New York,Development,188760,638,0.030420041248086709,-0.00024848804790600463,0.060952714421503393,0.053973013493253376,188760,10.19421835245841,11.367037993223319,12.069667873900068,12.505098718686998,11.359273548516009,0.39999999999999997,0.12657667338664971,__MLAT_CSV_NULL_V1__,__MLAT_CSV_NULL_V1__,False,0.077721139430284858
realized_semivariance_balance_60,path_risk,120,New York,Validation,72895,246,0.022018426963377653,-0.027728902432266871,0.070769678336044556,0.38280859570214892,72895,10.410763767441184,11.494549857503616,12.275474018834011,11.660198063036786,10.279311632801798,0.099999999999999992,-0.017049190741121482,__MLAT_CSV_NULL_V1__,__MLAT_CSV_NULL_V1__,False,__MLAT_CSV_NULL_V1__
realized_semivariance_balance_60,path_risk,180,New York,Development,188760,638,0.042119031011989036,0.0098963127589572746,0.072474947819039459,0.0099950024987506252,188760,12.07872172066161,13.700811411499251,14.558399443373679,15.264312184759516,13.411903823179532,0.39999999999999997,0.1189342130856374,__MLAT_CSV_NULL_V1__,__MLAT_CSV_NULL_V1__,False,0.01468653428387847
realized_semivariance_balance_60,path_risk,180,New York,Validation,72895,246,0.031516773407230914,-0.019429688913072309,0.08526690874884002,0.20989505247376311,72895,12.323416426102529,13.947836018679704,14.868521164135252,14.038827381189222,12.440714420228186,0.29999999999999999,0.011999533452868269,__MLAT_CSV_NULL_V1__,__MLAT_CSV_NULL_V1__,False,__MLAT_CSV_NULL_V1__
bipower_jump_ratio_60,direction,5,New York,Development,188756,638,0.0014722659805589456,-0.0073425910912732007,0.010641625676017955,0.72463768115942029,188756,__MLAT_CSV_NULL_V1__,__MLAT_CSV_NULL_V1__,-0.0063138340660149365,-0.0092788410355807444,0.029350376797065005,0.5,__MLAT_CSV_NULL_V1__,__MLAT_CSV_NULL_V1__,0.0023340648200508175,True,0.88155922038980516
bipower_jump_ratio_60,direction,5,New York,Validation,72891,246,-0.0082178563305144343,-0.024469744612070059,0.0064185810221283127,0.28585707146426786,72891,__MLAT_CSV_NULL_V1__,__MLAT_CSV_NULL_V1__,-0.014689427996673622,-0.021823962436494138,0.0089497841674619615,0.5,__MLAT_CSV_NULL_V1__,__MLAT_CSV_NULL_V1__,-0.0058263389674112149,True,__MLAT_CSV_NULL_V1__
bipower_jump_ratio_60,direction,15,New York,Development,188756,638,-0.0015987814674622658,-0.016913726936278461,0.013466498835450116,0.79660169915042478,188756,__MLAT_CSV_NULL_V1__,__MLAT_CSV_NULL_V1__,-0.0066016826868173905,-0.047257185416081038,0.073785098659246567,0.5,__MLAT_CSV_NULL_V1__,__MLAT_CSV_NULL_V1__,-0.0059519246391448689,True,0.88238957444354738
bipower_jump_ratio_60,direction,15,New York,Validation,72891,246,-0.017801035700261713,-0.042307376785137109,0.0079858424400831712,0.15492253873063469,72891,__MLAT_CSV_NULL_V1__,__MLAT_CSV_NULL_V1__,-0.013555386564079206,-0.10727114547878412,0.015204203369642308,0.5,__MLAT_CSV_NULL_V1__,__MLAT_CSV_NULL_V1__,-0.022005729694675909,True,__MLAT_CSV_NULL_V1__
bipower_jump_ratio_60,direction,30,New York,Development,188756,638,-0.0064564767862548555,-0.026853377221929819,0.012964401897873583,0.47176411794102946,188756,__MLAT_CSV_NULL_V1__,__MLAT_CSV_NULL_V1__,-0.016509830476116635,-0.047102981842565741,0.10380421019362741,0.5,__MLAT_CSV_NULL_V1__,__MLAT_CSV_NULL_V1__,-0.0039525946251448155,True,0.62901882392137265
bipower_jump_ratio_60,direction,30,New York,Validation,72891,246,-0.026300229127951637,-0.057795384458738726,0.0087256238369852138,0.15092453773113443,72891,__MLAT_CSV_NULL_V1__,__MLAT_CSV_NULL_V1__,0.018006099374653337,-0.20645819977790336,-0.044740431756156683,0.5,__MLAT_CSV_NULL_V1__,__MLAT_CSV_NULL_V1__,-0.074488927262077842,True,__MLAT_CSV_NULL_V1__
bipower_jump_ratio_60,direction,60,New York,Development,188756,638,-0.013278213125561419,-0.036713319925043231,0.010084294743984427,0.27186406796601698,188756,__MLAT_CSV_NULL_V1__,__MLAT_CSV_NULL_V1__,0.025684855850568629,-0.15483966969931245,0.059918077960435162,0.5,__MLAT_CSV_NULL_V1__,__MLAT_CSV_NULL_V1__,__MLAT_CSV_NULL_V1__,False,0.4677661169415292
bipower_jump_ratio_60,direction,60,New York,Validation,72891,246,-0.038668567808336031,-0.075673364515324637,0.0016394307448774014,0.06296851574212893,72891,__MLAT_CSV_NULL_V1__,__MLAT_CSV_NULL_V1__,0.12418405087671353,-0.48610008450900427,-0.056700546111201088,0.5,__MLAT_CSV_NULL_V1__,__MLAT_CSV_NULL_V1__,__MLAT_CSV_NULL_V1__,False,__MLAT_CSV_NULL_V1__
bipower_jump_ratio_60,direction,120,New York,Development,188756,638,-0.032418805502415007,-0.059044070164800226,-0.0057557862119267354,0.013993003498250875,188756,__MLAT_CSV_NULL_V1__,__MLAT_CSV_NULL_V1__,0.032482048816860794,-0.082459726580602688,-0.2828841856343578,1,__MLAT_CSV_NULL_V1__,__MLAT_CSV_NULL_V1__,__MLAT_CSV_NULL_V1__,False,0.035982008995502253
bipower_jump_ratio_60,direction,120,New York,Validation,72891,246,-0.02715293470839597,-0.071074803224403821,0.015004322765851954,0.21389305347326337,72891,__MLAT_CSV_NULL_V1__,__MLAT_CSV_NULL_V1__,-0.013743952248617833,-0.0172983002736831,-0.33295034582237648,1,__MLAT_CSV_NULL_V1__,__MLAT_CSV_NULL_V1__,__MLAT_CSV_NULL_V1__,False,__MLAT_CSV_NULL_V1__
bipower_jump_ratio_60,direction,180,New York,Development,188756,638,-0.036145724959024413,-0.062569651000906959,-0.009677890146330614,0.011994002998500749,188756,__MLAT_CSV_NULL_V1__,__MLAT_CSV_NULL_V1__,6.273859163534489e-05,0.087084190365188927,-0.38564800552268819,0.5,__MLAT_CSV_NULL_V1__,__MLAT_CSV_NULL_V1__,__MLAT_CSV_NULL_V1__,False,0.03321416214969438
bipower_jump_ratio_60,direction,180,New York,Validation,72891,246,-0.046969148066428823,-0.088411118692297411,-0.0058913879166295324,0.028985507246376812,72891,__MLAT_CSV_NULL_V1__,__MLAT_CSV_NULL_V1__,0.12186353321876885,0.27659425448193414,-0.4572017901592606,0.5,__MLAT_CSV_NULL_V1__,__MLAT_CSV_NULL_V1__,__MLAT_CSV_NULL_V1__,False,__MLAT_CSV_NULL_V1__
bipower_jump_ratio_60,expansion,5,New York,Development,188756,638,0.019502690844031587,0.0098941732499529794,0.028890328043142042,0.0019990004997501249,188756,__MLAT_CSV_NULL_V1__,__MLAT_CSV_NULL_V1__,2.4521793530845484,2.509467777888394,2.5420943739339683,1,__MLAT_CSV_NULL_V1__,__MLAT_CSV_NULL_V1__,0.014292477510643364,True,0.0029985007496251873
bipower_jump_ratio_60,expansion,5,New York,Validation,72891,246,0.034401433653801113,0.01914341565582468,0.049544850987172658,0.00099950024987506244,72891,__MLAT_CSV_NULL_V1__,__MLAT_CSV_NULL_V1__,2.4548194251169213,2.5473445962308641,2.4836663158146215,0.5,__MLAT_CSV_NULL_V1__,__MLAT_CSV_NULL_V1__,0.031081841751831381,True,__MLAT_CSV_NULL_V1__
bipower_jump_ratio_60,expansion,15,New York,Development,188756,638,0.0074604776782743847,-0.0074234582807851555,0.023083979913635193,0.2988505747126437,188756,__MLAT_CSV_NULL_V1__,__MLAT_CSV_NULL_V1__,4.4288832329769834,4.5690022043596707,4.585020294777526,1,__MLAT_CSV_NULL_V1__,__MLAT_CSV_NULL_V1__,0.00079564939795489543,True,0.35392139995575983
bipower_jump_ratio_60,expansion,15,New York,Validation,72891,246,0.027212382799690769,0.00041349215823953498,0.052070725543607053,0.046976511744127938,72891,__MLAT_CSV_NULL_V1__,__MLAT_CSV_NULL_V1__,4.433648988389562,4.6848684648184262,4.4018664770077187,0.5,__MLAT_CSV_NULL_V1__,__MLAT_CSV_NULL_V1__,0.018756542040727381,True,__MLAT_CSV_NULL_V1__
bipower_jump_ratio_60,expansion,30,New York,Development,188756,638,0.0040093304587761457,-0.015732165803097272,0.024213827314635027,0.71564217891054471,188756,__MLAT_CSV_NULL_V1__,__MLAT_CSV_NULL_V1__,6.5109674833215943,6.7026039476201458,6.7873935163010861,1,__MLAT_CSV_NULL_V1__,__MLAT_CSV_NULL_V1__,0.0005434596448369185,True,0.78070055881150335
bipower_jump_ratio_60,expansion,30,New York,Validation,72891,246,0.013409187462958791,-0.022092172792149797,0.049761698681881322,0.46776611694152925,72891,__MLAT_CSV_NULL_V1__,__MLAT_CSV_NULL_V1__,6.5126829280622767,6.9258235279790981,6.4495652656214926,0.5,__MLAT_CSV_NULL_V1__,__MLAT_CSV_NULL_V1__,0.0011262375338432554,True,__MLAT_CSV_NULL_V1__
bipower_jump_ratio_60,expansion,60,New York,Development,188756,638,-0.0031197268180239838,-0.030202122047823375,0.023138585603625587,0.78860569715142426,188756,__MLAT_CSV_NULL_V1__,__MLAT_CSV_NULL_V1__,9.7702689360739932,10.137901706585756,10.153173711893622,1,__MLAT_CSV_NULL_V1__,__MLAT_CSV_NULL_V1__,__MLAT_CSV_NULL_V1__,False,0.82706472850531254
bipower_jump_ratio_60,expansion,60,New York,Validation,72891,246,-0.0074064091390609954,-0.049591548305290681,0.034041144157457529,0.72463768115942029,72891,__MLAT_CSV_NULL_V1__,__MLAT_CSV_NULL_V1__,9.7764212344291597,10.444501999394085,9.5049898438783949,0.5,__MLAT_CSV_NULL_V1__,__MLAT_CSV_NULL_V1__,__MLAT_CSV_NULL_V1__,False,__MLAT_CSV_NULL_V1__
bipower_jump_ratio_60,expansion,120,New York,Development,188756,638,0.011654796728321768,-0.014896229304169903,0.041122240784333748,0.44877561219390305,188756,__MLAT_CSV_NULL_V1__,__MLAT_CSV_NULL_V1__,14.288202594694793,14.942551081909366,14.762501672843468,0.5,__MLAT_CSV_NULL_V1__,__MLAT_CSV_NULL_V1__,__MLAT_CSV_NULL_V1__,False,0.49710529350709259
bipower_jump_ratio_60,expansion,120,New York,Validation,72891,246,-0.013801648616153321,-0.0598383812708915,0.034878985570116247,0.54572713643178405,72891,__MLAT_CSV_NULL_V1__,__MLAT_CSV_NULL_V1__,14.219811089967571,15.460095912916454,14.18884504760795,0.5,__MLAT_CSV_NULL_V1__,__MLAT_CSV_NULL_V1__,__MLAT_CSV_NULL_V1__,False,__MLAT_CSV_NULL_V1__
bipower_jump_ratio_60,expansion,180,New York,Development,188756,638,0.016008661053794743,-0.013236951627899231,0.045559948208174592,0.29985007496251875,188756,__MLAT_CSV_NULL_V1__,__MLAT_CSV_NULL_V1__,17.194467115926383,18.13403280996652,17.647857328493359,0.5,__MLAT_CSV_NULL_V1__,__MLAT_CSV_NULL_V1__,__MLAT_CSV_NULL_V1__,False,0.35392139995575983
bipower_jump_ratio_60,expansion,180,New York,Validation,72891,246,-0.0093232068289610809,-0.060190075125373485,0.036080667062594253,0.67966016991504252,72891,__MLAT_CSV_NULL_V1__,__MLAT_CSV_NULL_V1__,17.079594298764697,18.701896759119336,17.150061459747189,0.5,__MLAT_CSV_NULL_V1__,__MLAT_CSV_NULL_V1__,__MLAT_CSV_NULL_V1__,False,__MLAT_CSV_NULL_V1__
bipower_jump_ratio_60,volatility,5,New York,Development,188756,638,0.058649654272346953,0.040494646023336932,0.07689950055877566,0.00099950024987506244,188756,__MLAT_CSV_NULL_V1__,__MLAT_CSV_NULL_V1__,6.5333273412589872,6.6665178268988416,7.4060052299960226,1,__MLAT_CSV_NULL_V1__,__MLAT_CSV_NULL_V1__,0.052149731728251866,True,0.0014392803598200898
bipower_jump_ratio_60,volatility,5,New York,Validation,72891,246,0.052496408087262539,0.019817914911677153,0.082614806344220387,0.0029985007496251873,72891,__MLAT_CSV_NULL_V1__,__MLAT_CSV_NULL_V1__,6.6497968502158127,6.6222527235430055,7.3405024493794722,0.5,__MLAT_CSV_NULL_V1__,__MLAT_CSV_NULL_V1__,0.051641427416399439,True,__MLAT_CSV_NULL_V1__
bipower_jump_ratio_60,volatility,15,New York,Development,188756,638,0.063605024655368714,0.041280950825961858,0.086925624495066911,0.00099950024987506244,188756,__MLAT_CSV_NULL_V1__,__MLAT_CSV_NULL_V1__,11.959943510392,12.293903542567138,13.385881485977032,1,__MLAT_CSV_NULL_V1__,__MLAT_CSV_NULL_V1__,0.039779509764146535,True,0.0014392803598200898
bipower_jump_ratio_60,volatility,15,New York,Validation,72891,246,0.058001219470713537,0.018601074177381348,0.096185172912717429,0.0049975012493753126,72891,__MLAT_CSV_NULL_V1__,__MLAT_CSV_NULL_V1__,12.191719430787236,12.150053067188498,13.103448102064313,0.5,__MLAT_CSV_NULL_V1__,__MLAT_CSV_NULL_V1__,0.04892693452505522,True,__MLAT_CSV_NULL_V1__
bipower_jump_ratio_60,volatility,30,New York,Development,188756,638,0.063996183010584087,0.040332610849379419,0.088491199134256585,0.00099950024987506244,188756,__MLAT_CSV_NULL_V1__,__MLAT_CSV_NULL_V1__,17.335145805366754,17.812785805588657,19.234564713466238,1,__MLAT_CSV_NULL_V1__,__MLAT_CSV_NULL_V1__,0.031789183580352605,True,0.0014392803598200898
bipower_jump_ratio_60,volatility,30,New York,Validation,72891,246,0.058893621164739098,0.014845090550553114,0.098052147237693316,0.016991504247876061,72891,__MLAT_CSV_NULL_V1__,__MLAT_CSV_NULL_V1__,17.709970434078357,17.636118040547213,18.756562730918912,0.5,__MLAT_CSV_NULL_V1__,__MLAT_CSV_NULL_V1__,0.02726589345739595,True,__MLAT_CSV_NULL_V1__
bipower_jump_ratio_60,volatility,60,New York,Development,188756,638,0.064186708148522884,0.036644108156471664,0.090377670070688199,0.00099950024987506244,188756,__MLAT_CSV_NULL_V1__,__MLAT_CSV_NULL_V1__,25.061046378373675,25.722163510103769,27.535309448689013,1,__MLAT_CSV_NULL_V1__,__MLAT_CSV_NULL_V1__,__MLAT_CSV_NULL_V1__,False,0.0014392803598200898
bipower_jump_ratio_60,volatility,60,New York,Validation,72891,246,0.050748543737840733,0.0065274922438879222,0.094005466266276136,0.023988005997001498,72891,__MLAT_CSV_NULL_V1__,__MLAT_CSV_NULL_V1__,25.709346481209234,25.671545324466337,26.822434305061893,0.5,__MLAT_CSV_NULL_V1__,__MLAT_CSV_NULL_V1__,__MLAT_CSV_NULL_V1__,False,__MLAT_CSV_NULL_V1__
bipower_jump_ratio_60,volatility,120,New York,Development,188756,638,0.083709802606557568,0.055080255413632755,0.11176312543250491,0.00099950024987506244,188756,__MLAT_CSV_NULL_V1__,__MLAT_CSV_NULL_V1__,35.06931291395113,35.964858489039031,38.277975301699406,1,__MLAT_CSV_NULL_V1__,__MLAT_CSV_NULL_V1__,__MLAT_CSV_NULL_V1__,False,0.0014392803598200898
bipower_jump_ratio_60,volatility,120,New York,Validation,72891,246,0.059475441438559332,0.015669578141422308,0.10342372961537659,0.010994502748625687,72891,__MLAT_CSV_NULL_V1__,__MLAT_CSV_NULL_V1__,36.312437012354614,36.509773323637148,38.00906741352609,1,__MLAT_CSV_NULL_V1__,__MLAT_CSV_NULL_V1__,__MLAT_CSV_NULL_V1__,False,__MLAT_CSV_NULL_V1__
bipower_jump_ratio_60,volatility,180,New York,Development,188756,638,0.080213289904875085,0.050926802208638218,0.10949205672799926,0.00099950024987506244,188756,__MLAT_CSV_NULL_V1__,__MLAT_CSV_NULL_V1__,41.254079387738329,42.32614405912318,44.658532805000569,1,__MLAT_CSV_NULL_V1__,__MLAT_CSV_NULL_V1__,__MLAT_CSV_NULL_V1__,False,0.0014392803598200898
bipower_jump_ratio_60,volatility,180,New York,Validation,72891,246,0.062971573399119379,0.019336083058904038,0.10984890007701335,0.0079960019990004995,72891,__MLAT_CSV_NULL_V1__,__MLAT_CSV_NULL_V1__,42.946183002289736,43.296082655413166,44.680783282888193,1,__MLAT_CSV_NULL_V1__,__MLAT_CSV_NULL_V1__,__MLAT_CSV_NULL_V1__,False,__MLAT_CSV_NULL_V1__
bipower_jump_ratio_60,path_risk,5,New York,Development,188756,638,0.014613351979617361,0.004828138511509145,0.023364465765593569,0.0039980009995002497,188756,__MLAT_CSV_NULL_V1__,__MLAT_CSV_NULL_V1__,1.9662012199648042,2.0161797551820091,2.0369786015202713,1,__MLAT_CSV_NULL_V1__,__MLAT_CSV_NULL_V1__,0.0092241044259840105,True,0.0059970014992503746
bipower_jump_ratio_60,path_risk,5,New York,Validation,72891,246,0.028680812302156501,0.014642664297029907,0.042686531895293103,0.00099950024987506244,72891,__MLAT_CSV_NULL_V1__,__MLAT_CSV_NULL_V1__,1.957289084029147,2.0383774309797968,1.9740768403933697,0.5,__MLAT_CSV_NULL_V1__,__MLAT_CSV_NULL_V1__,0.0328072167808941,True,__MLAT_CSV_NULL_V1__
bipower_jump_ratio_60,path_risk,15,New York,Development,188756,638,0.0077843099122029951,-0.0068011967208508354,0.021967249780527276,0.27786106946526734,188756,__MLAT_CSV_NULL_V1__,__MLAT_CSV_NULL_V1__,3.5190910465559404,3.6463187866244247,3.6526403038772739,1,__MLAT_CSV_NULL_V1__,__MLAT_CSV_NULL_V1__,0.0021105878669683406,True,0.35724994645534375
bipower_jump_ratio_60,path_risk,15,New York,Validation,72891,246,0.023441017419100485,-0.00058726764539126391,0.047000203832662346,0.053973013493253376,72891,__MLAT_CSV_NULL_V1__,__MLAT_CSV_NULL_V1__,3.5082861366291511,3.7375253310799441,3.4656903642065107,0.5,__MLAT_CSV_NULL_V1__,__MLAT_CSV_NULL_V1__,0.018554982962054309,True,__MLAT_CSV_NULL_V1__
bipower_jump_ratio_60,path_risk,30,New York,Development,188756,638,0.0041797596426050429,-0.015345319433511841,0.024092226549013086,0.68565717141429283,188756,__MLAT_CSV_NULL_V1__,__MLAT_CSV_NULL_V1__,5.1701410842819824,5.3325979124675582,5.3717448705142585,1,__MLAT_CSV_NULL_V1__,__MLAT_CSV_NULL_V1__,0.0015673787986459648,True,0.78360819590204889
bipower_jump_ratio_60,path_risk,30,New York,Validation,72891,246,0.0072323418229638115,-0.025585760996345103,0.039482923046713359,0.67866066966516747,72891,__MLAT_CSV_NULL_V1__,__MLAT_CSV_NULL_V1__,5.1382746130234027,5.4973960496289367,5.0379811769267828,0.5,__MLAT_CSV_NULL_V1__,__MLAT_CSV_NULL_V1__,-0.006064581772049351,False,__MLAT_CSV_NULL_V1__
bipower_jump_ratio_60,path_risk,60,New York,Development,188756,638,-0.0039880144987572913,-0.029446133589757912,0.022455552291564915,0.76261869065467269,188756,__MLAT_CSV_NULL_V1__,__MLAT_CSV_NULL_V1__,7.7711932782448736,8.094163755337819,8.0015051040440675,0.5,__MLAT_CSV_NULL_V1__,__MLAT_CSV_NULL_V1__,__MLAT_CSV_NULL_V1__,False,0.83456779073149989
bipower_jump_ratio_60,path_risk,60,New York,Validation,72891,246,-0.012026857720861319,-0.052052690648454435,0.027083889291427472,0.52573713143428291,72891,__MLAT_CSV_NULL_V1__,__MLAT_CSV_NULL_V1__,7.6743098599917019,8.2315519241969124,7.3939296339198881,0.5,__MLAT_CSV_NULL_V1__,__MLAT_CSV_NULL_V1__,__MLAT_CSV_NULL_V1__,False,__MLAT_CSV_NULL_V1__
bipower_jump_ratio_60,path_risk,120,New York,Development,188756,638,0.0092596379427454939,-0.018874299644172046,0.038260372268249285,0.50774612693653176,188756,__MLAT_CSV_NULL_V1__,__MLAT_CSV_NULL_V1__,11.326684074345104,11.873064100255608,11.641173000394915,0.5,__MLAT_CSV_NULL_V1__,__MLAT_CSV_NULL_V1__,__MLAT_CSV_NULL_V1__,False,0.60929535232383814
bipower_jump_ratio_60,path_risk,120,New York,Validation,72891,246,-0.018255256874127834,-0.062228400888899978,0.028496590024549687,0.45477261369315342,72891,__MLAT_CSV_NULL_V1__,__MLAT_CSV_NULL_V1__,11.069440302578451,12.10882555633852,11.035784502208505,0.5,__MLAT_CSV_NULL_V1__,__MLAT_CSV_NULL_V1__,__MLAT_CSV_NULL_V1__,False,__MLAT_CSV_NULL_V1__
bipower_jump_ratio_60,path_risk,180,New York,Development,188756,638,0.01324158264072358,-0.014046298200778016,0.040073970665233577,0.36681659170414793,188756,__MLAT_CSV_NULL_V1__,__MLAT_CSV_NULL_V1__,13.596944068304499,14.356174211856565,13.864018519725004,0.5,__MLAT_CSV_NULL_V1__,__MLAT_CSV_NULL_V1__,__MLAT_CSV_NULL_V1__,False,0.46334727373155526
bipower_jump_ratio_60,path_risk,180,New York,Validation,72891,246,-0.016405537915697016,-0.060697037620043734,0.029499538824028206,0.47876061969015493,72891,__MLAT_CSV_NULL_V1__,__MLAT_CSV_NULL_V1__,13.310183174059526,14.654147112652474,13.324130995182863,0.5,__MLAT_CSV_NULL_V1__,__MLAT_CSV_NULL_V1__,__MLAT_CSV_NULL_V1__,False,__MLAT_CSV_NULL_V1__
variance_ratio_60_5,direction,5,New York,Development,188744,638,0.0048991750300450528,-0.004443335549712127,0.014238641666753472,0.30584707646176912,188744,-0.021704351796527469,0.0097851322335165171,0.02235309814764944,-0.0063219369361420027,-0.0032347233443596668,0.19999999999999998,0.010793595396936669,0.20274508643785782,0.0083475963704353305,True,0.50047703421016765
variance_ratio_60_5,direction,5,New York,Validation,72879,246,-0.015627554068622727,-0.029687576550302068,-0.00090966975367452372,0.037981009495252377,72879,-0.00072502298611684505,0.004657848226411956,-0.0088314826015933184,-0.029901835960020714,-0.024741600995111405,0.79999999999999993,-0.013784242393307505,-0.27687486734209288,-0.014120434440426715,True,__MLAT_CSV_NULL_V1__
variance_ratio_60_5,direction,15,New York,Development,188744,638,0.011782139976017649,-0.0040094518681933686,0.02711928759700143,0.15092453773113443,188744,-0.082574887670860922,0.014998407647241948,0.056846361997439414,0.018303938604945322,-0.0014755186432847222,0.29999999999999999,0.025864457137796303,0.85839207871428147,0.011476731889909391,True,0.35053441021424769
variance_ratio_60_5,direction,15,New York,Validation,72879,246,-0.017860768944741371,-0.040683804243462011,0.0079226133482951742,0.1679160419790105,72879,-0.023392598315575767,0.00065438325470518232,-0.027177602606442891,-0.024075816159624112,-0.060992949918092461,0.79999999999999993,-0.012005908726412398,-0.40658895369107062,-0.0087263316934822442,True,__MLAT_CSV_NULL_V1__
variance_ratio_60_5,direction,30,New York,Development,188744,638,0.012722657736536795,-0.0076414206272303808,0.033184291627850505,0.23388305847076463,188744,-0.22795673093454419,0.071553276975061628,0.070302249245089155,0.074804868275171743,0.016768908728119963,0.29999999999999999,0.051836557018823184,2.2527839470411202,0.00929552963738162,True,0.46484865675270476
variance_ratio_60_5,direction,30,New York,Validation,72879,246,-0.012789984056391137,-0.04338960425638598,0.017596788392844776,0.41479260369815091,72879,-0.19648776444158572,0.023938044019977556,0.039602464367556503,-0.037243257333880529,-0.038131993283232163,0.099999999999999992,0.032733162649156405,1.610025512567975,0.00036118117981616014,False,__MLAT_CSV_NULL_V1__
variance_ratio_60_5,direction,60,New York,Development,188744,638,0.0030739249446050882,-0.021887841404585908,0.027311809296985894,0.83558220889555224,188744,-0.41010491495818779,0.1941308151530706,0.12920379490766007,0.1405475804581669,-0.071758726763174047,0.099999999999999992,0.045974122110834688,2.754069402518017,__MLAT_CSV_NULL_V1__,False,0.89743363612311489
variance_ratio_60_5,direction,60,New York,Validation,72879,246,-0.0098270711099912294,-0.048305161400920497,0.028367067593247069,0.62968515742128939,72879,-0.4522764766444613,-0.17443011907713479,0.33098188033646886,0.087467191147355336,0.027738656635531912,0.59999999999999998,0.062523938050619871,3.1707194252261139,__MLAT_CSV_NULL_V1__,False,__MLAT_CSV_NULL_V1__
variance_ratio_60_5,direction,120,New York,Development,188744,638,-0.017421777711541492,-0.045048271434802611,0.0083326106908959592,0.20989505247376311,188744,-0.20860119798618978,0.23694075261217765,-0.001908591977416677,-0.034105842695452269,-0.25830070966107727,0.39999999999999997,-0.0046422846571849974,0.037490853858702877,__MLAT_CSV_NULL_V1__,False,0.45718317311932272
variance_ratio_60_5,direction,120,New York,Validation,72879,246,-0.0074749961448707285,-0.047568866157002287,0.032243642242179842,0.69865067466266861,72879,-0.89314512172723537,-0.28023951987592211,0.59572594013243596,0.32260221463242122,-0.30015809309192154,0.29999999999999999,0.052178825237252292,2.1294683683767861,__MLAT_CSV_NULL_V1__,False,__MLAT_CSV_NULL_V1__
variance_ratio_60_5,direction,180,New York,Development,188744,638,-0.012021694554983489,-0.04047416135391884,0.016607392304156691,0.38980509745127434,188744,-0.067866502941870063,0.18075009386115035,-0.1299384756943581,-0.058620630580189168,-0.22297806386689664,0.49999999999999994,-0.01200616419156735,-0.71990370021682715,__MLAT_CSV_NULL_V1__,False,0.5613193403298351
variance_ratio_60_5,direction,180,New York,Validation,72879,246,0.0039002988611298943,-0.037649003192772874,0.045010848795339634,0.8785607196401799,72879,-0.8434730713856069,-0.32901567053568098,0.65645702815437756,0.63294626207699056,-0.074779671466677203,0.59999999999999998,0.055825377549065601,4.4192284311949477,__MLAT_CSV_NULL_V1__,False,__MLAT_CSV_NULL_V1__
variance_ratio_60_5,expansion,5,New York,Development,188744,638,-0.038297226871761847,-0.048562153657507871,-0.02779373871708863,0.00099950024987506244,188744,2.5464639126419084,2.5273927591259073,2.4793878279811681,2.4556266628279868,2.4001071759646675,0.99999999999999989,-0.10198930471076166,__MLAT_CSV_NULL_V1__,-0.034302972337378612,True,0.0015311493189575423
variance_ratio_60_5,expansion,5,New York,Validation,72879,246,-0.024588914707661131,-0.039596111503763819,-0.0085546172174581561,0.00099950024987506244,72879,2.593237917243659,2.452213033413813,2.4553293922663264,2.4566237540253204,2.4477160259322899,0.59999999999999998,-0.095019401025577543,__MLAT_CSV_NULL_V1__,-0.019544052410591813,True,__MLAT_CSV_NULL_V1__
variance_ratio_60_5,expansion,15,New York,Development,188744,638,-0.069817023948186299,-0.084922224443138059,-0.05405590163441349,0.00099950024987506244,188744,4.6628742543526469,4.5873036334927848,4.4860941943418124,4.4232322502399626,4.2836820533429663,0.99999999999999989,-0.13584768661681179,__MLAT_CSV_NULL_V1__,-0.067353324909529791,True,0.0015311493189575423
variance_ratio_60_5,expansion,15,New York,Validation,72879,246,-0.060159584548149271,-0.083238270088629315,-0.037486102027096881,0.00099950024987506244,72879,4.7443230201808388,4.4228022986350606,4.4739181632211427,4.4007238441930774,4.3685465679536577,0.8999999999999998,-0.13529927813289255,__MLAT_CSV_NULL_V1__,-0.05723943050832727,True,__MLAT_CSV_NULL_V1__
variance_ratio_60_5,expansion,30,New York,Development,188744,638,-0.087056191455554308,-0.10727997248547774,-0.067210959058228173,0.00099950024987506244,188744,6.9376007152195456,6.8238258155715563,6.592565159791377,6.5124110644569759,6.1613748290198496,0.99999999999999989,-0.17574506025854517,__MLAT_CSV_NULL_V1__,-0.095054999261703521,True,0.0015311493189575423
variance_ratio_60_5,expansion,30,New York,Validation,72879,246,-0.069406109325833493,-0.10085001610859093,-0.038894611800034742,0.00099950024987506244,72879,7.1041551473362858,6.5002100207934834,6.5510600566482395,6.4155068656707206,6.3967916759081511,0.8999999999999998,-0.15626837083462677,__MLAT_CSV_NULL_V1__,-0.076715876715876707,True,__MLAT_CSV_NULL_V1__
variance_ratio_60_5,expansion,60,New York,Development,188744,638,-0.099700483748566909,-0.12569978286087713,-0.074312893227442806,0.00099950024987506244,188744,10.500760297177473,10.482026996966933,9.8545559635586439,9.71739706093439,9.0575923941315768,0.99999999999999989,-0.20026861548057898,__MLAT_CSV_NULL_V1__,__MLAT_CSV_NULL_V1__,False,0.0015311493189575423
variance_ratio_60_5,expansion,60,New York,Validation,72879,246,-0.080126980562618993,-0.11739842196276656,-0.041180267983484252,0.00099950024987506244,72879,10.859173741363916,9.8332771599047462,9.8222801952929988,9.4430730676730334,9.4255247900280441,0.99999999999999989,-0.18826885077405225,__MLAT_CSV_NULL_V1__,__MLAT_CSV_NULL_V1__,False,__MLAT_CSV_NULL_V1__
variance_ratio_60_5,expansion,120,New York,Development,188744,638,-0.11086309421390406,-0.13953910652431409,-0.081109523345499118,0.00099950024987506244,188744,15.450267874766011,15.530856315478044,14.480022534572452,14.256060975242137,12.869945633851426,0.8999999999999998,-0.23577716302112348,__MLAT_CSV_NULL_V1__,__MLAT_CSV_NULL_V1__,False,0.0015311493189575423
variance_ratio_60_5,expansion,120,New York,Validation,72879,246,-0.051082381762191424,-0.092243262124044698,-0.00691347434754666,0.020989505247376312,72879,15.848586193938164,14.494342001518387,14.259146458922149,13.864080879008204,13.929649939314688,0.8999999999999998,-0.16414433804055439,__MLAT_CSV_NULL_V1__,__MLAT_CSV_NULL_V1__,False,__MLAT_CSV_NULL_V1__
variance_ratio_60_5,expansion,180,New York,Development,188744,638,-0.10078941140981802,-0.13113040064959527,-0.072454343451170827,0.00099950024987506244,188744,18.321867730367778,18.826275102691074,17.461655038933291,17.304683758206618,15.471704636740577,0.8999999999999998,-0.21092541689671707,__MLAT_CSV_NULL_V1__,__MLAT_CSV_NULL_V1__,False,0.0015311493189575423
variance_ratio_60_5,expansion,180,New York,Validation,72879,246,-0.046581530651556638,-0.0891781449893254,-0.0047378497078273598,0.030984507746126936,72879,19.307845474809916,17.506053646996637,16.949512777988723,16.585773846218299,16.900173465817719,0.8999999999999998,-0.16925616532122337,__MLAT_CSV_NULL_V1__,__MLAT_CSV_NULL_V1__,False,__MLAT_CSV_NULL_V1__
variance_ratio_60_5,volatility,5,New York,Development,188744,638,0.046809276940048522,0.026644814829769645,0.066658445063147415,0.00099950024987506244,188744,6.6752428283718919,6.6017103071169112,6.6476716985034914,6.6779854379284931,7.0649269189498227,0.69999999999999996,0.081770161945752179,__MLAT_CSV_NULL_V1__,0.053347404446801923,True,0.0014392803598200898
variance_ratio_60_5,volatility,5,New York,Validation,72879,246,0.037993555687013833,0.008074145041536359,0.067983986928844956,0.010994502748625687,72879,6.6923010321802128,6.4590254640107423,6.6601364777350316,6.8775224759426452,7.2274163026036318,0.69999999999999996,0.11276845480588621,__MLAT_CSV_NULL_V1__,0.044264005356737843,True,__MLAT_CSV_NULL_V1__
variance_ratio_60_5,volatility,15,New York,Development,188744,638,0.040073493960093909,0.016905451488533504,0.06424469467663757,0.0019990004997501249,188744,12.26146572933072,12.11741060713037,12.178828785611788,12.211704866896691,12.782996133469785,0.39999999999999997,0.071107359991454164,__MLAT_CSV_NULL_V1__,0.045484069512926335,True,0.0028221183525884114
variance_ratio_60_5,volatility,15,New York,Validation,72879,246,0.041366842292739459,0.0041526112858420103,0.080410122784828522,0.032983508245877063,72879,12.330899834902494,11.764322832930537,12.212617123633962,12.514714266124251,13.051681933878131,0.69999999999999996,0.10142404004364605,__MLAT_CSV_NULL_V1__,0.038560968342739838,True,__MLAT_CSV_NULL_V1__
variance_ratio_60_5,volatility,30,New York,Development,188744,638,0.021504176543510556,-0.0043398894776796315,0.047276456959151045,0.092953523238380811,188744,17.750520077191865,17.620567572188296,17.632619206508345,17.770397227423572,18.269671128292245,0.69999999999999996,0.054501448251563042,__MLAT_CSV_NULL_V1__,0.043017450195264213,True,0.11539058057178307
variance_ratio_60_5,volatility,30,New York,Validation,72879,246,0.026213296880135208,-0.012185058271962791,0.065604933447593078,0.18590704647676162,72879,18.034553039740555,17.058883867909653,17.723300081884403,17.983011727345236,18.841124033853788,0.39999999999999997,0.085437900633532543,__MLAT_CSV_NULL_V1__,0.022429422429422433,True,__MLAT_CSV_NULL_V1__
variance_ratio_60_5,volatility,60,New York,Development,188744,638,-0.0087073042897588843,-0.035480877004800154,0.017049672150078125,0.53073463268365817,188744,25.683784018635397,25.68920211002683,25.413327704708674,25.657403362157755,25.988182587827946,0.19999999999999998,0.025075750305134224,__MLAT_CSV_NULL_V1__,__MLAT_CSV_NULL_V1__,False,0.56195431695916742
variance_ratio_60_5,volatility,60,New York,Validation,72879,246,-0.0085265074984009603,-0.049548609440518046,0.031424219659024533,0.70764617691154419,72879,26.480604208137201,24.944174406816842,25.631122755138083,25.637692735819208,27.174946778912282,0.39999999999999997,0.056371007320433909,__MLAT_CSV_NULL_V1__,__MLAT_CSV_NULL_V1__,False,__MLAT_CSV_NULL_V1__
variance_ratio_60_5,volatility,120,New York,Development,188744,638,-0.066531252329738652,-0.097029245823437416,-0.036253163960620033,0.00099950024987506244,188744,36.378469468116634,36.35128466610626,35.54101831592115,35.789943742607853,35.388724459142828,0.8999999999999998,-0.065360952541920661,__MLAT_CSV_NULL_V1__,__MLAT_CSV_NULL_V1__,False,0.0014392803598200898
variance_ratio_60_5,volatility,120,New York,Validation,72879,246,-0.063612260871639237,-0.10490849954510624,-0.02170516232579657,0.0039980009995002497,72879,37.767442084018221,35.73473043730057,36.155957089211086,36.103230623273411,37.977217413177073,0.29999999999999999,0.013582711378581424,__MLAT_CSV_NULL_V1__,__MLAT_CSV_NULL_V1__,False,__MLAT_CSV_NULL_V1__
variance_ratio_60_5,volatility,180,New York,Development,188744,638,-0.083514735162407205,-0.11212317196064393,-0.053925484285015632,0.00099950024987506244,188744,42.754586932907408,42.937246234125837,41.80984637856843,42.061410878761862,41.187247166314123,0.79999999999999993,-0.091684322313535252,__MLAT_CSV_NULL_V1__,__MLAT_CSV_NULL_V1__,False,0.0014392803598200898
variance_ratio_60_5,volatility,180,New York,Validation,72879,246,-0.067105403209447606,-0.10912771902639216,-0.023539847321211622,0.0039980009995002497,72879,44.594694437540568,42.492969287529888,42.764258225293112,42.493382549389892,44.791913822712914,0.29999999999999999,0.011408666448086106,__MLAT_CSV_NULL_V1__,__MLAT_CSV_NULL_V1__,False,__MLAT_CSV_NULL_V1__
variance_ratio_60_5,path_risk,5,New York,Development,188744,638,-0.037964059282117754,-0.047499462649979562,-0.028236655362745482,0.00099950024987506244,188744,2.0386520465316154,2.0310749302267479,1.9896483424012268,1.9696003551931396,1.9235730865040397,0.99999999999999989,-0.086192877323435765,__MLAT_CSV_NULL_V1__,-0.035289513824047256,True,0.0015311493189575423
variance_ratio_60_5,path_risk,5,New York,Validation,72879,246,-0.030651735799203116,-0.045230217085646271,-0.016830150072031255,0.00099950024987506244,72879,2.0673618874274373,1.9562003222604198,1.9519505492472706,1.9620017916988803,1.9552169113341369,0.49999999999999994,-0.081924093741006218,__MLAT_CSV_NULL_V1__,-0.023117551190291248,True,__MLAT_CSV_NULL_V1__
variance_ratio_60_5,path_risk,15,New York,Development,188744,638,-0.067390464580984438,-0.081608202104854963,-0.052875573882794388,0.00099950024987506244,188744,3.7143845426200985,3.640004695419341,3.5664883676030521,3.525442690901476,3.4118971398261335,0.99999999999999989,-0.11920242423403413,__MLAT_CSV_NULL_V1__,-0.063745711495660204,True,0.0015311493189575423
variance_ratio_60_5,path_risk,15,New York,Validation,72879,246,-0.056392396779962342,-0.078904252192948415,-0.035425821829756766,0.00099950024987506244,72879,3.7471918785355398,3.5087692398144146,3.5343487856968285,3.4839514268602718,3.4712306903919736,0.8999999999999998,-0.11155256935240106,__MLAT_CSV_NULL_V1__,-0.05944800142038463,True,__MLAT_CSV_NULL_V1__
variance_ratio_60_5,path_risk,30,New York,Development,188744,638,-0.080430458400124694,-0.10042795831025489,-0.0614202586722453,0.00099950024987506244,188744,5.5172682525581696,5.4002447578598076,5.2221131692436211,5.1821401387293751,4.8968404741366873,0.99999999999999989,-0.15747004587654675,__MLAT_CSV_NULL_V1__,-0.084383805427851094,True,0.0015311493189575423
variance_ratio_60_5,path_risk,30,New York,Validation,72879,246,-0.062955124867370635,-0.091847148208369103,-0.034540578963655422,0.00099950024987506244,72879,5.6235883995604752,5.1057435973904175,5.1381212572350776,5.0617785630169978,5.0781622675491702,0.79999999999999993,-0.13556118615248464,__MLAT_CSV_NULL_V1__,-0.04413364413364413,True,__MLAT_CSV_NULL_V1__
variance_ratio_60_5,path_risk,60,New York,Development,188744,638,-0.087477789454983565,-0.11197002567401211,-0.062986294904891063,0.00099950024987506244,188744,8.3309916574644731,8.319306166786939,7.8197782844846175,7.7293979750485038,7.2185515105388669,0.99999999999999989,-0.17474834439740014,__MLAT_CSV_NULL_V1__,__MLAT_CSV_NULL_V1__,False,0.0015311493189575423
variance_ratio_60_5,path_risk,60,New York,Validation,72879,246,-0.074539772566596663,-0.1086403915777918,-0.040401782142237601,0.00099950024987506244,72879,8.5609222019361191,7.7225890471736438,7.6056448444411711,7.4104241461511258,7.4554921867082609,0.8999999999999998,-0.16532959327254132,__MLAT_CSV_NULL_V1__,__MLAT_CSV_NULL_V1__,False,__MLAT_CSV_NULL_V1__
variance_ratio_60_5,path_risk,120,New York,Development,188744,638,-0.098762460823172984,-0.12866687614069322,-0.07091470125266286,0.00099950024987506244,188744,12.247494136857533,12.281478784368092,11.457720701102788,11.271700888423174,10.250144447661025,0.8999999999999998,-0.2106772778421753,__MLAT_CSV_NULL_V1__,__MLAT_CSV_NULL_V1__,False,0.0015311493189575423
variance_ratio_60_5,path_risk,120,New York,Validation,72879,246,-0.044617013490606872,-0.084834017940779285,-0.0041802828498982217,0.031984007996001998,72879,12.434932251252677,11.315626450634969,11.038223743810656,10.724764213332564,10.928739152042686,0.8999999999999998,-0.15107049042123752,__MLAT_CSV_NULL_V1__,__MLAT_CSV_NULL_V1__,False,__MLAT_CSV_NULL_V1__
variance_ratio_60_5,path_risk,180,New York,Development,188744,638,-0.091666458456943684,-0.12127797397248705,-0.064275186937350209,0.00099950024987506244,188744,14.458796840405844,14.804315890683496,13.815546933495922,13.701752448098256,12.246860266524267,0.8999999999999998,-0.19106693976858147,__MLAT_CSV_NULL_V1__,__MLAT_CSV_NULL_V1__,False,0.0015311493189575423
variance_ratio_60_5,path_risk,180,New York,Validation,72879,246,-0.040143615010073186,-0.081680253340509365,0.00023899962453377761,0.05297351324337831,72879,15.168051519993007,13.624696224580239,13.133022584270833,12.887689369622894,13.251320173301407,0.69999999999999996,-0.15944989350747407,__MLAT_CSV_NULL_V1__,__MLAT_CSV_NULL_V1__,False,__MLAT_CSV_NULL_V1__
return_sign_entropy_60,direction,5,New York,Development,188760,638,-0.0063534501003487147,-0.016707665480196095,0.0035230044349666648,0.20689655172413793,188760,-0.0025746052854819616,0.016070810718216703,-0.030015022971437672,0.0056577754879374746,0.013911666371805442,0.19999999999999998,0.0093002233068172954,0.097170902108062007,-0.0052281214639197417,True,0.45718317311932272
return_sign_entropy_60,direction,5,New York,Validation,72895,246,-0.012413360696340801,-0.027061952038716978,0.0027427688457403311,0.094952523738130928,72895,0.010950373240410167,-0.0375590951550148,-0.015103108063018608,-0.0063422360985036594,-0.026359353150227697,0.29999999999999999,-0.022909707749003232,-0.17712044710893984,-0.016815013960910476,True,__MLAT_CSV_NULL_V1__
return_sign_entropy_60,direction,15,New York,Development,188760,638,-0.0084196320181102215,-0.024277048984542516,0.0082330222811481269,0.33383308345827084,188760,-0.0094821749189080498,0.048409860947247356,-0.043577246371035272,-0.031278725700489493,0.050401620913535949,0.19999999999999998,0.018464954440245734,0.42943983675741859,-0.0066396101805740694,True,0.5225213480216413
return_sign_entropy_60,direction,15,New York,Validation,72895,246,-0.01854655016566056,-0.044344039443470207,0.0059206221372561174,0.13093453273363317,72895,0.0079377763479288304,-0.041453822205437849,-0.021834114572467211,-0.041577758936434672,-0.078050577619026118,0.8999999999999998,-0.029340280853358523,-0.17798287188246548,-0.024436523301448371,True,__MLAT_CSV_NULL_V1__
return_sign_entropy_60,direction,30,New York,Development,188760,638,-0.0017446398678189166,-0.022849570377723241,0.020317128171732712,0.84757621189405297,188760,-0.073006683299653999,0.10833903185633301,-0.021368269691630651,-0.14947203641406231,0.16411859657104941,0.29999999999999999,0.047184382076340285,1.8921357373721455,0.0040523157514881173,False,0.89743363612311489
return_sign_entropy_60,direction,30,New York,Validation,72895,246,-0.018319379269255018,-0.050144966469086207,0.013934237597214474,0.29185407296351823,72895,-0.034144548248949372,0.0035161539026361643,0.023170843290234892,0.017294373803093014,-0.3247876124632047,0.099999999999999992,-0.066082305421868992,-0.61313054487245133,-0.046768409182126394,True,__MLAT_CSV_NULL_V1__
return_sign_entropy_60,direction,60,New York,Development,188760,638,0.0013854762205298791,-0.026951393329087758,0.030061212248038021,0.895552223888056,188760,-0.10686086665403038,0.064595513097048154,-0.15705300071561684,-0.1417690368751994,0.35031883285420362,0.19999999999999998,0.057232975720909941,3.3452956148428679,__MLAT_CSV_NULL_V1__,False,0.92113943028485767
return_sign_entropy_60,direction,60,New York,Validation,72895,246,-0.013987868452709037,-0.058709903947983803,0.030946967274193406,0.55572213893053468,72895,-0.13781399559501251,0.13548096931521894,0.19598195647419725,0.10138496798237662,-0.64343508008834072,0.29999999999999999,-0.071433435313779325,0.37419576197093152,__MLAT_CSV_NULL_V1__,False,__MLAT_CSV_NULL_V1__
return_sign_entropy_60,direction,120,New York,Development,188760,638,-0.01864549968567307,-0.055111343250121285,0.01557355740762557,0.28685657171414292,188760,-0.14269909385151469,-0.037608911396719034,-0.14581222031212457,-0.2968867830609272,0.38688321690819427,0.099999999999999992,0.043385981543150244,3.4364224192184833,__MLAT_CSV_NULL_V1__,False,0.48031798054461139
return_sign_entropy_60,direction,120,New York,Validation,72895,246,-0.0077774979666979695,-0.064969616927021578,0.048732635261944331,0.82258870564717645,72895,-0.16541616023273892,0.062715876829309541,-0.038562894849923174,0.22323170283643032,-0.64146920547536324,0.099999999999999992,-0.044617917412402307,2.1240634884271237,__MLAT_CSV_NULL_V1__,False,__MLAT_CSV_NULL_V1__
return_sign_entropy_60,direction,180,New York,Development,188760,638,-0.040498423380375952,-0.078837329757768818,-0.0065700990185462776,0.021989005497251374,188760,-0.068139078370234057,-0.019689405026179656,-0.061514679606844189,-0.32554968608021162,0.20480465817978874,0.29999999999999999,0.018083541511327756,1.4385512918282533,__MLAT_CSV_NULL_V1__,False,0.054593392958693074
return_sign_entropy_60,direction,180,New York,Validation,72895,246,-0.016738306625674586,-0.076328627439611427,0.04184759465419529,0.5767116441779111,72895,-0.19357388830278857,0.43541177214836407,0.20846036391284622,0.17676509222768208,-0.63026225812849823,0.39999999999999997,-0.033949056865801255,0.75129742123448784,__MLAT_CSV_NULL_V1__,False,__MLAT_CSV_NULL_V1__
return_sign_entropy_60,expansion,5,New York,Development,188760,638,0.13782043122116672,0.12883739567696662,0.14723433227608715,0.00099950024987506244,188760,2.2818141137938222,2.3392841209599586,2.4195676721010972,2.5710929189615572,2.7910811635823789,0.99999999999999989,0.33950787861657661,__MLAT_CSV_NULL_V1__,0.13842620058347563,True,0.0015311493189575423
return_sign_entropy_60,expansion,5,New York,Validation,72895,246,0.12578813206170342,0.11313355666114912,0.13848172531434386,0.00099950024987506244,72895,2.3249743769480964,2.415649933868119,2.5088858393549076,2.6471377075850282,2.7755478318540026,0.99999999999999989,0.35005678550095637,__MLAT_CSV_NULL_V1__,0.12761691191813487,True,__MLAT_CSV_NULL_V1__
return_sign_entropy_60,expansion,15,New York,Development,188760,638,0.18863225663082331,0.17417878225397945,0.20229073972364689,0.00099950024987506244,188760,3.9772370408172697,4.0936366432308287,4.3424043063749513,4.7179544907194204,5.293989123363013,0.99999999999999989,0.45177900274258176,__MLAT_CSV_NULL_V1__,0.19709103108020568,True,0.0015311493189575423
return_sign_entropy_60,expansion,15,New York,Validation,72895,246,0.1748989050763943,0.15311572129255085,0.19654705220296037,0.00099950024987506244,72895,4.0771178050049128,4.3363260691011494,4.5382700533377971,4.9061901916053987,5.2570385028481361,0.99999999999999989,0.49771392840970724,__MLAT_CSV_NULL_V1__,0.18135174137022472,True,__MLAT_CSV_NULL_V1__
return_sign_entropy_60,expansion,30,New York,Development,188760,638,0.23823928609034345,0.220066050974047,0.25586812431966854,0.00099950024987506244,188760,5.5721559258743056,5.8261934765249457,6.2586681114312608,7.0530759946182915,8.2868633694214751,0.99999999999999989,0.56477858486187105,__MLAT_CSV_NULL_V1__,0.26043281800311907,True,0.0015311493189575423
return_sign_entropy_60,expansion,30,New York,Validation,72895,246,0.22145756886726364,0.19244875260511266,0.25021251779128867,0.00099950024987506244,72895,5.7688938896813724,6.3003502578410311,6.6092262798032646,7.341750014438305,8.5465292555600225,0.99999999999999989,0.6915193086589787,__MLAT_CSV_NULL_V1__,0.21316561901905104,True,__MLAT_CSV_NULL_V1__
return_sign_entropy_60,expansion,60,New York,Development,188760,638,0.32360936840893134,0.30182737702100387,0.34582432933096419,0.00099950024987506244,188760,7.7000387305291547,8.2363995030362975,9.0481791211057718,10.676784760327527,13.910653427253692,0.99999999999999989,0.78423219645444908,__MLAT_CSV_NULL_V1__,__MLAT_CSV_NULL_V1__,False,0.0015311493189575423
return_sign_entropy_60,expansion,60,New York,Validation,72895,246,0.29236215658059783,0.25357200253191614,0.33028436626835833,0.00099950024987506244,72895,8.1010234559233076,8.9872624153908536,9.942715064797973,11.477219946206354,14.729634139648786,0.99999999999999989,0.95737151702594447,__MLAT_CSV_NULL_V1__,__MLAT_CSV_NULL_V1__,False,__MLAT_CSV_NULL_V1__
return_sign_entropy_60,expansion,120,New York,Development,188760,638,0.42295500432579369,0.40004932740370758,0.44647878539143571,0.00099950024987506244,188760,10.152999239125471,11.280478839454682,12.682094561329434,15.857891799435393,22.56154951874457,0.99999999999999989,1.0782700374160343,__MLAT_CSV_NULL_V1__,__MLAT_CSV_NULL_V1__,False,0.0015311493189575423
return_sign_entropy_60,expansion,120,New York,Validation,72895,246,0.41149318269327667,0.37204819770954334,0.45041425059417844,0.00099950024987506244,72895,10.652955435761063,12.511381431821409,15.043957618400146,18.139968618992686,24.069507316233185,0.99999999999999989,1.3591419535402052,__MLAT_CSV_NULL_V1__,__MLAT_CSV_NULL_V1__,False,__MLAT_CSV_NULL_V1__
return_sign_entropy_60,expansion,180,New York,Development,188760,638,0.4603770383813745,0.43759354788661869,0.48239792337439041,0.00099950024987506244,188760,11.530108780405884,13.064024856561046,15.16543545370312,19.318943915504551,28.22813790964107,0.99999999999999989,1.2016092160151604,__MLAT_CSV_NULL_V1__,__MLAT_CSV_NULL_V1__,False,0.0015311493189575423
return_sign_entropy_60,expansion,180,New York,Validation,72895,246,0.44292428730650063,0.4061218162777897,0.48182460175359743,0.00099950024987506244,72895,12.24358999834018,14.553013597039095,18.052567067338515,22.920906321774332,30.447668864534847,0.99999999999999989,1.5762725484569751,__MLAT_CSV_NULL_V1__,__MLAT_CSV_NULL_V1__,False,__MLAT_CSV_NULL_V1__
return_sign_entropy_60,volatility,5,New York,Development,188760,638,-0.22555601429053262,-0.24182895643160157,-0.2088474785503544,0.00099950024987506244,188760,8.36362721239961,7.4309723100102243,6.8581793205534796,6.1827270340751737,4.8584660146015857,0.99999999999999989,-0.76768426655429178,__MLAT_CSV_NULL_V1__,-0.23096080341848069,True,0.0014392803598200898
return_sign_entropy_60,volatility,5,New York,Validation,72895,246,-0.25380968106037521,-0.28129234037674367,-0.22760633705281016,0.00099950024987506244,72895,8.2576064721752438,7.0148331937372674,6.2648925439953258,5.5120209115415131,4.4080104124423762,0.99999999999999989,-0.85374249050298845,__MLAT_CSV_NULL_V1__,-0.26148033864647569,True,__MLAT_CSV_NULL_V1__
return_sign_entropy_60,volatility,15,New York,Development,188760,638,-0.23584176195832252,-0.25581690169861654,-0.21514909377549263,0.00099950024987506244,188760,14.967482007950665,13.393432690299528,12.501491018213558,11.399832482461301,9.331528220568245,0.99999999999999989,-0.7962076902464591,__MLAT_CSV_NULL_V1__,-0.26486574680337899,True,0.0014392803598200898
return_sign_entropy_60,volatility,15,New York,Validation,72895,246,-0.27428148495715765,-0.30906046458313358,-0.23802697695430294,0.00099950024987506244,72895,14.772577875753738,12.865316837250036,11.450779411325344,10.281354998073079,8.4141033102831493,0.99999999999999989,-0.95503694847434739,__MLAT_CSV_NULL_V1__,-0.29581754286920614,True,__MLAT_CSV_NULL_V1__
return_sign_entropy_60,volatility,30,New York,Development,188760,638,-0.18163878292203892,-0.20384390352465509,-0.15905619464909984,0.00099950024987506244,188760,21.093517845890531,19.03126221173471,17.941750758337349,16.681423166568464,14.347197254281348,0.99999999999999989,-0.7037484136901675,__MLAT_CSV_NULL_V1__,-0.24656031831136047,True,0.0014392803598200898
return_sign_entropy_60,volatility,30,New York,Validation,72895,246,-0.23385923664480762,-0.27144267294555519,-0.19624096481130626,0.00099950024987506244,72895,20.962418019824526,18.546387274478018,16.672577672614704,15.19409708217681,13.133387824954156,0.99999999999999989,-0.87793074900352497,__MLAT_CSV_NULL_V1__,-0.31000516468165684,True,__MLAT_CSV_NULL_V1__
return_sign_entropy_60,volatility,60,New York,Development,188760,638,-0.041483948762145555,-0.067776087825890036,-0.015595358320708555,0.0029985007496251873,188760,29.035061470213989,26.56797201958328,25.457219206701488,24.544002618809667,22.880595116443477,0.99999999999999989,-0.47992714777455525,__MLAT_CSV_NULL_V1__,__MLAT_CSV_NULL_V1__,False,0.0040734349806228962
return_sign_entropy_60,volatility,60,New York,Validation,72895,246,-0.11420489255362593,-0.1569139215675272,-0.069278886079476326,0.00099950024987506244,72895,29.18478454180827,26.312520146901043,24.527912289046114,23.15330671684664,21.500078730191351,0.99999999999999989,-0.64579999582374314,__MLAT_CSV_NULL_V1__,__MLAT_CSV_NULL_V1__,False,__MLAT_CSV_NULL_V1__
return_sign_entropy_60,volatility,120,New York,Development,188760,638,0.20063537238031509,0.17049629709324193,0.23045314572281944,0.00099950024987506244,188760,37.986298502470866,35.509531373823911,34.934381569307632,35.283316570915694,35.751932143332645,0.29999999999999999,-0.13819308293832064,__MLAT_CSV_NULL_V1__,__MLAT_CSV_NULL_V1__,False,0.0014392803598200898
return_sign_entropy_60,volatility,120,New York,Validation,72895,246,0.12619010541881934,0.07794683787131132,0.17448247299442868,0.00099950024987506244,72895,38.648236965227241,35.9936043242243,35.888445417967674,35.86182873556497,34.537415076126884,0.99999999999999989,-0.27231113052961731,__MLAT_CSV_NULL_V1__,__MLAT_CSV_NULL_V1__,False,__MLAT_CSV_NULL_V1__
return_sign_entropy_60,volatility,180,New York,Development,188760,638,0.34855280848621234,0.32209510953473708,0.37589413512377523,0.00099950024987506244,188760,43.207237351282402,40.774113953738485,40.736704370935598,41.97537750054471,44.040429603681467,0.29999999999999999,0.046067169197484978,__MLAT_CSV_NULL_V1__,__MLAT_CSV_NULL_V1__,False,0.0014392803598200898
return_sign_entropy_60,volatility,180,New York,Validation,72895,246,0.30107238530675362,0.25418203258723471,0.34369407114024147,0.00099950024987506244,72895,44.195328147648361,41.856860148378615,42.858481490251634,44.249431718055853,43.33153913083126,0.19999999999999998,-0.050890242913274514,__MLAT_CSV_NULL_V1__,__MLAT_CSV_NULL_V1__,False,__MLAT_CSV_NULL_V1__
return_sign_entropy_60,path_risk,5,New York,Development,188760,638,0.12205378429176759,0.11355248777760678,0.13088617151144391,0.00099950024987506244,188760,1.8215442633298244,1.8698262076377128,1.9359727065782499,2.06647326689987,2.2536095295781347,0.99999999999999989,0.30826472251467163,__MLAT_CSV_NULL_V1__,0.12064228011229132,True,0.0015311493189575423
return_sign_entropy_60,path_risk,5,New York,Validation,72895,246,0.10849534470815522,0.096693840065705458,0.12090501078495493,0.00099950024987506244,72895,1.853189272020904,1.925820183422255,1.9957517425425029,2.1140533695477237,2.2217124962927217,0.99999999999999989,0.31130709520816247,__MLAT_CSV_NULL_V1__,0.11051505442230401,True,__MLAT_CSV_NULL_V1__
return_sign_entropy_60,path_risk,15,New York,Development,188760,638,0.16151151580111184,0.14781815231353743,0.17509844648975381,0.00099950024987506244,188760,3.1614195461696841,3.2515160918294739,3.4624639452511352,3.7623891848782987,4.2048174591347252,0.99999999999999989,0.39493967738482783,__MLAT_CSV_NULL_V1__,0.16873011570573282,True,0.0015311493189575423
return_sign_entropy_60,path_risk,15,New York,Validation,72895,246,0.1517261155567641,0.13220575208125707,0.17208808856741739,0.00099950024987506244,72895,3.2291085361089005,3.4424597000822499,3.5853946228951492,3.8775915990821801,4.1684050210671293,0.99999999999999989,0.43316169930343129,__MLAT_CSV_NULL_V1__,0.15200660620209486,True,__MLAT_CSV_NULL_V1__
return_sign_entropy_60,path_risk,30,New York,Development,188760,638,0.20447896310031019,0.18656012337510577,0.22201805436116337,0.00099950024987506244,188760,4.426307159420368,4.6223891194848807,4.992856200925516,5.6145625026079538,6.5351818959890942,0.99999999999999989,0.49748830715380027,__MLAT_CSV_NULL_V1__,0.22480131281662821,True,0.0015311493189575423
return_sign_entropy_60,path_risk,30,New York,Validation,72895,246,0.19240970572450158,0.16250799190134915,0.22114835127948843,0.00099950024987506244,72895,4.5582584646840436,4.9949815916084921,5.1894637311333218,5.7783947925611354,6.7065472514955298,0.99999999999999989,0.60897033448026761,__MLAT_CSV_NULL_V1__,0.20352979926263687,True,__MLAT_CSV_NULL_V1__
return_sign_entropy_60,path_risk,60,New York,Development,188760,638,0.28502320330776193,0.26289870795108183,0.30739292423647813,0.00099950024987506244,188760,6.1303814910484125,6.5614336940636591,7.1984906450403692,8.5073348807218689,10.985641613775572,0.99999999999999989,0.70844024588998655,__MLAT_CSV_NULL_V1__,__MLAT_CSV_NULL_V1__,False,0.0015311493189575423
return_sign_entropy_60,path_risk,60,New York,Validation,72895,246,0.2619563100948461,0.22360181971281745,0.30095126834371239,0.00099950024987506244,72895,6.3822004450785466,7.0982340446602645,7.785567884674788,8.9239806284941583,11.50212348126114,0.99999999999999989,0.86604503474881867,__MLAT_CSV_NULL_V1__,__MLAT_CSV_NULL_V1__,False,__MLAT_CSV_NULL_V1__
return_sign_entropy_60,path_risk,120,New York,Development,188760,638,0.38491248348794221,0.36202211389509131,0.40625093187622324,0.00099950024987506244,188760,8.0744046492001651,8.9928907653801353,10.083762385114692,12.62475283481691,17.685203428751308,0.99999999999999989,0.96011908987011318,__MLAT_CSV_NULL_V1__,__MLAT_CSV_NULL_V1__,False,0.0015311493189575423
return_sign_entropy_60,path_risk,120,New York,Validation,72895,246,0.3760825833467813,0.33620986093442345,0.41530075778887499,0.00099950024987506244,72895,8.3200705960757695,9.8297316624017483,11.747676333089689,13.918272364235245,18.81854440624501,0.99999999999999989,1.2336219434634113,__MLAT_CSV_NULL_V1__,__MLAT_CSV_NULL_V1__,False,__MLAT_CSV_NULL_V1__
return_sign_entropy_60,path_risk,180,New York,Development,188760,638,0.42764743332389282,0.40451879219364761,0.45123326652004137,0.00099950024987506244,188760,9.1768426667683336,10.377790098423201,12.008580101953394,15.346651371051239,22.046323047805348,0.99999999999999989,1.0579527345106643,__MLAT_CSV_NULL_V1__,__MLAT_CSV_NULL_V1__,False,0.0015311493189575423
return_sign_entropy_60,path_risk,180,New York,Validation,72895,246,0.41052063047595361,0.36967455176141062,0.4459345270840922,0.00099950024987506244,72895,9.543421029309501,11.37073371091274,14.126350809066412,17.722127734490286,23.842299151939542,0.99999999999999989,1.4567173794387773,__MLAT_CSV_NULL_V1__,__MLAT_CSV_NULL_V1__,False,__MLAT_CSV_NULL_V1__
volatility_of_volatility_60,direction,5,New York,Development,188704,638,-0.0059504045453506824,-0.015367056568784128,0.00345878073103266,0.23588205897051473,188704,-0.020384456830257365,0.032404978187553259,0.025337043343884268,-0.022068153046309345,-0.014634749002095583,0.19999999999999998,0.0034821515522415352,0.13382750357458062,-0.0054337760370232096,True,0.46484865675270476
volatility_of_volatility_60,direction,5,New York,Validation,72839,246,-0.0085574249847269485,-0.022233953697541057,0.0059446902023032738,0.24387806096951525,72839,0.01137863087274456,-0.021302041090076232,-0.031004928114020829,0.022206328955959684,-0.052928758716270827,0.39999999999999997,-0.040148186386964921,-1.1013200619803114,-0.0077019391570348535,True,__MLAT_CSV_NULL_V1__
volatility_of_volatility_60,direction,15,New York,Development,188704,638,-0.010406782080027844,-0.025529680494184984,0.0057491360510277326,0.23888055972013994,188704,-0.041055677385615857,0.11531790342318632,0.036955553596558381,-0.069031393442630803,-0.035262320191141429,0.19999999999999998,0.0019795898991224544,0.25330059484503081,-0.020056056519699803,True,0.46484865675270476
volatility_of_volatility_60,direction,15,New York,Validation,72839,246,-0.01059022408876072,-0.035842369660931329,0.014084453344293056,0.37081459270364819,72839,0.040349834307933034,-0.018549945742963789,-0.041463197384388716,-0.021083339317485121,-0.13362303656299548,0.8999999999999998,-0.060160461734640763,-2.8428713623093262,-0.010853116473306588,True,__MLAT_CSV_NULL_V1__
volatility_of_volatility_60,direction,30,New York,Development,188704,638,-0.010010452754457853,-0.029555273292164501,0.010164964929175454,0.3568215892053973,188704,-0.050822410271634942,0.13113842469323481,0.045529603804207015,-0.071551031263519457,-0.048437812467998463,0.19999999999999998,0.00052855621695015295,0.44072876439681719,-0.020537283422470395,True,0.54662030686784269
volatility_of_volatility_60,direction,30,New York,Validation,72839,246,-0.01519949223883062,-0.0505167555235791,0.017107670700732779,0.38680659670164919,72839,0.0387078081854706,0.076525117083708835,-0.08717396185403721,-0.050808296666649967,-0.22375757418565637,0.79999999999999993,-0.059179271868936213,-4.8454696111190074,-0.0010667893581577513,True,__MLAT_CSV_NULL_V1__
volatility_of_volatility_60,direction,60,New York,Development,188704,638,-0.0094276594618681025,-0.033974710565431034,0.015743744141904135,0.43978010994502748,188704,-0.15695961044537557,0.11440756240126924,0.1939782665613608,-0.081753076601841279,-0.087418342595327367,0.099999999999999992,0.010032435658983261,0.15178533497259306,__MLAT_CSV_NULL_V1__,False,0.60892630607773035
volatility_of_volatility_60,direction,60,New York,Validation,72839,246,-0.0044819768042663492,-0.048216032382391714,0.039983655905762083,0.83758120939530234,72839,-0.35757713843756056,0.26599391307321962,0.073377029868209862,0.065177471613197063,-0.070543699982463848,0,0.040101371044513674,-1.2887234161799017,__MLAT_CSV_NULL_V1__,False,__MLAT_CSV_NULL_V1__
volatility_of_volatility_60,direction,120,New York,Development,188704,638,0.0011716415637714422,-0.026952776458329376,0.026952113185960129,0.92453773113443283,188704,-0.3200013869351428,0.16971143690689838,0.32133851046687995,-0.27578057826541963,-0.17077361796563903,0.19999999999999998,0.014253717371566653,-0.0028550419581503395,__MLAT_CSV_NULL_V1__,False,0.93755938931942484
volatility_of_volatility_60,direction,120,New York,Validation,72839,246,0.013400482986595024,-0.032705871924265523,0.059917089221594798,0.55672163918040984,72839,-0.97019474045143606,0.37385111448707031,0.20004969190802452,0.19348650917177446,0.19711699568863406,0.099999999999999992,0.11159267858720311,6.1962655302812424,__MLAT_CSV_NULL_V1__,False,__MLAT_CSV_NULL_V1__
volatility_of_volatility_60,direction,180,New York,Development,188704,638,-0.0018596276412570271,-0.027498459976645868,0.024851850813154986,0.8785607196401799,188704,-0.42577450158920249,0.37349736726352384,0.25078151697118312,-0.3024235162666899,-0.20898344364909766,0.099999999999999992,0.016949493659885951,-0.69701683764920386,__MLAT_CSV_NULL_V1__,False,0.91675901179844854
volatility_of_volatility_60,direction,180,New York,Validation,72839,246,0.010785179724105422,-0.03066510722862795,0.051477717131721966,0.60469765117441276,72839,-0.4450939077610388,0.52764204073654475,-0.28618734283861036,0.36744352420770066,0.30140229611679631,0.29999999999999999,0.058904052673564487,3.4045613792911507,__MLAT_CSV_NULL_V1__,False,__MLAT_CSV_NULL_V1__
volatility_of_volatility_60,expansion,5,New York,Development,188704,638,-0.05811850730007459,-0.068956209458106127,-0.048104211493553824,0.00099950024987506244,188704,2.4958609588343879,2.4928584512113483,2.5416262213280798,2.5209319730105944,2.3568846152305865,0.19999999999999998,-0.10086399174239803,__MLAT_CSV_NULL_V1__,-0.065199976511952223,True,0.0015311493189575423
volatility_of_volatility_60,expansion,5,New York,Validation,72839,246,-0.058526266826365379,-0.075411068745660489,-0.0402739182762454,0.00099950024987506244,72839,2.4836659889693369,2.5261316175745065,2.5482151457917683,2.4565807813258882,2.3199842090445855,0.59999999999999998,-0.1315610067318525,__MLAT_CSV_NULL_V1__,-0.061891475995935752,True,__MLAT_CSV_NULL_V1__
volatility_of_volatility_60,expansion,15,New York,Development,188704,638,-0.09482216920631352,-0.11166745492782962,-0.078343998848001042,0.00099950024987506244,188704,4.567358436484052,4.5590527237163219,4.6177783583986987,4.5674699720962755,4.1298914474086175,0.19999999999999998,-0.17166658690166234,__MLAT_CSV_NULL_V1__,-0.095041284731334913,True,0.0015311493189575423
volatility_of_volatility_60,expansion,15,New York,Validation,72839,246,-0.089591004694875812,-0.1156360802733154,-0.064223392305517629,0.00099950024987506244,72839,4.5367696464271621,4.6210807116954067,4.5855127466047358,4.4127841571484572,4.0679576903953265,0.69999999999999996,-0.19539703720779492,__MLAT_CSV_NULL_V1__,-0.089370092924386274,True,__MLAT_CSV_NULL_V1__
volatility_of_volatility_60,expansion,30,New York,Development,188704,638,-0.13139504454122666,-0.15246830455226709,-0.11201667828053263,0.00099950024987506244,188704,6.9276525030409193,6.7787405545855961,6.8218850151639518,6.6559537861712892,5.8395883195893195,0.8999999999999998,-0.25486488425992099,__MLAT_CSV_NULL_V1__,-0.10586057526266592,True,0.0015311493189575423
volatility_of_volatility_60,expansion,30,New York,Validation,72839,246,-0.11611409238725247,-0.15052394071568098,-0.083272108080091584,0.00099950024987506244,72839,6.8501658630820499,6.8144903789800306,6.7962691936491479,6.3078190422930014,5.7745900171537983,0.99999999999999989,-0.26519904888930179,__MLAT_CSV_NULL_V1__,-0.091170850690171529,True,__MLAT_CSV_NULL_V1__
volatility_of_volatility_60,expansion,60,New York,Development,188704,638,-0.14055000730160724,-0.16592529536217335,-0.11666606066239121,0.00099950024987506244,188704,10.635221679536446,10.195977928789267,10.302863393959546,9.9931409213857734,8.4759933652451362,0.8999999999999998,-0.29969035632313357,__MLAT_CSV_NULL_V1__,__MLAT_CSV_NULL_V1__,False,0.0015311493189575423
volatility_of_volatility_60,expansion,60,New York,Validation,72839,246,-0.1419158899143444,-0.1823176299131764,-0.10082550766898415,0.00099950024987506244,72839,10.764067147337453,10.425062845176427,9.8596907171348231,9.1034260940541589,8.2456752249257068,0.99999999999999989,-0.35002356939220375,__MLAT_CSV_NULL_V1__,__MLAT_CSV_NULL_V1__,False,__MLAT_CSV_NULL_V1__
volatility_of_volatility_60,expansion,120,New York,Development,188704,638,-0.12530693591427183,-0.15286603617237846,-0.097995860614700017,0.00099950024987506244,188704,15.684882143982493,15.198168029701796,14.963011096637844,14.597582934734389,12.123437275965626,0.99999999999999989,-0.3246599216706223,__MLAT_CSV_NULL_V1__,__MLAT_CSV_NULL_V1__,False,0.0015311493189575423
volatility_of_volatility_60,expansion,120,New York,Validation,72839,246,-0.15736626813695648,-0.20318155426251908,-0.11377149867836646,0.00099950024987506244,72839,16.10771908150387,15.33311919640273,14.428436922373448,13.262596326629849,11.517562512977168,0.99999999999999989,-0.40640503531698202,__MLAT_CSV_NULL_V1__,__MLAT_CSV_NULL_V1__,False,__MLAT_CSV_NULL_V1__
volatility_of_volatility_60,expansion,180,New York,Development,188704,638,-0.1345926122599892,-0.16297664725249209,-0.10720829152428028,0.00099950024987506244,188704,19.43168068852134,18.503271826940988,17.974265472465603,17.287190001629881,14.17016096876122,0.99999999999999989,-0.38161057256852549,__MLAT_CSV_NULL_V1__,__MLAT_CSV_NULL_V1__,False,0.0015311493189575423
volatility_of_volatility_60,expansion,180,New York,Validation,72839,246,-0.16696019737887918,-0.21239554593650198,-0.12385172416053958,0.00099950024987506244,72839,19.304005410653534,18.888647804447231,17.559709320286988,15.784207265861152,13.371085273858961,0.99999999999999989,-0.44492955272391843,__MLAT_CSV_NULL_V1__,__MLAT_CSV_NULL_V1__,False,__MLAT_CSV_NULL_V1__
volatility_of_volatility_60,volatility,5,New York,Development,188704,638,0.1725974548033265,0.15428202312073666,0.19104830133945724,0.00099950024987506244,188704,5.9602639905751307,6.1451101361752061,6.4915622813486795,6.8048246008053246,8.2623193626972231,0.99999999999999989,0.48079293156972247,__MLAT_CSV_NULL_V1__,0.17160827616909544,True,0.0014392803598200898
volatility_of_volatility_60,volatility,5,New York,Validation,72839,246,0.19798111804133356,0.16907037196170638,0.22689866621546009,0.00099950024987506244,72839,5.9429654917637436,6.2845854956416662,6.5709482609796881,6.9368976760183783,8.9999261670587281,0.99999999999999989,0.67416079634772752,__MLAT_CSV_NULL_V1__,0.1999644490657693,True,__MLAT_CSV_NULL_V1__
volatility_of_volatility_60,volatility,15,New York,Development,188704,638,0.18001516645991678,0.15782708787527364,0.20306996814734374,0.00099950024987506244,188704,11.096039002847775,11.367904030596813,11.937718524562525,12.479260568225003,14.664607157716871,0.99999999999999989,0.50178679378211499,__MLAT_CSV_NULL_V1__,0.17553401794997392,True,0.0014392803598200898
volatility_of_volatility_60,volatility,15,New York,Validation,72839,246,0.20819376360895686,0.17245096219194384,0.24227925632575273,0.00099950024987506244,72839,10.977413342316058,11.629505354699889,12.059891147347798,12.586153261735406,15.915617624253908,0.99999999999999989,0.72149244762970033,__MLAT_CSV_NULL_V1__,0.20556641307047643,True,__MLAT_CSV_NULL_V1__
volatility_of_volatility_60,volatility,30,New York,Development,188704,638,0.14553625366632536,0.12256225354924538,0.17136608247425811,0.00099950024987506244,188704,16.451294150273696,16.649017960325466,17.423597731922445,17.971444844511446,20.540956045110196,0.99999999999999989,0.43928195597394915,__MLAT_CSV_NULL_V1__,0.14878639576845121,True,0.0014392803598200898
volatility_of_volatility_60,volatility,30,New York,Validation,72839,246,0.18690970610418919,0.14968460846814219,0.22676030610567252,0.00099950024987506244,72839,16.261516716489766,16.98203805148243,17.535581254159521,18.026678077829601,22.37185509572554,0.99999999999999989,0.66863544889982574,__MLAT_CSV_NULL_V1__,0.16034642959915626,True,__MLAT_CSV_NULL_V1__
volatility_of_volatility_60,volatility,60,New York,Development,188704,638,0.12229537188265148,0.095920335527874989,0.14919645949769955,0.00099950024987506244,188704,23.9609483209079,24.245015736029426,25.280990607815255,25.980083243729123,28.950875709361824,0.99999999999999989,0.41969055745757011,__MLAT_CSV_NULL_V1__,__MLAT_CSV_NULL_V1__,False,0.0014392803598200898
volatility_of_volatility_60,volatility,60,New York,Validation,72839,246,0.15313982925638697,0.11420043616597271,0.19259099453815218,0.00099950024987506244,72839,24.294185212211531,24.858399902592847,25.110384368416536,25.839916931502799,31.37023219237976,0.99999999999999989,0.58724455913033857,__MLAT_CSV_NULL_V1__,__MLAT_CSV_NULL_V1__,False,__MLAT_CSV_NULL_V1__
volatility_of_volatility_60,volatility,120,New York,Development,188704,638,0.13892259901153636,0.11170464793987812,0.16472491404746908,0.00099950024987506244,188704,33.757228550573295,34.239156667540939,35.221438317805536,36.378301878337702,39.820844424122335,0.99999999999999989,0.39718610494227985,__MLAT_CSV_NULL_V1__,__MLAT_CSV_NULL_V1__,False,0.0014392803598200898
volatility_of_volatility_60,volatility,120,New York,Validation,72839,246,0.13387053745763572,0.091691756845044686,0.17528248568503718,0.00099950024987506244,72839,35.27518491395832,35.482872798867248,35.599716457731304,36.354389687320975,42.506637514449721,0.99999999999999989,0.46533025748374196,__MLAT_CSV_NULL_V1__,__MLAT_CSV_NULL_V1__,False,__MLAT_CSV_NULL_V1__
volatility_of_volatility_60,volatility,180,New York,Development,188704,638,0.09038128210841867,0.062862087538909456,0.11734181728283123,0.00099950024987506244,188704,40.389619616262401,40.755564229743925,41.486376190105538,42.427407386371307,45.655933075567404,0.99999999999999989,0.30155610241187047,__MLAT_CSV_NULL_V1__,__MLAT_CSV_NULL_V1__,False,0.0014392803598200898
volatility_of_volatility_60,volatility,180,New York,Validation,72839,246,0.063332903142808053,0.021209356864181163,0.10821487171946845,0.0039980009995002497,72839,42.195307007886647,42.688644544219962,42.279655107671914,42.597112854836382,48.410676759395329,0.69999999999999996,0.3572346273366972,__MLAT_CSV_NULL_V1__,__MLAT_CSV_NULL_V1__,False,__MLAT_CSV_NULL_V1__
volatility_of_volatility_60,path_risk,5,New York,Development,188704,638,-0.049593473637457836,-0.059200700499809737,-0.040020076304898178,0.00099950024987506244,188704,2.0004275132384683,1.9948243117727629,2.0454959390580782,2.0243230895630329,1.886811879623298,0.19999999999999998,-0.088562232743501626,__MLAT_CSV_NULL_V1__,-0.050988803012587035,True,0.0015311493189575423
volatility_of_volatility_60,path_risk,5,New York,Validation,72839,246,-0.047109394812033197,-0.062784545251581989,-0.030998895568116708,0.00099950024987506244,72839,1.9799508112622379,2.012744736324743,2.033332390639353,1.9609187668440045,1.8493765295261069,0.59999999999999998,-0.1129036739079258,__MLAT_CSV_NULL_V1__,-0.050667436465895305,True,__MLAT_CSV_NULL_V1__
volatility_of_volatility_60,path_risk,15,New York,Development,188704,638,-0.079390737115560189,-0.094646752223765729,-0.063995223697721523,0.00099950024987506244,188704,3.6244790428150147,3.6124450766299656,3.6864347388647789,3.6430259419642486,3.2909721301247128,0.19999999999999998,-0.14457208576088054,__MLAT_CSV_NULL_V1__,-0.079847146489794033,True,0.0015311493189575423
volatility_of_volatility_60,path_risk,15,New York,Validation,72839,246,-0.071466159115749175,-0.096950364159872154,-0.046481957718894629,0.00099950024987506244,72839,3.5902159303649723,3.6630152819003894,3.615730532340022,3.5015724933075569,3.2310739692454189,0.69999999999999996,-0.16525902418497754,__MLAT_CSV_NULL_V1__,-0.080302530408902104,True,__MLAT_CSV_NULL_V1__
volatility_of_volatility_60,path_risk,30,New York,Development,188704,638,-0.11613034798359555,-0.13629608965643489,-0.096845084665411807,0.00099950024987506244,188704,5.4845520579655114,5.3642999328565688,5.4338210675136036,5.2995134694222621,4.6337496239641887,0.8999999999999998,-0.22797517927237571,__MLAT_CSV_NULL_V1__,-0.094369469573384726,True,0.0015311493189575423
volatility_of_volatility_60,path_risk,30,New York,Validation,72839,246,-0.097589796986575716,-0.12793793513650734,-0.066729427609131059,0.00099950024987506244,72839,5.4011521501793034,5.3934876427781857,5.314953462435998,5.0010857847192636,4.5505773034159027,0.99999999999999989,-0.24061890744661266,__MLAT_CSV_NULL_V1__,-0.077215546182826264,True,__MLAT_CSV_NULL_V1__
volatility_of_volatility_60,path_risk,60,New York,Development,188704,638,-0.13205822319027247,-0.15674743978354358,-0.1092567556478963,0.00099950024987506244,188704,8.4014929266856804,8.0957823669786162,8.2655530061632394,7.9677674865005965,6.6822618010334498,0.8999999999999998,-0.28204752497295132,__MLAT_CSV_NULL_V1__,__MLAT_CSV_NULL_V1__,False,0.0015311493189575423
volatility_of_volatility_60,path_risk,60,New York,Validation,72839,246,-0.12126860785699949,-0.15807591074181393,-0.083266069950976532,0.00099950024987506244,72839,8.4739442602026607,8.1808392873756564,7.6376582203320593,7.1987867990904926,6.4592920491228156,0.99999999999999989,-0.32737231837599623,__MLAT_CSV_NULL_V1__,__MLAT_CSV_NULL_V1__,False,__MLAT_CSV_NULL_V1__
volatility_of_volatility_60,path_risk,120,New York,Development,188704,638,-0.12305609382497501,-0.14814256867425815,-0.097497412464183267,0.00099950024987506244,188704,12.26773496128248,12.014646914233643,11.981340210335546,11.646577791397442,9.5843252547141748,0.99999999999999989,-0.28755629489094209,__MLAT_CSV_NULL_V1__,__MLAT_CSV_NULL_V1__,False,0.0015311493189575423
volatility_of_volatility_60,path_risk,120,New York,Validation,72839,246,-0.15244136222145968,-0.19491244454972453,-0.10858650646801896,0.00099950024987506244,72839,12.519752925005774,11.909579727562763,11.209023343881247,10.394687867303622,9.0386313879461522,0.99999999999999989,-0.37321572097335109,__MLAT_CSV_NULL_V1__,__MLAT_CSV_NULL_V1__,False,__MLAT_CSV_NULL_V1__
volatility_of_volatility_60,path_risk,180,New York,Development,188704,638,-0.14280207076011397,-0.17014065546179383,-0.11754991884885327,0.00099950024987506244,188704,15.182269550734498,14.596423812100221,14.353973398496642,13.745166415041822,11.135095934865978,0.99999999999999989,-0.34417273290265776,__MLAT_CSV_NULL_V1__,__MLAT_CSV_NULL_V1__,False,0.0015311493189575423
volatility_of_volatility_60,path_risk,180,New York,Validation,72839,246,-0.16574525656757624,-0.21016913922500097,-0.12300195122584107,0.00099950024987506244,72839,14.937817346974622,14.69691163453154,13.707438709952056,12.333169539833911,10.594451084850325,0.99999999999999989,-0.39135969221384953,__MLAT_CSV_NULL_V1__,__MLAT_CSV_NULL_V1__,False,__MLAT_CSV_NULL_V1__
