feature_name,target_family,horizon_minutes,entry_session,research_partition,year,eligible_dates,mean_daily_ic,full_period_sign_agreement
bollinger_zscore_20,direction,5,London,Development,2021,151,-0.066581869347986142,True
bollinger_zscore_20,direction,5,London,Development,2022,244,-0.082863859084813432,True
bollinger_zscore_20,direction,5,London,Development,2023,241,-0.081788402271881555,True
bollinger_zscore_20,direction,5,London,Validation,2024,244,-0.068101499181971364,True
bollinger_zscore_20,direction,15,London,Development,2021,151,-0.10404756556027696,True
bollinger_zscore_20,direction,15,London,Development,2022,244,-0.10647437862176834,True
bollinger_zscore_20,direction,15,London,Development,2023,241,-0.11801852920702184,True
bollinger_zscore_20,direction,15,London,Validation,2024,244,-0.11800409741095537,True
bollinger_zscore_20,direction,30,London,Development,2021,151,-0.14913668017217049,True
bollinger_zscore_20,direction,30,London,Development,2022,244,-0.15367173855624641,True
bollinger_zscore_20,direction,30,London,Development,2023,241,-0.14848072089823108,True
bollinger_zscore_20,direction,30,London,Validation,2024,244,-0.14990740589588247,True
bollinger_zscore_20,direction,60,London,Development,2021,151,-0.19595154762924427,True
bollinger_zscore_20,direction,60,London,Development,2022,244,-0.20391549557087313,True
bollinger_zscore_20,direction,60,London,Development,2023,241,-0.18687676572013756,True
bollinger_zscore_20,direction,60,London,Validation,2024,244,-0.17914797396748636,True
bollinger_zscore_20,direction,120,London,Development,2021,151,-0.22839418011910231,True
bollinger_zscore_20,direction,120,London,Development,2022,244,-0.20899489021431697,True
bollinger_zscore_20,direction,120,London,Development,2023,241,-0.23702955032537212,True
bollinger_zscore_20,direction,120,London,Validation,2024,244,-0.21705239275401753,True
bollinger_zscore_20,direction,180,London,Development,2021,151,-0.20379549525324117,True
bollinger_zscore_20,direction,180,London,Development,2022,244,-0.19403590748531305,True
bollinger_zscore_20,direction,180,London,Development,2023,241,-0.20820361581539071,True
bollinger_zscore_20,direction,180,London,Validation,2024,244,-0.2044965130661219,True
bollinger_zscore_20,expansion,5,London,Development,2021,151,-0.047949835819119893,True
bollinger_zscore_20,expansion,5,London,Development,2022,244,-0.0039145399737377353,True
bollinger_zscore_20,expansion,5,London,Development,2023,241,-0.010419380343906465,True
bollinger_zscore_20,expansion,5,London,Validation,2024,244,-0.027912958374322939,True
bollinger_zscore_20,expansion,15,London,Development,2021,151,-0.06043857242415962,True
bollinger_zscore_20,expansion,15,London,Development,2022,244,0.0044785303365718968,False
bollinger_zscore_20,expansion,15,London,Development,2023,241,0.0023375359857454011,False
bollinger_zscore_20,expansion,15,London,Validation,2024,244,-0.022570580760269722,True
bollinger_zscore_20,expansion,30,London,Development,2021,151,-0.068334606083910981,True
bollinger_zscore_20,expansion,30,London,Development,2022,244,-0.014134119822852011,True
bollinger_zscore_20,expansion,30,London,Development,2023,241,0.0092843599498874455,False
bollinger_zscore_20,expansion,30,London,Validation,2024,244,-0.044094582331481884,True
bollinger_zscore_20,expansion,60,London,Development,2021,151,-0.01304579562305307,True
bollinger_zscore_20,expansion,60,London,Development,2022,244,-0.040503149382567924,True
bollinger_zscore_20,expansion,60,London,Development,2023,241,-0.0054863148242262176,True
bollinger_zscore_20,expansion,60,London,Validation,2024,244,-0.060477730764892608,True
bollinger_zscore_20,expansion,120,London,Development,2021,151,-0.014742102407576733,True
bollinger_zscore_20,expansion,120,London,Development,2022,244,-0.037232803858850097,True
bollinger_zscore_20,expansion,120,London,Development,2023,241,-0.02279762744015687,True
bollinger_zscore_20,expansion,120,London,Validation,2024,244,-0.059841835803494288,True
bollinger_zscore_20,expansion,180,London,Development,2021,151,0.015234365207629323,True
bollinger_zscore_20,expansion,180,London,Development,2022,244,0.0050985845370901568,True
bollinger_zscore_20,expansion,180,London,Development,2023,241,-0.00093600872934931673,False
bollinger_zscore_20,expansion,180,London,Validation,2024,244,-0.041582760988306371,True
bollinger_zscore_20,volatility,5,London,Development,2021,151,-0.046641500771528517,True
bollinger_zscore_20,volatility,5,London,Development,2022,244,-0.015349106501074967,True
bollinger_zscore_20,volatility,5,London,Development,2023,241,-0.0038346779048372536,True
bollinger_zscore_20,volatility,5,London,Validation,2024,244,-0.015760224764004335,True
bollinger_zscore_20,volatility,15,London,Development,2021,151,-0.060754882150451293,True
bollinger_zscore_20,volatility,15,London,Development,2022,244,-0.017224709760683268,True
bollinger_zscore_20,volatility,15,London,Development,2023,241,-0.0067164147019709184,True
bollinger_zscore_20,volatility,15,London,Validation,2024,244,-0.016110495422720982,True
bollinger_zscore_20,volatility,30,London,Development,2021,151,-0.06859091455010552,True
bollinger_zscore_20,volatility,30,London,Development,2022,244,-0.028593788406688744,True
bollinger_zscore_20,volatility,30,London,Development,2023,241,-0.013089818958765653,True
bollinger_zscore_20,volatility,30,London,Validation,2024,244,-0.028549407194293445,True
bollinger_zscore_20,volatility,60,London,Development,2021,151,-0.05204611919416436,True
bollinger_zscore_20,volatility,60,London,Development,2022,244,-0.027635219937895084,True
bollinger_zscore_20,volatility,60,London,Development,2023,241,-0.00089794303756044803,True
bollinger_zscore_20,volatility,60,London,Validation,2024,244,-0.034396156651103571,True
bollinger_zscore_20,volatility,120,London,Development,2021,151,-0.041479536123580865,True
bollinger_zscore_20,volatility,120,London,Development,2022,244,-0.038051271558345125,True
bollinger_zscore_20,volatility,120,London,Development,2023,241,-0.0012013243905328232,True
bollinger_zscore_20,volatility,120,London,Validation,2024,244,-0.023820776008655356,True
bollinger_zscore_20,volatility,180,London,Development,2021,151,-0.002560425646005659,False
bollinger_zscore_20,volatility,180,London,Development,2022,244,0.016551571330360792,True
bollinger_zscore_20,volatility,180,London,Development,2023,241,-0.003356979297809458,False
bollinger_zscore_20,volatility,180,London,Validation,2024,244,-0.0010929974369019407,True
bollinger_zscore_20,path_risk,5,London,Development,2021,151,-0.039256385145848414,True
bollinger_zscore_20,path_risk,5,London,Development,2022,244,0.0030536958720175839,False
bollinger_zscore_20,path_risk,5,London,Development,2023,241,-0.010183986259755494,True
bollinger_zscore_20,path_risk,5,London,Validation,2024,244,-0.017567182229375283,True
bollinger_zscore_20,path_risk,15,London,Development,2021,151,-0.052137190984523088,True
bollinger_zscore_20,path_risk,15,London,Development,2022,244,0.0058609093011142586,False
bollinger_zscore_20,path_risk,15,London,Development,2023,241,0.0024531061181799841,False
bollinger_zscore_20,path_risk,15,London,Validation,2024,244,-0.011061960498626277,True
bollinger_zscore_20,path_risk,30,London,Development,2021,151,-0.06307190988111408,True
bollinger_zscore_20,path_risk,30,London,Development,2022,244,-0.0072334686522500082,True
bollinger_zscore_20,path_risk,30,London,Development,2023,241,0.010948295748101128,False
bollinger_zscore_20,path_risk,30,London,Validation,2024,244,-0.030717098326862407,True
bollinger_zscore_20,path_risk,60,London,Development,2021,151,-0.024856369912059237,True
bollinger_zscore_20,path_risk,60,London,Development,2022,244,-0.035302738011059445,True
bollinger_zscore_20,path_risk,60,London,Development,2023,241,0.0014768120865847848,False
bollinger_zscore_20,path_risk,60,London,Validation,2024,244,-0.063288921706509432,True
bollinger_zscore_20,path_risk,120,London,Development,2021,151,-0.020822591705529369,True
bollinger_zscore_20,path_risk,120,London,Development,2022,244,-0.026597593804903789,True
bollinger_zscore_20,path_risk,120,London,Development,2023,241,-0.014441994580952909,True
bollinger_zscore_20,path_risk,120,London,Validation,2024,244,-0.05805756220945664,True
bollinger_zscore_20,path_risk,180,London,Development,2021,151,0.010555886820599434,True
bollinger_zscore_20,path_risk,180,London,Development,2022,244,0.0070167321307798309,True
bollinger_zscore_20,path_risk,180,London,Development,2023,241,-0.0024512114070903918,False
bollinger_zscore_20,path_risk,180,London,Validation,2024,244,-0.038987722117772204,True
bollinger_bandwidth_20,direction,5,London,Development,2021,151,-0.00091394912717601587,False
bollinger_bandwidth_20,direction,5,London,Development,2022,244,0.0019899128802045585,True
bollinger_bandwidth_20,direction,5,London,Development,2023,241,0.00398692896571738,True
bollinger_bandwidth_20,direction,5,London,Validation,2024,244,0.013544567163544401,True
bollinger_bandwidth_20,direction,15,London,Development,2021,151,0.01751488469961798,True
bollinger_bandwidth_20,direction,15,London,Development,2022,244,-0.0022123560727526173,False
bollinger_bandwidth_20,direction,15,London,Development,2023,241,0.025354860029447437,True
bollinger_bandwidth_20,direction,15,London,Validation,2024,244,0.0073592064560873503,True
bollinger_bandwidth_20,direction,30,London,Development,2021,151,0.0094382299336817702,True
bollinger_bandwidth_20,direction,30,London,Development,2022,244,-0.0019699722723138875,False
bollinger_bandwidth_20,direction,30,London,Development,2023,241,0.013266936667773881,True
bollinger_bandwidth_20,direction,30,London,Validation,2024,244,-0.0025176928121920209,True
bollinger_bandwidth_20,direction,60,London,Development,2021,151,0.020928641230983615,True
bollinger_bandwidth_20,direction,60,London,Development,2022,244,0.011335096211629363,True
bollinger_bandwidth_20,direction,60,London,Development,2023,241,-0.0066031187206836836,False
bollinger_bandwidth_20,direction,60,London,Validation,2024,244,-0.033176460524288617,True
bollinger_bandwidth_20,direction,120,London,Development,2021,151,0.03761438118272524,True
bollinger_bandwidth_20,direction,120,London,Development,2022,244,0.010998105460442088,True
bollinger_bandwidth_20,direction,120,London,Development,2023,241,0.0033230170812258834,True
bollinger_bandwidth_20,direction,120,London,Validation,2024,244,-0.056151747498217809,True
bollinger_bandwidth_20,direction,180,London,Development,2021,151,0.044502325943322874,True
bollinger_bandwidth_20,direction,180,London,Development,2022,244,-0.011223049893865971,False
bollinger_bandwidth_20,direction,180,London,Development,2023,241,-0.0041935382341026358,False
bollinger_bandwidth_20,direction,180,London,Validation,2024,244,-0.020315202396109806,True
bollinger_bandwidth_20,expansion,5,London,Development,2021,151,-0.12121035618137338,True
bollinger_bandwidth_20,expansion,5,London,Development,2022,244,-0.14531710688723803,True
bollinger_bandwidth_20,expansion,5,London,Development,2023,241,-0.12821746456076452,True
bollinger_bandwidth_20,expansion,5,London,Validation,2024,244,-0.12050526453700827,True
bollinger_bandwidth_20,expansion,15,London,Development,2021,151,-0.21476908313682155,True
bollinger_bandwidth_20,expansion,15,London,Development,2022,244,-0.24685905683268147,True
bollinger_bandwidth_20,expansion,15,London,Development,2023,241,-0.21759001983959034,True
bollinger_bandwidth_20,expansion,15,London,Validation,2024,244,-0.20811198470018982,True
bollinger_bandwidth_20,expansion,30,London,Development,2021,151,-0.27356213003274743,True
bollinger_bandwidth_20,expansion,30,London,Development,2022,244,-0.30916583800681419,True
bollinger_bandwidth_20,expansion,30,London,Development,2023,241,-0.2761670632628796,True
bollinger_bandwidth_20,expansion,30,London,Validation,2024,244,-0.25925950806535536,True
bollinger_bandwidth_20,expansion,60,London,Development,2021,151,-0.35765472013055943,True
bollinger_bandwidth_20,expansion,60,London,Development,2022,244,-0.37101701532560294,True
bollinger_bandwidth_20,expansion,60,London,Development,2023,241,-0.3410274539412036,True
bollinger_bandwidth_20,expansion,60,London,Validation,2024,244,-0.32878815443332321,True
bollinger_bandwidth_20,expansion,120,London,Development,2021,151,-0.45274260685421536,True
bollinger_bandwidth_20,expansion,120,London,Development,2022,244,-0.42679250105713162,True
bollinger_bandwidth_20,expansion,120,London,Development,2023,241,-0.40883041458130237,True
bollinger_bandwidth_20,expansion,120,London,Validation,2024,244,-0.39239324353367927,True
bollinger_bandwidth_20,expansion,180,London,Development,2021,151,-0.48392754622117456,True
bollinger_bandwidth_20,expansion,180,London,Development,2022,244,-0.45012452175493733,True
bollinger_bandwidth_20,expansion,180,London,Development,2023,241,-0.42073781965207446,True
bollinger_bandwidth_20,expansion,180,London,Validation,2024,244,-0.37649555183828654,True
bollinger_bandwidth_20,volatility,5,London,Development,2021,151,0.15355380898375062,True
bollinger_bandwidth_20,volatility,5,London,Development,2022,244,0.11071237947332783,True
bollinger_bandwidth_20,volatility,5,London,Development,2023,241,0.11880888084833371,True
bollinger_bandwidth_20,volatility,5,London,Validation,2024,244,0.10426557417730645,True
bollinger_bandwidth_20,volatility,15,London,Development,2021,151,0.15144874459355523,True
bollinger_bandwidth_20,volatility,15,London,Development,2022,244,0.09633585703385257,True
bollinger_bandwidth_20,volatility,15,London,Development,2023,241,0.12483526981689202,True
bollinger_bandwidth_20,volatility,15,London,Validation,2024,244,0.10573352233561416,True
bollinger_bandwidth_20,volatility,30,London,Development,2021,151,0.10853531818516619,True
bollinger_bandwidth_20,volatility,30,London,Development,2022,244,0.064090588289036951,True
bollinger_bandwidth_20,volatility,30,London,Development,2023,241,0.10834385621662732,True
bollinger_bandwidth_20,volatility,30,London,Validation,2024,244,0.082891315468368504,True
bollinger_bandwidth_20,volatility,60,London,Development,2021,151,0.040754696820309917,True
bollinger_bandwidth_20,volatility,60,London,Development,2022,244,0.022502616919492988,True
bollinger_bandwidth_20,volatility,60,London,Development,2023,241,0.084115637424810055,True
bollinger_bandwidth_20,volatility,60,London,Validation,2024,244,0.032237056147507069,True
bollinger_bandwidth_20,volatility,120,London,Development,2021,151,-0.027808329758641861,False
bollinger_bandwidth_20,volatility,120,London,Development,2022,244,-0.019134358807146042,False
bollinger_bandwidth_20,volatility,120,London,Development,2023,241,0.046225739800749413,True
bollinger_bandwidth_20,volatility,120,London,Validation,2024,244,-0.032036528447566888,True
bollinger_bandwidth_20,volatility,180,London,Development,2021,151,-0.20229971389352963,True
bollinger_bandwidth_20,volatility,180,London,Development,2022,244,-0.15773844335718123,True
bollinger_bandwidth_20,volatility,180,London,Development,2023,241,-0.10405335829462496,True
bollinger_bandwidth_20,volatility,180,London,Validation,2024,244,-0.11367188571619855,True
bollinger_bandwidth_20,path_risk,5,London,Development,2021,151,-0.10626948682954142,True
bollinger_bandwidth_20,path_risk,5,London,Development,2022,244,-0.13170121588016001,True
bollinger_bandwidth_20,path_risk,5,London,Development,2023,241,-0.11984077861160135,True
bollinger_bandwidth_20,path_risk,5,London,Validation,2024,244,-0.11438777824095403,True
bollinger_bandwidth_20,path_risk,15,London,Development,2021,151,-0.19549139478060243,True
bollinger_bandwidth_20,path_risk,15,London,Development,2022,244,-0.21530685247260009,True
bollinger_bandwidth_20,path_risk,15,London,Development,2023,241,-0.19177076684873079,True
bollinger_bandwidth_20,path_risk,15,London,Validation,2024,244,-0.18485095766395393,True
bollinger_bandwidth_20,path_risk,30,London,Development,2021,151,-0.25118877035021042,True
bollinger_bandwidth_20,path_risk,30,London,Development,2022,244,-0.27223418325150001,True
bollinger_bandwidth_20,path_risk,30,London,Development,2023,241,-0.23484038233998283,True
bollinger_bandwidth_20,path_risk,30,London,Validation,2024,244,-0.22358007865829749,True
bollinger_bandwidth_20,path_risk,60,London,Development,2021,151,-0.30585668996038218,True
bollinger_bandwidth_20,path_risk,60,London,Development,2022,244,-0.31395538759913211,True
bollinger_bandwidth_20,path_risk,60,London,Development,2023,241,-0.28654869020503482,True
bollinger_bandwidth_20,path_risk,60,London,Validation,2024,244,-0.29417941009135218,True
bollinger_bandwidth_20,path_risk,120,London,Development,2021,151,-0.37915232938809001,True
bollinger_bandwidth_20,path_risk,120,London,Development,2022,244,-0.36027137873873588,True
bollinger_bandwidth_20,path_risk,120,London,Development,2023,241,-0.33278552249288496,True
bollinger_bandwidth_20,path_risk,120,London,Validation,2024,244,-0.31647756249454856,True
bollinger_bandwidth_20,path_risk,180,London,Development,2021,151,-0.41161465569791122,True
bollinger_bandwidth_20,path_risk,180,London,Development,2022,244,-0.39566359975903287,True
bollinger_bandwidth_20,path_risk,180,London,Development,2023,241,-0.36134091936460017,True
bollinger_bandwidth_20,path_risk,180,London,Validation,2024,244,-0.30620958476116822,True
cutler_rsi_14,direction,5,London,Development,2021,151,-0.060595941785382482,True
cutler_rsi_14,direction,5,London,Development,2022,244,-0.078336158243977272,True
cutler_rsi_14,direction,5,London,Development,2023,241,-0.083275458899198976,True
cutler_rsi_14,direction,5,London,Validation,2024,244,-0.067857378929517764,True
cutler_rsi_14,direction,15,London,Development,2021,151,-0.10069569618170908,True
cutler_rsi_14,direction,15,London,Development,2022,244,-0.11066161249200576,True
cutler_rsi_14,direction,15,London,Development,2023,241,-0.11217612568794637,True
cutler_rsi_14,direction,15,London,Validation,2024,244,-0.11896107289469086,True
cutler_rsi_14,direction,30,London,Development,2021,151,-0.1504252525902818,True
cutler_rsi_14,direction,30,London,Development,2022,244,-0.15658334816121783,True
cutler_rsi_14,direction,30,London,Development,2023,241,-0.1426253152431855,True
cutler_rsi_14,direction,30,London,Validation,2024,244,-0.14654745903613187,True
cutler_rsi_14,direction,60,London,Development,2021,151,-0.19811505945896399,True
cutler_rsi_14,direction,60,London,Development,2022,244,-0.20427768430328366,True
cutler_rsi_14,direction,60,London,Development,2023,241,-0.18688025523785434,True
cutler_rsi_14,direction,60,London,Validation,2024,244,-0.17538015099970319,True
cutler_rsi_14,direction,120,London,Development,2021,151,-0.23401820365113835,True
cutler_rsi_14,direction,120,London,Development,2022,244,-0.21015407998333388,True
cutler_rsi_14,direction,120,London,Development,2023,241,-0.23881846166682177,True
cutler_rsi_14,direction,120,London,Validation,2024,244,-0.21516447908142575,True
cutler_rsi_14,direction,180,London,Development,2021,151,-0.21023794619144506,True
cutler_rsi_14,direction,180,London,Development,2022,244,-0.19272219251103001,True
cutler_rsi_14,direction,180,London,Development,2023,241,-0.20813311718069591,True
cutler_rsi_14,direction,180,London,Validation,2024,244,-0.20549184067503889,True
cutler_rsi_14,expansion,5,London,Development,2021,151,-0.041165714842922911,True
cutler_rsi_14,expansion,5,London,Development,2022,244,-0.003707756409251934,True
cutler_rsi_14,expansion,5,London,Development,2023,241,-0.0073056948897029248,True
cutler_rsi_14,expansion,5,London,Validation,2024,244,-0.026525263094417276,True
cutler_rsi_14,expansion,15,London,Development,2021,151,-0.057954756784043597,True
cutler_rsi_14,expansion,15,London,Development,2022,244,0.013599733980913508,False
cutler_rsi_14,expansion,15,London,Development,2023,241,0.0084750647012534711,False
cutler_rsi_14,expansion,15,London,Validation,2024,244,-0.023842762371316266,True
cutler_rsi_14,expansion,30,London,Development,2021,151,-0.050364999146565462,True
cutler_rsi_14,expansion,30,London,Development,2022,244,-0.0095835891358633882,True
cutler_rsi_14,expansion,30,London,Development,2023,241,0.011230726078696816,False
cutler_rsi_14,expansion,30,London,Validation,2024,244,-0.043381002830794532,True
cutler_rsi_14,expansion,60,London,Development,2021,151,0.0028063767338571692,False
cutler_rsi_14,expansion,60,London,Development,2022,244,-0.036363418814367394,True
cutler_rsi_14,expansion,60,London,Development,2023,241,-0.004172307735073183,True
cutler_rsi_14,expansion,60,London,Validation,2024,244,-0.059757832563910949,True
cutler_rsi_14,expansion,120,London,Development,2021,151,-0.0022711602392869257,True
cutler_rsi_14,expansion,120,London,Development,2022,244,-0.035562318886119743,True
cutler_rsi_14,expansion,120,London,Development,2023,241,-0.022951360297632308,True
cutler_rsi_14,expansion,120,London,Validation,2024,244,-0.060538961111029743,True
cutler_rsi_14,expansion,180,London,Development,2021,151,0.029965243991791429,True
cutler_rsi_14,expansion,180,London,Development,2022,244,0.0030144529310943725,True
cutler_rsi_14,expansion,180,London,Development,2023,241,0.0017429612488908904,True
cutler_rsi_14,expansion,180,London,Validation,2024,244,-0.043158945459588247,True
cutler_rsi_14,volatility,5,London,Development,2021,151,-0.050908483216354126,True
cutler_rsi_14,volatility,5,London,Development,2022,244,-0.014739897802855593,True
cutler_rsi_14,volatility,5,London,Development,2023,241,-0.0037386993451214937,True
cutler_rsi_14,volatility,5,London,Validation,2024,244,-0.016451341901541603,True
cutler_rsi_14,volatility,15,London,Development,2021,151,-0.065291086568629766,True
cutler_rsi_14,volatility,15,London,Development,2022,244,-0.015008436344140634,True
cutler_rsi_14,volatility,15,London,Development,2023,241,-0.0039920039448227878,True
cutler_rsi_14,volatility,15,London,Validation,2024,244,-0.015040330464982314,True
cutler_rsi_14,volatility,30,London,Development,2021,151,-0.060605592325442277,True
cutler_rsi_14,volatility,30,London,Development,2022,244,-0.027759382941684032,True
cutler_rsi_14,volatility,30,London,Development,2023,241,-0.014608938546004358,True
cutler_rsi_14,volatility,30,London,Validation,2024,244,-0.032487637258710761,True
cutler_rsi_14,volatility,60,London,Development,2021,151,-0.048447242237665902,True
cutler_rsi_14,volatility,60,London,Development,2022,244,-0.024657315027578858,True
cutler_rsi_14,volatility,60,London,Development,2023,241,-0.00062226531444753202,True
cutler_rsi_14,volatility,60,London,Validation,2024,244,-0.039130363519086872,True
cutler_rsi_14,volatility,120,London,Development,2021,151,-0.038775830829010496,True
cutler_rsi_14,volatility,120,London,Development,2022,244,-0.038877286890570385,True
cutler_rsi_14,volatility,120,London,Development,2023,241,-0.00069493264616956154,True
cutler_rsi_14,volatility,120,London,Validation,2024,244,-0.028981114524813084,True
cutler_rsi_14,volatility,180,London,Development,2021,151,0.0074963671396621233,True
cutler_rsi_14,volatility,180,London,Development,2022,244,0.014151113131128001,True
cutler_rsi_14,volatility,180,London,Development,2023,241,-0.0054538210412177568,False
cutler_rsi_14,volatility,180,London,Validation,2024,244,-0.0054693098614472194,True
cutler_rsi_14,path_risk,5,London,Development,2021,151,-0.039007139091146774,True
cutler_rsi_14,path_risk,5,London,Development,2022,244,0.0025853487327671286,False
cutler_rsi_14,path_risk,5,London,Development,2023,241,-0.0079618456526188482,True
cutler_rsi_14,path_risk,5,London,Validation,2024,244,-0.014409624492304622,True
cutler_rsi_14,path_risk,15,London,Development,2021,151,-0.052999710736149772,True
cutler_rsi_14,path_risk,15,London,Development,2022,244,0.012432945448803507,False
cutler_rsi_14,path_risk,15,London,Development,2023,241,0.0079904567876318555,False
cutler_rsi_14,path_risk,15,London,Validation,2024,244,-0.012656929855360656,True
cutler_rsi_14,path_risk,30,London,Development,2021,151,-0.052746910721977888,True
cutler_rsi_14,path_risk,30,London,Development,2022,244,-0.00298986719972527,True
cutler_rsi_14,path_risk,30,London,Development,2023,241,0.012259457729372801,False
cutler_rsi_14,path_risk,30,London,Validation,2024,244,-0.031315970225916027,True
cutler_rsi_14,path_risk,60,London,Development,2021,151,-0.0094096161143452685,True
cutler_rsi_14,path_risk,60,London,Development,2022,244,-0.03048769061005413,True
cutler_rsi_14,path_risk,60,London,Development,2023,241,0.0019201139516803881,False
cutler_rsi_14,path_risk,60,London,Validation,2024,244,-0.061665119760369654,True
cutler_rsi_14,path_risk,120,London,Development,2021,151,-0.0051255085188954049,True
cutler_rsi_14,path_risk,120,London,Development,2022,244,-0.022884803382889996,True
cutler_rsi_14,path_risk,120,London,Development,2023,241,-0.013911484752241571,True
cutler_rsi_14,path_risk,120,London,Validation,2024,244,-0.058759153655252375,True
cutler_rsi_14,path_risk,180,London,Development,2021,151,0.023854274568007722,True
cutler_rsi_14,path_risk,180,London,Development,2022,244,0.0034088111407209773,True
cutler_rsi_14,path_risk,180,London,Development,2023,241,-0.00041598704542653768,False
cutler_rsi_14,path_risk,180,London,Validation,2024,244,-0.039829140956072352,True
chaikin_money_flow_20,direction,5,London,Development,2021,151,-0.050166579731059133,True
chaikin_money_flow_20,direction,5,London,Development,2022,244,-0.051427179872171394,True
chaikin_money_flow_20,direction,5,London,Development,2023,241,-0.062689966478932421,True
chaikin_money_flow_20,direction,5,London,Validation,2024,244,-0.047976508781872214,True
chaikin_money_flow_20,direction,15,London,Development,2021,151,-0.061663928545998885,True
chaikin_money_flow_20,direction,15,London,Development,2022,244,-0.070650176327120187,True
chaikin_money_flow_20,direction,15,London,Development,2023,241,-0.074416449995499304,True
chaikin_money_flow_20,direction,15,London,Validation,2024,244,-0.077530485900633522,True
chaikin_money_flow_20,direction,30,London,Development,2021,151,-0.081832530766056691,True
chaikin_money_flow_20,direction,30,London,Development,2022,244,-0.09475266896490217,True
chaikin_money_flow_20,direction,30,London,Development,2023,241,-0.087218408101259193,True
chaikin_money_flow_20,direction,30,London,Validation,2024,244,-0.086784053673452696,True
chaikin_money_flow_20,direction,60,London,Development,2021,151,-0.11059801109874684,True
chaikin_money_flow_20,direction,60,London,Development,2022,244,-0.13031087472186689,True
chaikin_money_flow_20,direction,60,London,Development,2023,241,-0.09648184738131671,True
chaikin_money_flow_20,direction,60,London,Validation,2024,244,-0.098018874016871205,True
chaikin_money_flow_20,direction,120,London,Development,2021,151,-0.14076258674193068,True
chaikin_money_flow_20,direction,120,London,Development,2022,244,-0.13291974001808562,True
chaikin_money_flow_20,direction,120,London,Development,2023,241,-0.12312005826990098,True
chaikin_money_flow_20,direction,120,London,Validation,2024,244,-0.13381682107411577,True
chaikin_money_flow_20,direction,180,London,Development,2021,151,-0.089870584317272531,True
chaikin_money_flow_20,direction,180,London,Development,2022,244,-0.12755971568621902,True
chaikin_money_flow_20,direction,180,London,Development,2023,241,-0.12321823050268234,True
chaikin_money_flow_20,direction,180,London,Validation,2024,244,-0.12019382896202445,True
chaikin_money_flow_20,expansion,5,London,Development,2021,151,-0.021316018973067643,False
chaikin_money_flow_20,expansion,5,London,Development,2022,244,-0.0010880084403165002,False
chaikin_money_flow_20,expansion,5,London,Development,2023,241,0.019949915925205099,True
chaikin_money_flow_20,expansion,5,London,Validation,2024,244,-0.0051810704329843266,True
chaikin_money_flow_20,expansion,15,London,Development,2021,151,-0.0080976389935894962,False
chaikin_money_flow_20,expansion,15,London,Development,2022,244,-0.0051147567431562091,False
chaikin_money_flow_20,expansion,15,London,Development,2023,241,0.034462518797653378,True
chaikin_money_flow_20,expansion,15,London,Validation,2024,244,-0.022194789448637269,True
chaikin_money_flow_20,expansion,30,London,Development,2021,151,-0.015912335195972741,False
chaikin_money_flow_20,expansion,30,London,Development,2022,244,-0.022948116986495216,False
chaikin_money_flow_20,expansion,30,London,Development,2023,241,0.034094813501496318,True
chaikin_money_flow_20,expansion,30,London,Validation,2024,244,-0.033283305929988564,True
chaikin_money_flow_20,expansion,60,London,Development,2021,151,0.0089172679019539087,False
chaikin_money_flow_20,expansion,60,London,Development,2022,244,-0.029649831828813686,True
chaikin_money_flow_20,expansion,60,London,Development,2023,241,0.016513815671490309,False
chaikin_money_flow_20,expansion,60,London,Validation,2024,244,-0.048449064310150565,True
chaikin_money_flow_20,expansion,120,London,Development,2021,151,0.03452329568633599,False
chaikin_money_flow_20,expansion,120,London,Development,2022,244,-0.044218053829053625,True
chaikin_money_flow_20,expansion,120,London,Development,2023,241,-0.0016109984671789372,True
chaikin_money_flow_20,expansion,120,London,Validation,2024,244,-0.050370667828325048,True
chaikin_money_flow_20,expansion,180,London,Development,2021,151,0.020767242122555592,False
chaikin_money_flow_20,expansion,180,London,Development,2022,244,-0.047585860328741736,True
chaikin_money_flow_20,expansion,180,London,Development,2023,241,0.02978726811013185,False
chaikin_money_flow_20,expansion,180,London,Validation,2024,244,-0.020881253352983773,True
chaikin_money_flow_20,volatility,5,London,Development,2021,151,-0.01688259132709264,False
chaikin_money_flow_20,volatility,5,London,Development,2022,244,0.0086625469992192162,True
chaikin_money_flow_20,volatility,5,London,Development,2023,241,0.0063447243178453077,True
chaikin_money_flow_20,volatility,5,London,Validation,2024,244,0.0084335090949832926,True
chaikin_money_flow_20,volatility,15,London,Development,2021,151,-0.001318799591514915,False
chaikin_money_flow_20,volatility,15,London,Development,2022,244,0.0093132798740163617,True
chaikin_money_flow_20,volatility,15,London,Development,2023,241,0.0097572339915339649,True
chaikin_money_flow_20,volatility,15,London,Validation,2024,244,0.0074033673924724739,True
chaikin_money_flow_20,volatility,30,London,Development,2021,151,-0.0053340653595686993,False
chaikin_money_flow_20,volatility,30,London,Development,2022,244,0.0087497012447934359,True
chaikin_money_flow_20,volatility,30,London,Development,2023,241,0.0096064899288629511,True
chaikin_money_flow_20,volatility,30,London,Validation,2024,244,0.0013057695640847666,True
chaikin_money_flow_20,volatility,60,London,Development,2021,151,-0.015745772336406619,False
chaikin_money_flow_20,volatility,60,London,Development,2022,244,0.0053542263712760222,True
chaikin_money_flow_20,volatility,60,London,Development,2023,241,0.016563716674699101,True
chaikin_money_flow_20,volatility,60,London,Validation,2024,244,-0.01565755776744563,True
chaikin_money_flow_20,volatility,120,London,Development,2021,151,0.0014617847317843268,True
chaikin_money_flow_20,volatility,120,London,Development,2022,244,-0.012389016883867014,False
chaikin_money_flow_20,volatility,120,London,Development,2023,241,0.01530541182676692,True
chaikin_money_flow_20,volatility,120,London,Validation,2024,244,-0.012401807304407106,True
chaikin_money_flow_20,volatility,180,London,Development,2021,151,0.0073315896907759784,True
chaikin_money_flow_20,volatility,180,London,Development,2022,244,-0.012472670244863699,False
chaikin_money_flow_20,volatility,180,London,Development,2023,241,0.029933854870148661,True
chaikin_money_flow_20,volatility,180,London,Validation,2024,244,0.022624436433576506,True
chaikin_money_flow_20,path_risk,5,London,Development,2021,151,-0.021428772898964658,False
chaikin_money_flow_20,path_risk,5,London,Development,2022,244,0.0013204796030288821,True
chaikin_money_flow_20,path_risk,5,London,Development,2023,241,0.018747635517862814,True
chaikin_money_flow_20,path_risk,5,London,Validation,2024,244,0.00031525806893646202,True
chaikin_money_flow_20,path_risk,15,London,Development,2021,151,-0.0058120147214050606,False
chaikin_money_flow_20,path_risk,15,London,Development,2022,244,-0.0050167046433092777,False
chaikin_money_flow_20,path_risk,15,London,Development,2023,241,0.031384009075431173,True
chaikin_money_flow_20,path_risk,15,London,Validation,2024,244,-0.018431675439534254,True
chaikin_money_flow_20,path_risk,30,London,Development,2021,151,-0.015055804346953696,True
chaikin_money_flow_20,path_risk,30,London,Development,2022,244,-0.022518719872082666,True
chaikin_money_flow_20,path_risk,30,London,Development,2023,241,0.030704710137158996,False
chaikin_money_flow_20,path_risk,30,London,Validation,2024,244,-0.025603622680871557,True
chaikin_money_flow_20,path_risk,60,London,Development,2021,151,-0.0001026828315781577,True
chaikin_money_flow_20,path_risk,60,London,Development,2022,244,-0.030265172406294581,True
chaikin_money_flow_20,path_risk,60,London,Development,2023,241,0.012983220347977055,False
chaikin_money_flow_20,path_risk,60,London,Validation,2024,244,-0.053618694489667044,True
chaikin_money_flow_20,path_risk,120,London,Development,2021,151,0.025696940271343147,False
chaikin_money_flow_20,path_risk,120,London,Development,2022,244,-0.020334139887687556,True
chaikin_money_flow_20,path_risk,120,London,Development,2023,241,-0.0091565585274663557,True
chaikin_money_flow_20,path_risk,120,London,Validation,2024,244,-0.042948620674163371,True
chaikin_money_flow_20,path_risk,180,London,Development,2021,151,0.01472852217037198,True
chaikin_money_flow_20,path_risk,180,London,Development,2022,244,-0.032540452757918399,False
chaikin_money_flow_20,path_risk,180,London,Development,2023,241,0.025913710875361179,True
chaikin_money_flow_20,path_risk,180,London,Validation,2024,244,-0.018217699528126807,True
amihud_illiquidity_60,direction,5,London,Development,2021,151,-0.00900090487501648,False
amihud_illiquidity_60,direction,5,London,Development,2022,243,0.00030206934118029861,True
amihud_illiquidity_60,direction,5,London,Development,2023,241,0.026082139974171453,True
amihud_illiquidity_60,direction,5,London,Validation,2024,244,0.0027759811809899039,True
amihud_illiquidity_60,direction,15,London,Development,2021,151,-0.033726627932769544,False
amihud_illiquidity_60,direction,15,London,Development,2022,243,-0.0063346972621357873,False
amihud_illiquidity_60,direction,15,London,Development,2023,241,0.037681720725627872,True
amihud_illiquidity_60,direction,15,London,Validation,2024,244,0.0088653262472446429,True
amihud_illiquidity_60,direction,30,London,Development,2021,151,-0.025669401876233015,False
amihud_illiquidity_60,direction,30,London,Development,2022,243,-0.001290528716730139,False
amihud_illiquidity_60,direction,30,London,Development,2023,241,0.040068453486278029,True
amihud_illiquidity_60,direction,30,London,Validation,2024,244,0.012183434147747734,True
amihud_illiquidity_60,direction,60,London,Development,2021,151,-0.036053503212284559,False
amihud_illiquidity_60,direction,60,London,Development,2022,243,0.022915714830359583,True
amihud_illiquidity_60,direction,60,London,Development,2023,241,0.029205201693790574,True
amihud_illiquidity_60,direction,60,London,Validation,2024,244,0.031708337691711337,True
amihud_illiquidity_60,direction,120,London,Development,2021,151,-0.035212651260889266,True
amihud_illiquidity_60,direction,120,London,Development,2022,243,0.0032165398929052836,False
amihud_illiquidity_60,direction,120,London,Development,2023,241,-0.011985301032805467,True
amihud_illiquidity_60,direction,120,London,Validation,2024,244,0.034937379301687721,True
amihud_illiquidity_60,direction,180,London,Development,2021,151,-0.029519404245242326,False
amihud_illiquidity_60,direction,180,London,Development,2022,243,0.010621931987758076,True
amihud_illiquidity_60,direction,180,London,Development,2023,241,0.0085205537212437957,True
amihud_illiquidity_60,direction,180,London,Validation,2024,244,-0.0027337121040839018,True
amihud_illiquidity_60,expansion,5,London,Development,2021,151,0.057811027270882234,True
amihud_illiquidity_60,expansion,5,London,Development,2022,243,0.050990780246133252,True
amihud_illiquidity_60,expansion,5,London,Development,2023,241,0.034107688164799012,True
amihud_illiquidity_60,expansion,5,London,Validation,2024,244,0.069512199463835786,True
amihud_illiquidity_60,expansion,15,London,Development,2021,151,0.11700901400102487,True
amihud_illiquidity_60,expansion,15,London,Development,2022,243,0.097809027887131791,True
amihud_illiquidity_60,expansion,15,London,Development,2023,241,0.076531630527893746,True
amihud_illiquidity_60,expansion,15,London,Validation,2024,244,0.12049574660166476,True
amihud_illiquidity_60,expansion,30,London,Development,2021,151,0.17683986200895865,True
amihud_illiquidity_60,expansion,30,London,Development,2022,243,0.13680155226014984,True
amihud_illiquidity_60,expansion,30,London,Development,2023,241,0.1192124391972376,True
amihud_illiquidity_60,expansion,30,London,Validation,2024,244,0.17369918374856508,True
amihud_illiquidity_60,expansion,60,London,Development,2021,151,0.22459793130714228,True
amihud_illiquidity_60,expansion,60,London,Development,2022,243,0.17633826131158684,True
amihud_illiquidity_60,expansion,60,London,Development,2023,241,0.17841699690221929,True
amihud_illiquidity_60,expansion,60,London,Validation,2024,244,0.22701466153673941,True
amihud_illiquidity_60,expansion,120,London,Development,2021,151,0.22052130727564509,True
amihud_illiquidity_60,expansion,120,London,Development,2022,243,0.23827143751644278,True
amihud_illiquidity_60,expansion,120,London,Development,2023,241,0.20638051087421899,True
amihud_illiquidity_60,expansion,120,London,Validation,2024,244,0.25136959256044134,True
amihud_illiquidity_60,expansion,180,London,Development,2021,151,0.17641148804273901,True
amihud_illiquidity_60,expansion,180,London,Development,2022,243,0.24900054483029677,True
amihud_illiquidity_60,expansion,180,London,Development,2023,241,0.24826057942182539,True
amihud_illiquidity_60,expansion,180,London,Validation,2024,244,0.26429367830448897,True
amihud_illiquidity_60,volatility,5,London,Development,2021,151,-0.062822305853807631,True
amihud_illiquidity_60,volatility,5,London,Development,2022,243,-0.090334262240954102,True
amihud_illiquidity_60,volatility,5,London,Development,2023,241,-0.12664945730740665,True
amihud_illiquidity_60,volatility,5,London,Validation,2024,244,-0.09015127342371948,True
amihud_illiquidity_60,volatility,15,London,Development,2021,151,-0.042413176437246479,True
amihud_illiquidity_60,volatility,15,London,Development,2022,243,-0.10066952734891414,True
amihud_illiquidity_60,volatility,15,London,Development,2023,241,-0.15833431350021204,True
amihud_illiquidity_60,volatility,15,London,Validation,2024,244,-0.09636566642279519,True
amihud_illiquidity_60,volatility,30,London,Development,2021,151,0.012539240471320587,False
amihud_illiquidity_60,volatility,30,London,Development,2022,243,-0.11009100332211784,True
amihud_illiquidity_60,volatility,30,London,Development,2023,241,-0.15953969447648264,True
amihud_illiquidity_60,volatility,30,London,Validation,2024,244,-0.067598940401417659,True
amihud_illiquidity_60,volatility,60,London,Development,2021,151,0.072173720062834831,False
amihud_illiquidity_60,volatility,60,London,Development,2022,243,-0.11262670521067644,True
amihud_illiquidity_60,volatility,60,London,Development,2023,241,-0.15354699384572057,True
amihud_illiquidity_60,volatility,60,London,Validation,2024,244,-0.014445848512554343,True
amihud_illiquidity_60,volatility,120,London,Development,2021,151,0.10867975461215992,False
amihud_illiquidity_60,volatility,120,London,Development,2022,243,-0.025440513537378431,True
amihud_illiquidity_60,volatility,120,London,Development,2023,241,-0.089331118052456221,True
amihud_illiquidity_60,volatility,120,London,Validation,2024,244,0.038881461190469466,True
amihud_illiquidity_60,volatility,180,London,Development,2021,151,0.20334106786208159,True
amihud_illiquidity_60,volatility,180,London,Development,2022,243,0.095953443055380894,True
amihud_illiquidity_60,volatility,180,London,Development,2023,241,0.047820050292288453,True
amihud_illiquidity_60,volatility,180,London,Validation,2024,244,0.15528323489747978,True
amihud_illiquidity_60,path_risk,5,London,Development,2021,151,0.047893679959330832,True
amihud_illiquidity_60,path_risk,5,London,Development,2022,243,0.043018309997036999,True
amihud_illiquidity_60,path_risk,5,London,Development,2023,241,0.029628412608528772,True
amihud_illiquidity_60,path_risk,5,London,Validation,2024,244,0.058873982421963844,True
amihud_illiquidity_60,path_risk,15,London,Development,2021,151,0.10910289852504194,True
amihud_illiquidity_60,path_risk,15,London,Development,2022,243,0.095910694494365012,True
amihud_illiquidity_60,path_risk,15,London,Development,2023,241,0.071152561584578874,True
amihud_illiquidity_60,path_risk,15,London,Validation,2024,244,0.10875908782663789,True
amihud_illiquidity_60,path_risk,30,London,Development,2021,151,0.15993120288717433,True
amihud_illiquidity_60,path_risk,30,London,Development,2022,243,0.13043586727230091,True
amihud_illiquidity_60,path_risk,30,London,Development,2023,241,0.11027378731932086,True
amihud_illiquidity_60,path_risk,30,London,Validation,2024,244,0.163505129213145,True
amihud_illiquidity_60,path_risk,60,London,Development,2021,151,0.20073986352181278,True
amihud_illiquidity_60,path_risk,60,London,Development,2022,243,0.17250360113060972,True
amihud_illiquidity_60,path_risk,60,London,Development,2023,241,0.16202746470330076,True
amihud_illiquidity_60,path_risk,60,London,Validation,2024,244,0.20972107690854308,True
amihud_illiquidity_60,path_risk,120,London,Development,2021,151,0.20364663342830339,True
amihud_illiquidity_60,path_risk,120,London,Development,2022,243,0.22399405523192065,True
amihud_illiquidity_60,path_risk,120,London,Development,2023,241,0.19464350928438764,True
amihud_illiquidity_60,path_risk,120,London,Validation,2024,244,0.23168945443595321,True
amihud_illiquidity_60,path_risk,180,London,Development,2021,151,0.16578897652100205,True
amihud_illiquidity_60,path_risk,180,London,Development,2022,243,0.24510089006372365,True
amihud_illiquidity_60,path_risk,180,London,Development,2023,241,0.22146710803417832,True
amihud_illiquidity_60,path_risk,180,London,Validation,2024,244,0.23185089688353575,True
parkinson_volatility_30,direction,5,London,Development,2021,151,0.017350492255828753,True
parkinson_volatility_30,direction,5,London,Development,2022,244,0.00064957707338051795,True
parkinson_volatility_30,direction,5,London,Development,2023,241,-0.011085282365321436,False
parkinson_volatility_30,direction,5,London,Validation,2024,244,0.0091763769030906873,True
parkinson_volatility_30,direction,15,London,Development,2021,151,0.042546247359352266,True
parkinson_volatility_30,direction,15,London,Development,2022,244,0.0090529877146288459,True
parkinson_volatility_30,direction,15,London,Development,2023,241,-0.0052971133950023945,False
parkinson_volatility_30,direction,15,London,Validation,2024,244,0.0073694049324645218,True
parkinson_volatility_30,direction,30,London,Development,2021,151,0.040747968525174962,True
parkinson_volatility_30,direction,30,London,Development,2022,244,0.0086195159707978478,True
parkinson_volatility_30,direction,30,London,Development,2023,241,-0.019442018167768148,False
parkinson_volatility_30,direction,30,London,Validation,2024,244,-0.010371637562460777,True
parkinson_volatility_30,direction,60,London,Development,2021,151,0.046185591306923464,True
parkinson_volatility_30,direction,60,London,Development,2022,244,0.026052115344102299,True
parkinson_volatility_30,direction,60,London,Development,2023,241,-0.027307107376498409,False
parkinson_volatility_30,direction,60,London,Validation,2024,244,-0.015444712236698997,True
parkinson_volatility_30,direction,120,London,Development,2021,151,0.012590292538368868,True
parkinson_volatility_30,direction,120,London,Development,2022,244,0.024604280387761007,True
parkinson_volatility_30,direction,120,London,Development,2023,241,-0.0061592872588975417,False
parkinson_volatility_30,direction,120,London,Validation,2024,244,-0.014651751664873232,True
parkinson_volatility_30,direction,180,London,Development,2021,151,0.01809890282793462,True
parkinson_volatility_30,direction,180,London,Development,2022,244,-0.0019875139196020675,False
parkinson_volatility_30,direction,180,London,Development,2023,241,0.019539339293122852,True
parkinson_volatility_30,direction,180,London,Validation,2024,244,0.012029582757710443,True
parkinson_volatility_30,expansion,5,London,Development,2021,151,-0.25488272973879256,True
parkinson_volatility_30,expansion,5,London,Development,2022,244,-0.26148439641126464,True
parkinson_volatility_30,expansion,5,London,Development,2023,241,-0.24711466231875331,True
parkinson_volatility_30,expansion,5,London,Validation,2024,244,-0.27817961139232539,True
parkinson_volatility_30,expansion,15,London,Development,2021,151,-0.32365211190391313,True
parkinson_volatility_30,expansion,15,London,Development,2022,244,-0.34718187236074344,True
parkinson_volatility_30,expansion,15,London,Development,2023,241,-0.31751070161117434,True
parkinson_volatility_30,expansion,15,London,Validation,2024,244,-0.34227499699572261,True
parkinson_volatility_30,expansion,30,London,Development,2021,151,-0.38980270832213609,True
parkinson_volatility_30,expansion,30,London,Development,2022,244,-0.41598280369958873,True
parkinson_volatility_30,expansion,30,London,Development,2023,241,-0.36826267482866731,True
parkinson_volatility_30,expansion,30,London,Validation,2024,244,-0.3981108437503077,True
parkinson_volatility_30,expansion,60,London,Development,2021,151,-0.45263946045063463,True
parkinson_volatility_30,expansion,60,London,Development,2022,244,-0.49359315265183218,True
parkinson_volatility_30,expansion,60,London,Development,2023,241,-0.44438296572547048,True
parkinson_volatility_30,expansion,60,London,Validation,2024,244,-0.48391116871741302,True
parkinson_volatility_30,expansion,120,London,Development,2021,151,-0.60910785992362804,True
parkinson_volatility_30,expansion,120,London,Development,2022,244,-0.59711509273498209,True
parkinson_volatility_30,expansion,120,London,Development,2023,241,-0.5524370958663094,True
parkinson_volatility_30,expansion,120,London,Validation,2024,244,-0.57221652964921776,True
parkinson_volatility_30,expansion,180,London,Development,2021,151,-0.68644160355295913,True
parkinson_volatility_30,expansion,180,London,Development,2022,244,-0.65550572886326408,True
parkinson_volatility_30,expansion,180,London,Development,2023,241,-0.63178716597744145,True
parkinson_volatility_30,expansion,180,London,Validation,2024,244,-0.63256989524466833,True
parkinson_volatility_30,volatility,5,London,Development,2021,151,0.13228858044413339,True
parkinson_volatility_30,volatility,5,London,Development,2022,244,0.11123246377460608,True
parkinson_volatility_30,volatility,5,London,Development,2023,241,0.14424144740760722,True
parkinson_volatility_30,volatility,5,London,Validation,2024,244,0.082656140270619571,True
parkinson_volatility_30,volatility,15,London,Development,2021,151,0.14233158010911315,True
parkinson_volatility_30,volatility,15,London,Development,2022,244,0.10049640832289281,True
parkinson_volatility_30,volatility,15,London,Development,2023,241,0.17509608198621618,True
parkinson_volatility_30,volatility,15,London,Validation,2024,244,0.083261422366396151,True
parkinson_volatility_30,volatility,30,London,Development,2021,151,0.11324714628195708,True
parkinson_volatility_30,volatility,30,London,Development,2022,244,0.06177718879649248,True
parkinson_volatility_30,volatility,30,London,Development,2023,241,0.1807620623221004,True
parkinson_volatility_30,volatility,30,London,Validation,2024,244,0.050475881065169662,True
parkinson_volatility_30,volatility,60,London,Development,2021,151,0.055722177060792598,True
parkinson_volatility_30,volatility,60,London,Development,2022,244,0.024902376047996722,True
parkinson_volatility_30,volatility,60,London,Development,2023,241,0.19244305769299316,True
parkinson_volatility_30,volatility,60,London,Validation,2024,244,-0.010625622248218941,True
parkinson_volatility_30,volatility,120,London,Development,2021,151,-0.048876372220639792,True
parkinson_volatility_30,volatility,120,London,Development,2022,244,-0.074596045524877461,True
parkinson_volatility_30,volatility,120,London,Development,2023,241,0.099319340296996281,False
parkinson_volatility_30,volatility,120,London,Validation,2024,244,-0.10854012341417205,True
parkinson_volatility_30,volatility,180,London,Development,2021,151,-0.34096836846866602,True
parkinson_volatility_30,volatility,180,London,Development,2022,244,-0.29567336359608781,True
parkinson_volatility_30,volatility,180,London,Development,2023,241,-0.22820788781100168,True
parkinson_volatility_30,volatility,180,London,Validation,2024,244,-0.29970040580597518,True
parkinson_volatility_30,path_risk,5,London,Development,2021,151,-0.21942035493035364,True
parkinson_volatility_30,path_risk,5,London,Development,2022,244,-0.22254281814122676,True
parkinson_volatility_30,path_risk,5,London,Development,2023,241,-0.21326159024210325,True
parkinson_volatility_30,path_risk,5,London,Validation,2024,244,-0.23888642289596376,True
parkinson_volatility_30,path_risk,15,London,Development,2021,151,-0.27826530078988593,True
parkinson_volatility_30,path_risk,15,London,Development,2022,244,-0.29344099155284387,True
parkinson_volatility_30,path_risk,15,London,Development,2023,241,-0.26749718876525702,True
parkinson_volatility_30,path_risk,15,London,Validation,2024,244,-0.28389294854237379,True
parkinson_volatility_30,path_risk,30,London,Development,2021,151,-0.33254778354349229,True
parkinson_volatility_30,path_risk,30,London,Development,2022,244,-0.34592639935159192,True
parkinson_volatility_30,path_risk,30,London,Development,2023,241,-0.30206724646364946,True
parkinson_volatility_30,path_risk,30,London,Validation,2024,244,-0.33212974016461716,True
parkinson_volatility_30,path_risk,60,London,Development,2021,151,-0.37332882820020474,True
parkinson_volatility_30,path_risk,60,London,Development,2022,244,-0.40622805928301109,True
parkinson_volatility_30,path_risk,60,London,Development,2023,241,-0.36451012208083178,True
parkinson_volatility_30,path_risk,60,London,Validation,2024,244,-0.39597972105290169,True
parkinson_volatility_30,path_risk,120,London,Development,2021,151,-0.49361694287633606,True
parkinson_volatility_30,path_risk,120,London,Development,2022,244,-0.49440385836079803,True
parkinson_volatility_30,path_risk,120,London,Development,2023,241,-0.4559539424153799,True
parkinson_volatility_30,path_risk,120,London,Validation,2024,244,-0.47088921201964112,True
parkinson_volatility_30,path_risk,180,London,Development,2021,151,-0.58424854210586008,True
parkinson_volatility_30,path_risk,180,London,Development,2022,244,-0.55815195236726411,True
parkinson_volatility_30,path_risk,180,London,Development,2023,241,-0.53299447733305039,True
parkinson_volatility_30,path_risk,180,London,Validation,2024,244,-0.52643581094035297,True
rogers_satchell_volatility_30,direction,5,London,Development,2021,151,0.01757585165136288,True
rogers_satchell_volatility_30,direction,5,London,Development,2022,244,0.0031475649784412293,True
rogers_satchell_volatility_30,direction,5,London,Development,2023,241,-0.0087366152065516227,False
rogers_satchell_volatility_30,direction,5,London,Validation,2024,244,0.016249019545354994,True
rogers_satchell_volatility_30,direction,15,London,Development,2021,151,0.045133309367410231,True
rogers_satchell_volatility_30,direction,15,London,Development,2022,244,0.0096736405498022496,True
rogers_satchell_volatility_30,direction,15,London,Development,2023,241,-0.0029623457870820665,False
rogers_satchell_volatility_30,direction,15,London,Validation,2024,244,0.014899709124611587,True
rogers_satchell_volatility_30,direction,30,London,Development,2021,151,0.037500261324382951,True
rogers_satchell_volatility_30,direction,30,London,Development,2022,244,0.017608037808860985,True
rogers_satchell_volatility_30,direction,30,London,Development,2023,241,-0.013234571172558515,False
rogers_satchell_volatility_30,direction,30,London,Validation,2024,244,-0.0014663498947564435,True
rogers_satchell_volatility_30,direction,60,London,Development,2021,151,0.040607533753323953,True
rogers_satchell_volatility_30,direction,60,London,Development,2022,244,0.034964018967918606,True
rogers_satchell_volatility_30,direction,60,London,Development,2023,241,-0.012037653292784787,False
rogers_satchell_volatility_30,direction,60,London,Validation,2024,244,-0.0061927747153283667,True
rogers_satchell_volatility_30,direction,120,London,Development,2021,151,0.023121208558740319,True
rogers_satchell_volatility_30,direction,120,London,Development,2022,244,0.029595250320689423,True
rogers_satchell_volatility_30,direction,120,London,Development,2023,241,0.004788435251229216,True
rogers_satchell_volatility_30,direction,120,London,Validation,2024,244,0.0081819682879457605,True
rogers_satchell_volatility_30,direction,180,London,Development,2021,151,0.025671886372517865,True
rogers_satchell_volatility_30,direction,180,London,Development,2022,244,0.014803428559419927,True
rogers_satchell_volatility_30,direction,180,London,Development,2023,241,0.041954697228667695,True
rogers_satchell_volatility_30,direction,180,London,Validation,2024,244,0.016970874376472784,True
rogers_satchell_volatility_30,expansion,5,London,Development,2021,151,-0.2342701896158827,True
rogers_satchell_volatility_30,expansion,5,London,Development,2022,244,-0.23467905001968004,True
rogers_satchell_volatility_30,expansion,5,London,Development,2023,241,-0.21411960217957884,True
rogers_satchell_volatility_30,expansion,5,London,Validation,2024,244,-0.24665838105898089,True
rogers_satchell_volatility_30,expansion,15,London,Development,2021,151,-0.29203458238284458,True
rogers_satchell_volatility_30,expansion,15,London,Development,2022,244,-0.30911916093442249,True
rogers_satchell_volatility_30,expansion,15,London,Development,2023,241,-0.28404355627319083,True
rogers_satchell_volatility_30,expansion,15,London,Validation,2024,244,-0.30477463242492991,True
rogers_satchell_volatility_30,expansion,30,London,Development,2021,151,-0.34721255502985371,True
rogers_satchell_volatility_30,expansion,30,London,Development,2022,244,-0.37564176561849572,True
rogers_satchell_volatility_30,expansion,30,London,Development,2023,241,-0.33152240351576889,True
rogers_satchell_volatility_30,expansion,30,London,Validation,2024,244,-0.35767385493704618,True
rogers_satchell_volatility_30,expansion,60,London,Development,2021,151,-0.40436696054681803,True
rogers_satchell_volatility_30,expansion,60,London,Development,2022,244,-0.45224151722352718,True
rogers_satchell_volatility_30,expansion,60,London,Development,2023,241,-0.40321984531527227,True
rogers_satchell_volatility_30,expansion,60,London,Validation,2024,244,-0.44733516051824818,True
rogers_satchell_volatility_30,expansion,120,London,Development,2021,151,-0.55353641654879016,True
rogers_satchell_volatility_30,expansion,120,London,Development,2022,244,-0.54932110729799488,True
rogers_satchell_volatility_30,expansion,120,London,Development,2023,241,-0.5188651363383785,True
rogers_satchell_volatility_30,expansion,120,London,Validation,2024,244,-0.54591535092891819,True
rogers_satchell_volatility_30,expansion,180,London,Development,2021,151,-0.62148534052792437,True
rogers_satchell_volatility_30,expansion,180,London,Development,2022,244,-0.60479458438514722,True
rogers_satchell_volatility_30,expansion,180,London,Development,2023,241,-0.59226131007386318,True
rogers_satchell_volatility_30,expansion,180,London,Validation,2024,244,-0.61076854182067397,True
rogers_satchell_volatility_30,volatility,5,London,Development,2021,151,0.14005130249592493,True
rogers_satchell_volatility_30,volatility,5,London,Development,2022,244,0.1294865090102626,True
rogers_satchell_volatility_30,volatility,5,London,Development,2023,241,0.17391409266881466,True
rogers_satchell_volatility_30,volatility,5,London,Validation,2024,244,0.10608629071353098,True
rogers_satchell_volatility_30,volatility,15,London,Development,2021,151,0.16676922589639667,True
rogers_satchell_volatility_30,volatility,15,London,Development,2022,244,0.12558233409214786,True
rogers_satchell_volatility_30,volatility,15,London,Development,2023,241,0.21005120220864162,True
rogers_satchell_volatility_30,volatility,15,London,Validation,2024,244,0.11432803369875874,True
rogers_satchell_volatility_30,volatility,30,London,Development,2021,151,0.14454875289599173,True
rogers_satchell_volatility_30,volatility,30,London,Development,2022,244,0.097934918001096008,True
rogers_satchell_volatility_30,volatility,30,London,Development,2023,241,0.21958543355580085,True
rogers_satchell_volatility_30,volatility,30,London,Validation,2024,244,0.088391838558378122,True
rogers_satchell_volatility_30,volatility,60,London,Development,2021,151,0.10420760344812013,True
rogers_satchell_volatility_30,volatility,60,London,Development,2022,244,0.077885116001612256,True
rogers_satchell_volatility_30,volatility,60,London,Development,2023,241,0.23727429224581245,True
rogers_satchell_volatility_30,volatility,60,London,Validation,2024,244,0.042148402861358021,True
rogers_satchell_volatility_30,volatility,120,London,Development,2021,151,-0.0087516697588142789,False
rogers_satchell_volatility_30,volatility,120,London,Development,2022,244,-0.01767512972404043,False
rogers_satchell_volatility_30,volatility,120,London,Development,2023,241,0.14304990759455519,True
rogers_satchell_volatility_30,volatility,120,London,Validation,2024,244,-0.046360828481033706,True
rogers_satchell_volatility_30,volatility,180,London,Development,2021,151,-0.27646830613508022,True
rogers_satchell_volatility_30,volatility,180,London,Development,2022,244,-0.23016330315589587,True
rogers_satchell_volatility_30,volatility,180,London,Development,2023,241,-0.16249418695503559,True
rogers_satchell_volatility_30,volatility,180,London,Validation,2024,244,-0.25787698638072309,True
rogers_satchell_volatility_30,path_risk,5,London,Development,2021,151,-0.20008572981784736,True
rogers_satchell_volatility_30,path_risk,5,London,Development,2022,244,-0.19667048737646173,True
rogers_satchell_volatility_30,path_risk,5,London,Development,2023,241,-0.18234445768683183,True
rogers_satchell_volatility_30,path_risk,5,London,Validation,2024,244,-0.20702781157896774,True
rogers_satchell_volatility_30,path_risk,15,London,Development,2021,151,-0.25189387815277936,True
rogers_satchell_volatility_30,path_risk,15,London,Development,2022,244,-0.25981418041779997,True
rogers_satchell_volatility_30,path_risk,15,London,Development,2023,241,-0.23757183317455804,True
rogers_satchell_volatility_30,path_risk,15,London,Validation,2024,244,-0.25189363525881242,True
rogers_satchell_volatility_30,path_risk,30,London,Development,2021,151,-0.29793554050042553,True
rogers_satchell_volatility_30,path_risk,30,London,Development,2022,244,-0.31135679037506131,True
rogers_satchell_volatility_30,path_risk,30,London,Development,2023,241,-0.27461718508908139,True
rogers_satchell_volatility_30,path_risk,30,London,Validation,2024,244,-0.30158993889081304,True
rogers_satchell_volatility_30,path_risk,60,London,Development,2021,151,-0.33709287259757198,True
rogers_satchell_volatility_30,path_risk,60,London,Development,2022,244,-0.36790502209893072,True
rogers_satchell_volatility_30,path_risk,60,London,Development,2023,241,-0.33399741939292316,True
rogers_satchell_volatility_30,path_risk,60,London,Validation,2024,244,-0.3682703370907266,True
rogers_satchell_volatility_30,path_risk,120,London,Development,2021,151,-0.45707368429737261,True
rogers_satchell_volatility_30,path_risk,120,London,Development,2022,244,-0.44614130752497022,True
rogers_satchell_volatility_30,path_risk,120,London,Development,2023,241,-0.43135392298351216,True
rogers_satchell_volatility_30,path_risk,120,London,Validation,2024,244,-0.45280882904422853,True
rogers_satchell_volatility_30,path_risk,180,London,Development,2021,151,-0.53999653003573422,True
rogers_satchell_volatility_30,path_risk,180,London,Development,2022,244,-0.51096261450436586,True
rogers_satchell_volatility_30,path_risk,180,London,Development,2023,241,-0.49993625389151636,True
rogers_satchell_volatility_30,path_risk,180,London,Validation,2024,244,-0.51709632563865682,True
realized_semivariance_balance_60,direction,5,London,Development,2021,151,-0.1313887488814767,True
realized_semivariance_balance_60,direction,5,London,Development,2022,243,-0.1406065528908241,True
realized_semivariance_balance_60,direction,5,London,Development,2023,241,-0.1350703836911758,True
realized_semivariance_balance_60,direction,5,London,Validation,2024,244,-0.12146761336084656,True
realized_semivariance_balance_60,direction,15,London,Development,2021,151,-0.20445855238830268,True
realized_semivariance_balance_60,direction,15,London,Development,2022,243,-0.19520027063725254,True
realized_semivariance_balance_60,direction,15,London,Development,2023,241,-0.19945894462518302,True
realized_semivariance_balance_60,direction,15,London,Validation,2024,244,-0.1735856827566592,True
realized_semivariance_balance_60,direction,30,London,Development,2021,151,-0.24849268744091066,True
realized_semivariance_balance_60,direction,30,London,Development,2022,243,-0.22969799017922279,True
realized_semivariance_balance_60,direction,30,London,Development,2023,241,-0.25612320513267051,True
realized_semivariance_balance_60,direction,30,London,Validation,2024,244,-0.21633573092967215,True
realized_semivariance_balance_60,direction,60,London,Development,2021,151,-0.31473478130159349,True
realized_semivariance_balance_60,direction,60,London,Development,2022,243,-0.28370860315193713,True
realized_semivariance_balance_60,direction,60,London,Development,2023,241,-0.29454195611649076,True
realized_semivariance_balance_60,direction,60,London,Validation,2024,244,-0.28746245205484261,True
realized_semivariance_balance_60,direction,120,London,Development,2021,151,-0.36931048229888735,True
realized_semivariance_balance_60,direction,120,London,Development,2022,243,-0.27074039495316343,True
realized_semivariance_balance_60,direction,120,London,Development,2023,241,-0.32613798876678385,True
realized_semivariance_balance_60,direction,120,London,Validation,2024,244,-0.33232838771172762,True
realized_semivariance_balance_60,direction,180,London,Development,2021,151,-0.32815325639106396,True
realized_semivariance_balance_60,direction,180,London,Development,2022,243,-0.26946806833780407,True
realized_semivariance_balance_60,direction,180,London,Development,2023,241,-0.30414836070450979,True
realized_semivariance_balance_60,direction,180,London,Validation,2024,244,-0.2938047830095028,True
realized_semivariance_balance_60,expansion,5,London,Development,2021,151,-0.024193506298146514,True
realized_semivariance_balance_60,expansion,5,London,Development,2022,243,-0.0074625210237740658,True
realized_semivariance_balance_60,expansion,5,London,Development,2023,241,-0.0046326382941270089,True
realized_semivariance_balance_60,expansion,5,London,Validation,2024,244,-0.023851826878167458,True
realized_semivariance_balance_60,expansion,15,London,Development,2021,151,-0.016720572609257679,True
realized_semivariance_balance_60,expansion,15,London,Development,2022,243,-0.0060910252074482347,True
realized_semivariance_balance_60,expansion,15,London,Development,2023,241,-0.0017870258090820321,True
realized_semivariance_balance_60,expansion,15,London,Validation,2024,244,-0.03655366751385989,True
realized_semivariance_balance_60,expansion,30,London,Development,2021,151,0.0050338567486661852,False
realized_semivariance_balance_60,expansion,30,London,Development,2022,243,-0.025837798322065154,True
realized_semivariance_balance_60,expansion,30,London,Development,2023,241,0.0060776453227915084,False
realized_semivariance_balance_60,expansion,30,London,Validation,2024,244,-0.037142533063406542,True
realized_semivariance_balance_60,expansion,60,London,Development,2021,151,0.037836170345706133,False
realized_semivariance_balance_60,expansion,60,London,Development,2022,243,-0.027565578955897289,True
realized_semivariance_balance_60,expansion,60,London,Development,2023,241,-0.018960749270880154,True
realized_semivariance_balance_60,expansion,60,London,Validation,2024,244,-0.04271647134934671,True
realized_semivariance_balance_60,expansion,120,London,Development,2021,151,0.058388619052379048,False
realized_semivariance_balance_60,expansion,120,London,Development,2022,243,-0.01826905617125817,True
realized_semivariance_balance_60,expansion,120,London,Development,2023,241,-0.034874637759331202,True
realized_semivariance_balance_60,expansion,120,London,Validation,2024,244,-0.012700822335053737,True
realized_semivariance_balance_60,expansion,180,London,Development,2021,151,0.10079160488628884,True
realized_semivariance_balance_60,expansion,180,London,Development,2022,243,0.01257496598559318,True
realized_semivariance_balance_60,expansion,180,London,Development,2023,241,0.014878598461191182,True
realized_semivariance_balance_60,expansion,180,London,Validation,2024,244,0.0067954949561597781,True
realized_semivariance_balance_60,volatility,5,London,Development,2021,151,-0.049774012620178561,True
realized_semivariance_balance_60,volatility,5,London,Development,2022,243,-0.016457279772190834,True
realized_semivariance_balance_60,volatility,5,London,Development,2023,241,-0.014072341596488323,True
realized_semivariance_balance_60,volatility,5,London,Validation,2024,244,-0.022976561245084418,True
realized_semivariance_balance_60,volatility,15,London,Development,2021,151,-0.054182401427947856,True
realized_semivariance_balance_60,volatility,15,London,Development,2022,243,-0.038673584533450676,True
realized_semivariance_balance_60,volatility,15,London,Development,2023,241,-0.0072565766670646854,True
realized_semivariance_balance_60,volatility,15,London,Validation,2024,244,-0.042202998345321478,True
realized_semivariance_balance_60,volatility,30,London,Development,2021,151,-0.047739844298486052,True
realized_semivariance_balance_60,volatility,30,London,Development,2022,243,-0.052844027235278535,True
realized_semivariance_balance_60,volatility,30,London,Development,2023,241,-0.010857407798351853,True
realized_semivariance_balance_60,volatility,30,London,Validation,2024,244,-0.047295387046475595,True
realized_semivariance_balance_60,volatility,60,London,Development,2021,151,-0.028813399508669034,True
realized_semivariance_balance_60,volatility,60,London,Development,2022,243,-0.039169934303281119,True
realized_semivariance_balance_60,volatility,60,London,Development,2023,241,-0.0001959022238655683,True
realized_semivariance_balance_60,volatility,60,London,Validation,2024,244,-0.064351281870604654,True
realized_semivariance_balance_60,volatility,120,London,Development,2021,151,-0.014665996362928061,True
realized_semivariance_balance_60,volatility,120,London,Development,2022,243,-0.040864276914387022,True
realized_semivariance_balance_60,volatility,120,London,Development,2023,241,-0.02228327066700057,True
realized_semivariance_balance_60,volatility,120,London,Validation,2024,244,-0.038076829369103254,True
realized_semivariance_balance_60,volatility,180,London,Development,2021,151,0.098574599450390557,True
realized_semivariance_balance_60,volatility,180,London,Development,2022,243,0.048301075886608966,True
realized_semivariance_balance_60,volatility,180,London,Development,2023,241,-0.05439334070956596,False
realized_semivariance_balance_60,volatility,180,London,Validation,2024,244,-0.012242615801987511,True
realized_semivariance_balance_60,path_risk,5,London,Development,2021,151,-0.021522219530609212,True
realized_semivariance_balance_60,path_risk,5,London,Development,2022,243,-0.0069862815948424275,True
realized_semivariance_balance_60,path_risk,5,London,Development,2023,241,-0.0052924687127712299,True
realized_semivariance_balance_60,path_risk,5,London,Validation,2024,244,-0.018326285029815034,True
realized_semivariance_balance_60,path_risk,15,London,Development,2021,151,-0.01100554016855163,True
realized_semivariance_balance_60,path_risk,15,London,Development,2022,243,-0.0077853667027835511,True
realized_semivariance_balance_60,path_risk,15,London,Development,2023,241,0.002303463946949949,False
realized_semivariance_balance_60,path_risk,15,London,Validation,2024,244,-0.0329194656880979,True
realized_semivariance_balance_60,path_risk,30,London,Development,2021,151,0.019482117756285139,False
realized_semivariance_balance_60,path_risk,30,London,Development,2022,243,-0.017875524555957645,True
realized_semivariance_balance_60,path_risk,30,London,Development,2023,241,0.0057583132172632891,False
realized_semivariance_balance_60,path_risk,30,London,Validation,2024,244,-0.037618086090706084,True
realized_semivariance_balance_60,path_risk,60,London,Development,2021,151,0.040273309903322223,False
realized_semivariance_balance_60,path_risk,60,London,Development,2022,243,-0.019880056765308591,True
realized_semivariance_balance_60,path_risk,60,London,Development,2023,241,-0.016883186498242986,True
realized_semivariance_balance_60,path_risk,60,London,Validation,2024,244,-0.045969528314032941,True
realized_semivariance_balance_60,path_risk,120,London,Development,2021,151,0.046210147488945037,False
realized_semivariance_balance_60,path_risk,120,London,Development,2022,243,-0.022981620872757638,True
realized_semivariance_balance_60,path_risk,120,London,Development,2023,241,-0.039613555630197292,True
realized_semivariance_balance_60,path_risk,120,London,Validation,2024,244,-0.02618104180522704,True
realized_semivariance_balance_60,path_risk,180,London,Development,2021,151,0.077896225727762614,True
realized_semivariance_balance_60,path_risk,180,London,Development,2022,243,0.0065342711229933077,True
realized_semivariance_balance_60,path_risk,180,London,Development,2023,241,0.00098102782179533446,True
realized_semivariance_balance_60,path_risk,180,London,Validation,2024,244,0.013399014974435935,True
bipower_jump_ratio_60,direction,5,London,Development,2021,151,-0.0098669585655477895,True
bipower_jump_ratio_60,direction,5,London,Development,2022,243,-0.0091607712895198715,True
bipower_jump_ratio_60,direction,5,London,Development,2023,240,0.00045883541212154386,False
bipower_jump_ratio_60,direction,5,London,Validation,2024,244,-0.011292543266906315,True
bipower_jump_ratio_60,direction,15,London,Development,2021,151,-0.0028240626295164546,True
bipower_jump_ratio_60,direction,15,London,Development,2022,243,-0.019986431917165887,True
bipower_jump_ratio_60,direction,15,London,Development,2023,240,0.0012639799398268259,False
bipower_jump_ratio_60,direction,15,London,Validation,2024,244,-0.013349230674950946,True
bipower_jump_ratio_60,direction,30,London,Development,2021,151,-0.015093201458233063,True
bipower_jump_ratio_60,direction,30,London,Development,2022,243,-0.041670964146605316,True
bipower_jump_ratio_60,direction,30,London,Development,2023,240,0.018960859483127791,False
bipower_jump_ratio_60,direction,30,London,Validation,2024,244,0.0011740073734398053,True
bipower_jump_ratio_60,direction,60,London,Development,2021,151,-0.0073864144656208205,True
bipower_jump_ratio_60,direction,60,London,Development,2022,243,-0.050123939663240115,True
bipower_jump_ratio_60,direction,60,London,Development,2023,240,0.010296063701070652,False
bipower_jump_ratio_60,direction,60,London,Validation,2024,244,0.0037500870936699664,True
bipower_jump_ratio_60,direction,120,London,Development,2021,151,0.034537967347344087,True
bipower_jump_ratio_60,direction,120,London,Development,2022,243,-0.013434170544700365,False
bipower_jump_ratio_60,direction,120,London,Development,2023,240,0.0073492246135320738,True
bipower_jump_ratio_60,direction,120,London,Validation,2024,244,-0.032341904628599198,True
bipower_jump_ratio_60,direction,180,London,Development,2021,151,0.0076031772902528652,False
bipower_jump_ratio_60,direction,180,London,Development,2022,243,-0.019303844497941564,True
bipower_jump_ratio_60,direction,180,London,Development,2023,240,-0.000836496854048426,True
bipower_jump_ratio_60,direction,180,London,Validation,2024,244,-0.032382338075959104,True
bipower_jump_ratio_60,expansion,5,London,Development,2021,151,0.011980529726725048,True
bipower_jump_ratio_60,expansion,5,London,Development,2022,243,0.0021574577393873571,True
bipower_jump_ratio_60,expansion,5,London,Development,2023,240,0.012131733225829493,True
bipower_jump_ratio_60,expansion,5,London,Validation,2024,244,0.0078376734708438811,True
bipower_jump_ratio_60,expansion,15,London,Development,2021,151,0.00043527607296124952,True
bipower_jump_ratio_60,expansion,15,London,Development,2022,243,-0.0068472351228883498,False
bipower_jump_ratio_60,expansion,15,London,Development,2023,240,0.011100940923083316,True
bipower_jump_ratio_60,expansion,15,London,Validation,2024,244,0.0071302247684320794,True
bipower_jump_ratio_60,expansion,30,London,Development,2021,151,0.0017838327254594444,True
bipower_jump_ratio_60,expansion,30,London,Development,2022,243,-0.0041124436775505291,False
bipower_jump_ratio_60,expansion,30,London,Development,2023,240,0.017398231868361685,True
bipower_jump_ratio_60,expansion,30,London,Validation,2024,244,-0.0037298173029648358,True
bipower_jump_ratio_60,expansion,60,London,Development,2021,151,-0.012200690550924534,False
bipower_jump_ratio_60,expansion,60,London,Development,2022,243,0.025714849879220684,True
bipower_jump_ratio_60,expansion,60,London,Development,2023,240,0.022368014244909619,True
bipower_jump_ratio_60,expansion,60,London,Validation,2024,244,-0.0047724444849418582,True
bipower_jump_ratio_60,expansion,120,London,Development,2021,151,0.010895880590892994,True
bipower_jump_ratio_60,expansion,120,London,Development,2022,243,0.0029406340040747732,True
bipower_jump_ratio_60,expansion,120,London,Development,2023,240,0.015170252535383514,True
bipower_jump_ratio_60,expansion,120,London,Validation,2024,244,-0.0022470602366456019,True
bipower_jump_ratio_60,expansion,180,London,Development,2021,151,0.047794927175804698,True
bipower_jump_ratio_60,expansion,180,London,Development,2022,243,-0.0054911113660017982,False
bipower_jump_ratio_60,expansion,180,London,Development,2023,240,0.0057602053430041138,True
bipower_jump_ratio_60,expansion,180,London,Validation,2024,244,-0.025598542218748993,True
bipower_jump_ratio_60,volatility,5,London,Development,2021,151,-0.0030032400767866074,False
bipower_jump_ratio_60,volatility,5,London,Development,2022,243,0.015696390543016456,True
bipower_jump_ratio_60,volatility,5,London,Development,2023,240,-0.0041616911613834833,False
bipower_jump_ratio_60,volatility,5,London,Validation,2024,244,0.019504958960444078,True
bipower_jump_ratio_60,volatility,15,London,Development,2021,151,-0.039435350138528766,True
bipower_jump_ratio_60,volatility,15,London,Development,2022,243,0.014373387141937012,False
bipower_jump_ratio_60,volatility,15,London,Development,2023,240,-0.023094623310076931,True
bipower_jump_ratio_60,volatility,15,London,Validation,2024,244,0.01053045947527179,True
bipower_jump_ratio_60,volatility,30,London,Development,2021,151,-0.038230308251957945,True
bipower_jump_ratio_60,volatility,30,London,Development,2022,243,0.022060221661494357,False
bipower_jump_ratio_60,volatility,30,London,Development,2023,240,-0.031026510787261763,True
bipower_jump_ratio_60,volatility,30,London,Validation,2024,244,0.00028595489181335444,True
bipower_jump_ratio_60,volatility,60,London,Development,2021,151,-0.021730500689716332,False
bipower_jump_ratio_60,volatility,60,London,Development,2022,243,0.03916215260492488,True
bipower_jump_ratio_60,volatility,60,London,Development,2023,240,-0.017864264498955937,False
bipower_jump_ratio_60,volatility,60,London,Validation,2024,244,-0.0018138731142017615,True
bipower_jump_ratio_60,volatility,120,London,Development,2021,151,-0.015138918428940815,True
bipower_jump_ratio_60,volatility,120,London,Development,2022,243,0.0052691337969641046,False
bipower_jump_ratio_60,volatility,120,London,Development,2023,240,-0.049583229312930514,True
bipower_jump_ratio_60,volatility,120,London,Validation,2024,244,-0.024955071683811669,True
bipower_jump_ratio_60,volatility,180,London,Development,2021,151,0.041695899611597219,True
bipower_jump_ratio_60,volatility,180,London,Development,2022,243,0.028099758761144192,True
bipower_jump_ratio_60,volatility,180,London,Development,2023,240,0.0019845299699642088,True
bipower_jump_ratio_60,volatility,180,London,Validation,2024,244,-0.015437833470983868,True
bipower_jump_ratio_60,path_risk,5,London,Development,2021,151,0.0065286135912263673,True
bipower_jump_ratio_60,path_risk,5,London,Development,2022,243,-0.0030227692370130453,False
bipower_jump_ratio_60,path_risk,5,London,Development,2023,240,0.0068565492314284909,True
bipower_jump_ratio_60,path_risk,5,London,Validation,2024,244,0.0043066535440425841,True
bipower_jump_ratio_60,path_risk,15,London,Development,2021,151,-0.0047137436888893295,True
bipower_jump_ratio_60,path_risk,15,London,Development,2022,243,-0.014107161209507233,True
bipower_jump_ratio_60,path_risk,15,London,Development,2023,240,0.013099123407527637,False
bipower_jump_ratio_60,path_risk,15,London,Validation,2024,244,0.0045321509247542892,True
bipower_jump_ratio_60,path_risk,30,London,Development,2021,151,-0.0030655980064701175,False
bipower_jump_ratio_60,path_risk,30,London,Development,2022,243,-0.010123644485195767,False
bipower_jump_ratio_60,path_risk,30,London,Development,2023,240,0.015306759296161942,True
bipower_jump_ratio_60,path_risk,30,London,Validation,2024,244,0.0049086149724939009,True
bipower_jump_ratio_60,path_risk,60,London,Development,2021,151,-0.012142290739417451,False
bipower_jump_ratio_60,path_risk,60,London,Development,2022,243,0.014203599776753468,True
bipower_jump_ratio_60,path_risk,60,London,Development,2023,240,0.016180208212963784,True
bipower_jump_ratio_60,path_risk,60,London,Validation,2024,244,-0.00052853617763162406,True
bipower_jump_ratio_60,path_risk,120,London,Development,2021,151,-0.0033926149419332614,False
bipower_jump_ratio_60,path_risk,120,London,Development,2022,243,0.0017869062088336184,True
bipower_jump_ratio_60,path_risk,120,London,Development,2023,240,0.0089266314513565051,True
bipower_jump_ratio_60,path_risk,120,London,Validation,2024,244,0.0028376435049913985,True
bipower_jump_ratio_60,path_risk,180,London,Development,2021,151,0.030367431252328114,True
bipower_jump_ratio_60,path_risk,180,London,Development,2022,243,0.0046985952751338904,True
bipower_jump_ratio_60,path_risk,180,London,Development,2023,240,0.017883781511298991,True
bipower_jump_ratio_60,path_risk,180,London,Validation,2024,244,-0.0050156329220274699,True
variance_ratio_60_5,direction,5,London,Development,2021,151,0.00041589561171265238,False
variance_ratio_60_5,direction,5,London,Development,2022,243,-0.0042425741497716168,True
variance_ratio_60_5,direction,5,London,Development,2023,241,-0.0027070916249334032,True
variance_ratio_60_5,direction,5,London,Validation,2024,244,-0.0059744692815630615,True
variance_ratio_60_5,direction,15,London,Development,2021,151,0.023920864809182478,True
variance_ratio_60_5,direction,15,London,Development,2022,243,-0.0063644910309447128,False
variance_ratio_60_5,direction,15,London,Development,2023,241,0.014887099801914171,True
variance_ratio_60_5,direction,15,London,Validation,2024,244,0.0018104699841151686,True
variance_ratio_60_5,direction,30,London,Development,2021,151,0.029885474955463311,True
variance_ratio_60_5,direction,30,London,Development,2022,243,0.0049620925793020841,True
variance_ratio_60_5,direction,30,London,Development,2023,241,0.023211331484884173,True
variance_ratio_60_5,direction,30,London,Validation,2024,244,-0.017620641984316097,True
variance_ratio_60_5,direction,60,London,Development,2021,151,0.050216530228195506,True
variance_ratio_60_5,direction,60,London,Development,2022,243,-0.013999232760352849,False
variance_ratio_60_5,direction,60,London,Development,2023,241,0.05489815902751044,True
variance_ratio_60_5,direction,60,London,Validation,2024,244,-0.037896350208074657,True
variance_ratio_60_5,direction,120,London,Development,2021,151,0.10457362614048436,True
variance_ratio_60_5,direction,120,London,Development,2022,243,-0.038495660084252058,False
variance_ratio_60_5,direction,120,London,Development,2023,241,0.021041073529761492,True
variance_ratio_60_5,direction,120,London,Validation,2024,244,-0.053901009299310791,True
variance_ratio_60_5,direction,180,London,Development,2021,151,0.061669347171743147,True
variance_ratio_60_5,direction,180,London,Development,2022,243,-0.047067061601424952,False
variance_ratio_60_5,direction,180,London,Development,2023,241,0.033898162415023983,True
variance_ratio_60_5,direction,180,London,Validation,2024,244,-0.040504460722881892,True
variance_ratio_60_5,expansion,5,London,Development,2021,151,-0.033848951545413009,True
variance_ratio_60_5,expansion,5,London,Development,2022,243,-0.030570264680863199,True
variance_ratio_60_5,expansion,5,London,Development,2023,241,-0.033822845987184047,True
variance_ratio_60_5,expansion,5,London,Validation,2024,244,-0.011575406160488525,True
variance_ratio_60_5,expansion,15,London,Development,2021,151,-0.074863016972405355,True
variance_ratio_60_5,expansion,15,London,Development,2022,243,-0.07161838374215472,True
variance_ratio_60_5,expansion,15,London,Development,2023,241,-0.092045356548869084,True
variance_ratio_60_5,expansion,15,London,Validation,2024,244,-0.068264709165442514,True
variance_ratio_60_5,expansion,30,London,Development,2021,151,-0.10445391389733026,True
variance_ratio_60_5,expansion,30,London,Development,2022,243,-0.10037098170036439,True
variance_ratio_60_5,expansion,30,London,Development,2023,241,-0.10174281770404332,True
variance_ratio_60_5,expansion,30,London,Validation,2024,244,-0.076814514463414488,True
variance_ratio_60_5,expansion,60,London,Development,2021,151,-0.14396880438268347,True
variance_ratio_60_5,expansion,60,London,Development,2022,243,-0.078534881184624386,True
variance_ratio_60_5,expansion,60,London,Development,2023,241,-0.10054497051699719,True
variance_ratio_60_5,expansion,60,London,Validation,2024,244,-0.077535579340171357,True
variance_ratio_60_5,expansion,120,London,Development,2021,151,-0.12982662372545534,True
variance_ratio_60_5,expansion,120,London,Development,2022,243,-0.044840662328520041,True
variance_ratio_60_5,expansion,120,London,Development,2023,241,-0.10122888350722037,True
variance_ratio_60_5,expansion,120,London,Validation,2024,244,-0.055331436097235981,True
variance_ratio_60_5,expansion,180,London,Development,2021,151,-0.09988187648414909,True
variance_ratio_60_5,expansion,180,London,Development,2022,243,-0.067445121989478177,True
variance_ratio_60_5,expansion,180,London,Development,2023,241,-0.08198855190150757,True
variance_ratio_60_5,expansion,180,London,Validation,2024,244,-0.044017675459254238,True
variance_ratio_60_5,volatility,5,London,Development,2021,151,0.031012945873742551,True
variance_ratio_60_5,volatility,5,London,Development,2022,243,0.032729670229872693,True
variance_ratio_60_5,volatility,5,London,Development,2023,241,0.028734596365861138,True
variance_ratio_60_5,volatility,5,London,Validation,2024,244,0.027788130983160252,True
variance_ratio_60_5,volatility,15,London,Development,2021,151,0.020695399727017429,True
variance_ratio_60_5,volatility,15,London,Development,2022,243,0.036185547266316155,True
variance_ratio_60_5,volatility,15,London,Development,2023,241,0.024878299420548838,True
variance_ratio_60_5,volatility,15,London,Validation,2024,244,0.02161110687937139,True
variance_ratio_60_5,volatility,30,London,Development,2021,151,-0.0077184843618800679,False
variance_ratio_60_5,volatility,30,London,Development,2022,243,0.035459807276241734,True
variance_ratio_60_5,volatility,30,London,Development,2023,241,0.019179837032884294,True
variance_ratio_60_5,volatility,30,London,Validation,2024,244,0.036798597436818584,True
variance_ratio_60_5,volatility,60,London,Development,2021,151,-0.053163770624310679,False
variance_ratio_60_5,volatility,60,London,Development,2022,243,0.076364042838373988,True
variance_ratio_60_5,volatility,60,London,Development,2023,241,0.019653894912425356,True
variance_ratio_60_5,volatility,60,London,Validation,2024,244,0.053900458222142164,True
variance_ratio_60_5,volatility,120,London,Development,2021,151,-0.076853665575232669,False
variance_ratio_60_5,volatility,120,London,Development,2022,243,0.075300677158853274,True
variance_ratio_60_5,volatility,120,London,Development,2023,241,0.028423093627820733,True
variance_ratio_60_5,volatility,120,London,Validation,2024,244,0.039623251497266476,True
variance_ratio_60_5,volatility,180,London,Development,2021,151,-0.14173082568773124,True
variance_ratio_60_5,volatility,180,London,Development,2022,243,-0.021926375436869205,True
variance_ratio_60_5,volatility,180,London,Development,2023,241,0.0048068625384898971,False
variance_ratio_60_5,volatility,180,London,Validation,2024,244,-0.036789477686046901,True
variance_ratio_60_5,path_risk,5,London,Development,2021,151,-0.035868750416137865,True
variance_ratio_60_5,path_risk,5,London,Development,2022,243,-0.035890105276792941,True
variance_ratio_60_5,path_risk,5,London,Development,2023,241,-0.037500999407955829,True
variance_ratio_60_5,path_risk,5,London,Validation,2024,244,-0.022727170898781263,True
variance_ratio_60_5,path_risk,15,London,Development,2021,151,-0.079383097482247575,True
variance_ratio_60_5,path_risk,15,London,Development,2022,243,-0.071686903403479968,True
variance_ratio_60_5,path_risk,15,London,Development,2023,241,-0.093669974502073358,True
variance_ratio_60_5,path_risk,15,London,Validation,2024,244,-0.073348642578853845,True
variance_ratio_60_5,path_risk,30,London,Development,2021,151,-0.1049355772768451,True
variance_ratio_60_5,path_risk,30,London,Development,2022,243,-0.097072344928964369,True
variance_ratio_60_5,path_risk,30,London,Development,2023,241,-0.093311905061254932,True
variance_ratio_60_5,path_risk,30,London,Validation,2024,244,-0.076006167349223455,True
variance_ratio_60_5,path_risk,60,London,Development,2021,151,-0.12638115081621362,True
variance_ratio_60_5,path_risk,60,London,Development,2022,243,-0.076073047034938321,True
variance_ratio_60_5,path_risk,60,London,Development,2023,241,-0.085584258511711128,True
variance_ratio_60_5,path_risk,60,London,Validation,2024,244,-0.071581669572088932,True
variance_ratio_60_5,path_risk,120,London,Development,2021,151,-0.10614225528754445,True
variance_ratio_60_5,path_risk,120,London,Development,2022,243,-0.031137182855403043,True
variance_ratio_60_5,path_risk,120,London,Development,2023,241,-0.073074699001893395,True
variance_ratio_60_5,path_risk,120,London,Validation,2024,244,-0.042714293352441687,True
variance_ratio_60_5,path_risk,180,London,Development,2021,151,-0.072233930232106891,True
variance_ratio_60_5,path_risk,180,London,Development,2022,243,-0.05575641595380975,True
variance_ratio_60_5,path_risk,180,London,Development,2023,241,-0.063306300236849647,True
variance_ratio_60_5,path_risk,180,London,Validation,2024,244,-0.038240654081666027,True
return_sign_entropy_60,direction,5,London,Development,2021,151,-0.0099410525504735319,True
return_sign_entropy_60,direction,5,London,Development,2022,243,-0.0015062604284598888,True
return_sign_entropy_60,direction,5,London,Development,2023,241,-0.018849262203398928,True
return_sign_entropy_60,direction,5,London,Validation,2024,244,0.013923056586095186,True
return_sign_entropy_60,direction,15,London,Development,2021,151,-0.021647291242905261,True
return_sign_entropy_60,direction,15,London,Development,2022,243,-0.0018547186347791611,True
return_sign_entropy_60,direction,15,London,Development,2023,241,-0.048071044861840738,True
return_sign_entropy_60,direction,15,London,Validation,2024,244,0.026646120329470547,True
return_sign_entropy_60,direction,30,London,Development,2021,151,-0.028991474955041632,True
return_sign_entropy_60,direction,30,London,Development,2022,243,-0.011015644365239876,True
return_sign_entropy_60,direction,30,London,Development,2023,241,-0.045615717718363161,True
return_sign_entropy_60,direction,30,London,Validation,2024,244,0.048837403377576312,True
return_sign_entropy_60,direction,60,London,Development,2021,151,-0.011606320646650516,True
return_sign_entropy_60,direction,60,London,Development,2022,243,-0.011728019502300194,True
return_sign_entropy_60,direction,60,London,Development,2023,241,-0.012222098288000248,True
return_sign_entropy_60,direction,60,London,Validation,2024,244,0.037147482792580969,True
return_sign_entropy_60,direction,120,London,Development,2021,151,0.0086912937995753808,False
return_sign_entropy_60,direction,120,London,Development,2022,243,-0.0020282388846453179,True
return_sign_entropy_60,direction,120,London,Development,2023,241,-0.0075820002015759575,True
return_sign_entropy_60,direction,120,London,Validation,2024,244,0.030748780729335293,True
return_sign_entropy_60,direction,180,London,Development,2021,151,0.017647890307670645,False
return_sign_entropy_60,direction,180,London,Development,2022,243,0.0105365320215541,False
return_sign_entropy_60,direction,180,London,Development,2023,241,-0.039466279466236882,True
return_sign_entropy_60,direction,180,London,Validation,2024,244,0.0068200977856646191,True
return_sign_entropy_60,expansion,5,London,Development,2021,151,0.087283545934378162,True
return_sign_entropy_60,expansion,5,London,Development,2022,243,0.077721848014709882,True
return_sign_entropy_60,expansion,5,London,Development,2023,241,0.084220698147155895,True
return_sign_entropy_60,expansion,5,London,Validation,2024,244,0.06847822623007202,True
return_sign_entropy_60,expansion,15,London,Development,2021,151,0.13309455260961309,True
return_sign_entropy_60,expansion,15,London,Development,2022,243,0.12076456454144041,True
return_sign_entropy_60,expansion,15,London,Development,2023,241,0.11606503495188644,True
return_sign_entropy_60,expansion,15,London,Validation,2024,244,0.094109023364158217,True
return_sign_entropy_60,expansion,30,London,Development,2021,151,0.18090096753183832,True
return_sign_entropy_60,expansion,30,London,Development,2022,243,0.150756072470733,True
return_sign_entropy_60,expansion,30,London,Development,2023,241,0.14010666353412488,True
return_sign_entropy_60,expansion,30,London,Validation,2024,244,0.10135339569558666,True
return_sign_entropy_60,expansion,60,London,Development,2021,151,0.18213405032942898,True
return_sign_entropy_60,expansion,60,London,Development,2022,243,0.18528062990323266,True
return_sign_entropy_60,expansion,60,London,Development,2023,241,0.16578163983129526,True
return_sign_entropy_60,expansion,60,London,Validation,2024,244,0.13302577393622708,True
return_sign_entropy_60,expansion,120,London,Development,2021,151,0.2457858490830313,True
return_sign_entropy_60,expansion,120,London,Development,2022,243,0.19022363826764471,True
return_sign_entropy_60,expansion,120,London,Development,2023,241,0.2069158701339949,True
return_sign_entropy_60,expansion,120,London,Validation,2024,244,0.15602947081030485,True
return_sign_entropy_60,expansion,180,London,Development,2021,151,0.29421664420338817,True
return_sign_entropy_60,expansion,180,London,Development,2022,243,0.18288889958535537,True
return_sign_entropy_60,expansion,180,London,Development,2023,241,0.22034846251163595,True
return_sign_entropy_60,expansion,180,London,Validation,2024,244,0.17601075117755632,True
return_sign_entropy_60,volatility,5,London,Development,2021,151,-0.053038583245858459,True
return_sign_entropy_60,volatility,5,London,Development,2022,243,-0.0035554074065188624,True
return_sign_entropy_60,volatility,5,London,Development,2023,241,-0.046919254779739725,True
return_sign_entropy_60,volatility,5,London,Validation,2024,244,-0.02746203149004689,True
return_sign_entropy_60,volatility,15,London,Development,2021,151,-0.052540413919197955,True
return_sign_entropy_60,volatility,15,London,Development,2022,243,0.023060849973185724,False
return_sign_entropy_60,volatility,15,London,Development,2023,241,-0.050415740055710569,True
return_sign_entropy_60,volatility,15,London,Validation,2024,244,-0.038727779410491117,True
return_sign_entropy_60,volatility,30,London,Development,2021,151,-0.027150263291347485,True
return_sign_entropy_60,volatility,30,London,Development,2022,243,0.055258961245863047,False
return_sign_entropy_60,volatility,30,London,Development,2023,241,-0.056751309014898034,True
return_sign_entropy_60,volatility,30,London,Validation,2024,244,-0.029924802817048134,True
return_sign_entropy_60,volatility,60,London,Development,2021,151,0.0055955566523074709,True
return_sign_entropy_60,volatility,60,London,Development,2022,243,0.084500391012151579,True
return_sign_entropy_60,volatility,60,London,Development,2023,241,-0.065088707324631095,False
return_sign_entropy_60,volatility,60,London,Validation,2024,244,0.014599738976480328,True
return_sign_entropy_60,volatility,120,London,Development,2021,151,0.052290699301382651,True
return_sign_entropy_60,volatility,120,London,Development,2022,243,0.12088268192511113,True
return_sign_entropy_60,volatility,120,London,Development,2023,241,-0.036813105924016321,False
return_sign_entropy_60,volatility,120,London,Validation,2024,244,0.032551194870739146,True
return_sign_entropy_60,volatility,180,London,Development,2021,151,0.27794729203819846,True
return_sign_entropy_60,volatility,180,London,Development,2022,243,0.18362980499543116,True
return_sign_entropy_60,volatility,180,London,Development,2023,241,0.11382811741934315,True
return_sign_entropy_60,volatility,180,London,Validation,2024,244,0.10646605832075991,True
return_sign_entropy_60,path_risk,5,London,Development,2021,151,0.080006055650175212,True
return_sign_entropy_60,path_risk,5,London,Development,2022,243,0.07224148435963719,True
return_sign_entropy_60,path_risk,5,London,Development,2023,241,0.074303523780846883,True
return_sign_entropy_60,path_risk,5,London,Validation,2024,244,0.065332039553118615,True
return_sign_entropy_60,path_risk,15,London,Development,2021,151,0.11791993413919076,True
return_sign_entropy_60,path_risk,15,London,Development,2022,243,0.11281282773565687,True
return_sign_entropy_60,path_risk,15,London,Development,2023,241,0.09876134668666274,True
return_sign_entropy_60,path_risk,15,London,Validation,2024,244,0.08782835016900585,True
return_sign_entropy_60,path_risk,30,London,Development,2021,151,0.15778498476858302,True
return_sign_entropy_60,path_risk,30,London,Development,2022,243,0.14106717417850054,True
return_sign_entropy_60,path_risk,30,London,Development,2023,241,0.11513932755893434,True
return_sign_entropy_60,path_risk,30,London,Validation,2024,244,0.094338047587850998,True
return_sign_entropy_60,path_risk,60,London,Development,2021,151,0.16028789798012208,True
return_sign_entropy_60,path_risk,60,London,Development,2022,243,0.15895805391346673,True
return_sign_entropy_60,path_risk,60,London,Development,2023,241,0.13862630325069575,True
return_sign_entropy_60,path_risk,60,London,Validation,2024,244,0.11736120236401074,True
return_sign_entropy_60,path_risk,120,London,Development,2021,151,0.23433536221914275,True
return_sign_entropy_60,path_risk,120,London,Development,2022,243,0.16718037305355726,True
return_sign_entropy_60,path_risk,120,London,Development,2023,241,0.15422573539454332,True
return_sign_entropy_60,path_risk,120,London,Validation,2024,244,0.13113445288874448,True
return_sign_entropy_60,path_risk,180,London,Development,2021,151,0.26710963318151187,True
return_sign_entropy_60,path_risk,180,London,Development,2022,243,0.15982561106513968,True
return_sign_entropy_60,path_risk,180,London,Development,2023,241,0.17900599774954493,True
return_sign_entropy_60,path_risk,180,London,Validation,2024,244,0.15756652979436778,True
volatility_of_volatility_60,direction,5,London,Development,2021,151,-0.0070299412617882799,True
volatility_of_volatility_60,direction,5,London,Development,2022,243,0.0091858992353106954,False
volatility_of_volatility_60,direction,5,London,Development,2023,241,-0.0078261214229096727,True
volatility_of_volatility_60,direction,5,London,Validation,2024,244,0.0015587458126762395,True
volatility_of_volatility_60,direction,15,London,Development,2021,151,-0.015833057878535499,True
volatility_of_volatility_60,direction,15,London,Development,2022,243,0.006863740608698982,False
volatility_of_volatility_60,direction,15,London,Development,2023,241,-0.012142296198010544,True
volatility_of_volatility_60,direction,15,London,Validation,2024,244,-0.0059226298138721645,True
volatility_of_volatility_60,direction,30,London,Development,2021,151,-0.0096283462018264127,True
volatility_of_volatility_60,direction,30,London,Development,2022,243,0.0060284258640485944,False
volatility_of_volatility_60,direction,30,London,Development,2023,241,-0.0038399462177270928,True
volatility_of_volatility_60,direction,30,London,Validation,2024,244,-0.0057355548916815562,True
volatility_of_volatility_60,direction,60,London,Development,2021,151,-0.01757972314140446,True
volatility_of_volatility_60,direction,60,London,Development,2022,243,0.0020797328169896525,False
volatility_of_volatility_60,direction,60,London,Development,2023,241,-0.014827976082983379,True
volatility_of_volatility_60,direction,60,London,Validation,2024,244,0.008937192793493292,True
volatility_of_volatility_60,direction,120,London,Development,2021,151,0.0025675943506255818,False
volatility_of_volatility_60,direction,120,London,Development,2022,243,-0.0077871006840341808,True
volatility_of_volatility_60,direction,120,London,Development,2023,241,-0.0091154264406906969,True
volatility_of_volatility_60,direction,120,London,Validation,2024,244,0.03072136540401561,True
volatility_of_volatility_60,direction,180,London,Development,2021,151,0.039121762028615323,True
volatility_of_volatility_60,direction,180,London,Development,2022,243,0.01364536851958574,True
volatility_of_volatility_60,direction,180,London,Development,2023,241,0.00096175084762397246,True
volatility_of_volatility_60,direction,180,London,Validation,2024,244,-0.0035208190341981644,True
volatility_of_volatility_60,expansion,5,London,Development,2021,151,0.0012330132134562482,False
volatility_of_volatility_60,expansion,5,London,Development,2022,243,-0.02364018409960059,True
volatility_of_volatility_60,expansion,5,London,Development,2023,241,0.014485582395783039,False
volatility_of_volatility_60,expansion,5,London,Validation,2024,244,0.00062954140154334692,True
volatility_of_volatility_60,expansion,15,London,Development,2021,151,-0.014260455168391042,True
volatility_of_volatility_60,expansion,15,London,Development,2022,243,-0.035381415925504409,True
volatility_of_volatility_60,expansion,15,London,Development,2023,241,0.0097986710268176194,False
volatility_of_volatility_60,expansion,15,London,Validation,2024,244,-0.015121937838555123,True
volatility_of_volatility_60,expansion,30,London,Development,2021,151,-0.018760016029580693,True
volatility_of_volatility_60,expansion,30,London,Development,2022,243,-0.047896423662706883,True
volatility_of_volatility_60,expansion,30,London,Development,2023,241,-0.0061024660233835798,True
volatility_of_volatility_60,expansion,30,London,Validation,2024,244,-0.046358214124086895,True
volatility_of_volatility_60,expansion,60,London,Development,2021,151,-0.060109000751154072,True
volatility_of_volatility_60,expansion,60,London,Development,2022,243,-0.054575862096004603,True
volatility_of_volatility_60,expansion,60,London,Development,2023,241,-0.013475972080286289,True
volatility_of_volatility_60,expansion,60,London,Validation,2024,244,-0.062444716113699957,True
volatility_of_volatility_60,expansion,120,London,Development,2021,151,-0.065288596781456501,True
volatility_of_volatility_60,expansion,120,London,Development,2022,243,-0.089133091638132447,True
volatility_of_volatility_60,expansion,120,London,Development,2023,241,-0.019522748072013145,True
volatility_of_volatility_60,expansion,120,London,Validation,2024,244,-0.079711229559335822,True
volatility_of_volatility_60,expansion,180,London,Development,2021,151,-0.020215982344342229,True
volatility_of_volatility_60,expansion,180,London,Development,2022,243,-0.10621724654328014,True
volatility_of_volatility_60,expansion,180,London,Development,2023,241,-0.019337780391629002,True
volatility_of_volatility_60,expansion,180,London,Validation,2024,244,-0.065458534703087351,True
volatility_of_volatility_60,volatility,5,London,Development,2021,151,0.016071902392533418,True
volatility_of_volatility_60,volatility,5,London,Development,2022,243,0.056634868542082134,True
volatility_of_volatility_60,volatility,5,London,Development,2023,241,0.048710853342199531,True
volatility_of_volatility_60,volatility,5,London,Validation,2024,244,0.053938075430334596,True
volatility_of_volatility_60,volatility,15,London,Development,2021,151,0.010513425058545288,True
volatility_of_volatility_60,volatility,15,London,Development,2022,243,0.062838344146600722,True
volatility_of_volatility_60,volatility,15,London,Development,2023,241,0.052743420639557927,True
volatility_of_volatility_60,volatility,15,London,Validation,2024,244,0.065611223113944947,True
volatility_of_volatility_60,volatility,30,London,Development,2021,151,-0.0058634248351902606,False
volatility_of_volatility_60,volatility,30,London,Development,2022,243,0.062211068360646847,True
volatility_of_volatility_60,volatility,30,London,Development,2023,241,0.041003417711797184,True
volatility_of_volatility_60,volatility,30,London,Validation,2024,244,0.040046359132733272,True
volatility_of_volatility_60,volatility,60,London,Development,2021,151,-0.049796443051337659,False
volatility_of_volatility_60,volatility,60,London,Development,2022,243,0.052705658711499105,True
volatility_of_volatility_60,volatility,60,London,Development,2023,241,0.038649335450975014,True
volatility_of_volatility_60,volatility,60,London,Validation,2024,244,-0.0077790913229674455,True
volatility_of_volatility_60,volatility,120,London,Development,2021,151,-0.068447933090522328,True
volatility_of_volatility_60,volatility,120,London,Development,2022,243,0.01328856599654071,False
volatility_of_volatility_60,volatility,120,London,Development,2023,241,0.028355413367837003,False
volatility_of_volatility_60,volatility,120,London,Validation,2024,244,-0.032700881080305097,True
volatility_of_volatility_60,volatility,180,London,Development,2021,151,0.017839272768355629,True
volatility_of_volatility_60,volatility,180,London,Development,2022,243,-0.002652433483772814,False
volatility_of_volatility_60,volatility,180,London,Development,2023,241,0.030066884783352781,True
volatility_of_volatility_60,volatility,180,London,Validation,2024,244,-0.030157656156357848,True
volatility_of_volatility_60,path_risk,5,London,Development,2021,151,0.00017551047340182304,False
volatility_of_volatility_60,path_risk,5,London,Development,2022,243,-0.020139178926827199,True
volatility_of_volatility_60,path_risk,5,London,Development,2023,241,0.0098214310972150852,False
volatility_of_volatility_60,path_risk,5,London,Validation,2024,244,0.0011449209632239405,True
volatility_of_volatility_60,path_risk,15,London,Development,2021,151,-0.018748283612492676,True
volatility_of_volatility_60,path_risk,15,London,Development,2022,243,-0.035919032045862061,True
volatility_of_volatility_60,path_risk,15,London,Development,2023,241,0.010666447635967293,False
volatility_of_volatility_60,path_risk,15,London,Validation,2024,244,-0.015805515055399157,True
volatility_of_volatility_60,path_risk,30,London,Development,2021,151,-0.031125761715909146,True
volatility_of_volatility_60,path_risk,30,London,Development,2022,243,-0.038158355050202188,True
volatility_of_volatility_60,path_risk,30,London,Development,2023,241,-0.011692869332761438,True
volatility_of_volatility_60,path_risk,30,London,Validation,2024,244,-0.045656361445083636,True
volatility_of_volatility_60,path_risk,60,London,Development,2021,151,-0.076263102612564054,True
volatility_of_volatility_60,path_risk,60,London,Development,2022,243,-0.041013046438513258,True
volatility_of_volatility_60,path_risk,60,London,Development,2023,241,-0.018268375478507945,True
volatility_of_volatility_60,path_risk,60,London,Validation,2024,244,-0.064286169220943906,True
volatility_of_volatility_60,path_risk,120,London,Development,2021,151,-0.059107984843664155,True
volatility_of_volatility_60,path_risk,120,London,Development,2022,243,-0.086002264361374578,True
volatility_of_volatility_60,path_risk,120,London,Development,2023,241,-0.028682482391659051,True
volatility_of_volatility_60,path_risk,120,London,Validation,2024,244,-0.071479703527963942,True
volatility_of_volatility_60,path_risk,180,London,Development,2021,151,-0.023373409268930521,True
volatility_of_volatility_60,path_risk,180,London,Development,2022,243,-0.079709170830155371,True
volatility_of_volatility_60,path_risk,180,London,Development,2023,241,-0.0072434913229536581,True
volatility_of_volatility_60,path_risk,180,London,Validation,2024,244,-0.046532201617751727,True
bollinger_zscore_20,direction,5,New York,Development,2021,152,-0.047705231174241226,True
bollinger_zscore_20,direction,5,New York,Development,2022,244,-0.068301184665442716,True
bollinger_zscore_20,direction,5,New York,Development,2023,242,-0.052136753385531684,True
bollinger_zscore_20,direction,5,New York,Validation,2024,246,-0.048059443169245208,True
bollinger_zscore_20,direction,15,New York,Development,2021,152,-0.071221174019729383,True
bollinger_zscore_20,direction,15,New York,Development,2022,244,-0.076064249059370273,True
bollinger_zscore_20,direction,15,New York,Development,2023,242,-0.059870193733971108,True
bollinger_zscore_20,direction,15,New York,Validation,2024,246,-0.074317091712701219,True
bollinger_zscore_20,direction,30,New York,Development,2021,152,-0.09499870490468014,True
bollinger_zscore_20,direction,30,New York,Development,2022,244,-0.081643576602018444,True
bollinger_zscore_20,direction,30,New York,Development,2023,242,-0.074054612690555771,True
bollinger_zscore_20,direction,30,New York,Validation,2024,246,-0.09929630855179232,True
bollinger_zscore_20,direction,60,New York,Development,2021,152,-0.12555173749440757,True
bollinger_zscore_20,direction,60,New York,Development,2022,244,-0.12302126684970323,True
bollinger_zscore_20,direction,60,New York,Development,2023,242,-0.11554661891156714,True
bollinger_zscore_20,direction,60,New York,Validation,2024,246,-0.12966483054810193,True
bollinger_zscore_20,direction,120,New York,Development,2021,152,-0.18163959382293662,True
bollinger_zscore_20,direction,120,New York,Development,2022,244,-0.18192688140595337,True
bollinger_zscore_20,direction,120,New York,Development,2023,242,-0.16846379091281116,True
bollinger_zscore_20,direction,120,New York,Validation,2024,246,-0.16239414008076555,True
bollinger_zscore_20,direction,180,New York,Development,2021,152,-0.1961481148300418,True
bollinger_zscore_20,direction,180,New York,Development,2022,244,-0.22457728050409442,True
bollinger_zscore_20,direction,180,New York,Development,2023,242,-0.20779513614594397,True
bollinger_zscore_20,direction,180,New York,Validation,2024,246,-0.19901660773370067,True
bollinger_zscore_20,expansion,5,New York,Development,2021,152,-0.067988134191882169,True
bollinger_zscore_20,expansion,5,New York,Development,2022,244,-0.039928936803551369,True
bollinger_zscore_20,expansion,5,New York,Development,2023,242,-0.038622507106147362,True
bollinger_zscore_20,expansion,5,New York,Validation,2024,246,-0.060284451169888627,True
bollinger_zscore_20,expansion,15,New York,Development,2021,152,-0.046748743653524938,True
bollinger_zscore_20,expansion,15,New York,Development,2022,244,-0.034252671442254669,True
bollinger_zscore_20,expansion,15,New York,Development,2023,242,-0.024247414979184579,True
bollinger_zscore_20,expansion,15,New York,Validation,2024,246,-0.053742888890223529,True
bollinger_zscore_20,expansion,30,New York,Development,2021,152,-0.025145561133933118,True
bollinger_zscore_20,expansion,30,New York,Development,2022,244,-0.023653276380068158,True
bollinger_zscore_20,expansion,30,New York,Development,2023,242,-0.0050698435271447542,True
bollinger_zscore_20,expansion,30,New York,Validation,2024,246,-0.039557585097166191,True
bollinger_zscore_20,expansion,60,New York,Development,2021,152,-0.020709530059413013,True
bollinger_zscore_20,expansion,60,New York,Development,2022,244,-0.01580664994509666,True
bollinger_zscore_20,expansion,60,New York,Development,2023,242,0.00079022684916440632,False
bollinger_zscore_20,expansion,60,New York,Validation,2024,246,-0.015056653830451254,True
bollinger_zscore_20,expansion,120,New York,Development,2021,152,-0.02057468352279223,True
bollinger_zscore_20,expansion,120,New York,Development,2022,244,-0.015713218726131458,True
bollinger_zscore_20,expansion,120,New York,Development,2023,242,6.4711218136609915e-05,False
bollinger_zscore_20,expansion,120,New York,Validation,2024,246,-0.0084805796368468602,True
bollinger_zscore_20,expansion,180,New York,Development,2021,152,-0.0078655350028963757,True
bollinger_zscore_20,expansion,180,New York,Development,2022,244,-0.018576437590151689,True
bollinger_zscore_20,expansion,180,New York,Development,2023,242,-0.0053972398813097351,True
bollinger_zscore_20,expansion,180,New York,Validation,2024,246,-0.0073748354098737597,True
bollinger_zscore_20,volatility,5,New York,Development,2021,152,-0.090158228208478089,True
bollinger_zscore_20,volatility,5,New York,Development,2022,244,-0.037374573846753537,True
bollinger_zscore_20,volatility,5,New York,Development,2023,242,-0.037988788842221601,True
bollinger_zscore_20,volatility,5,New York,Validation,2024,246,-0.061798833244175108,True
bollinger_zscore_20,volatility,15,New York,Development,2021,152,-0.084553659213622942,True
bollinger_zscore_20,volatility,15,New York,Development,2022,244,-0.046674322471278978,True
bollinger_zscore_20,volatility,15,New York,Development,2023,242,-0.032228469043913757,True
bollinger_zscore_20,volatility,15,New York,Validation,2024,246,-0.059982236225089677,True
bollinger_zscore_20,volatility,30,New York,Development,2021,152,-0.077073600910897225,True
bollinger_zscore_20,volatility,30,New York,Development,2022,244,-0.045546144838866286,True
bollinger_zscore_20,volatility,30,New York,Development,2023,242,-0.019894305788292675,True
bollinger_zscore_20,volatility,30,New York,Validation,2024,246,-0.041836087528187585,True
bollinger_zscore_20,volatility,60,New York,Development,2021,152,-0.068666958136426093,True
bollinger_zscore_20,volatility,60,New York,Development,2022,244,-0.031656969660795009,True
bollinger_zscore_20,volatility,60,New York,Development,2023,242,-0.018293930883250424,True
bollinger_zscore_20,volatility,60,New York,Validation,2024,246,-0.021362634296678736,True
bollinger_zscore_20,volatility,120,New York,Development,2021,152,-0.052003776372096112,True
bollinger_zscore_20,volatility,120,New York,Development,2022,244,-0.012188731174750072,True
bollinger_zscore_20,volatility,120,New York,Development,2023,242,-0.0049222957034556264,True
bollinger_zscore_20,volatility,120,New York,Validation,2024,246,-0.011983167284932454,True
bollinger_zscore_20,volatility,180,New York,Development,2021,152,-0.018837549005142243,True
bollinger_zscore_20,volatility,180,New York,Development,2022,244,-0.0099969681530844446,True
bollinger_zscore_20,volatility,180,New York,Development,2023,242,-0.0073236847188165059,True
bollinger_zscore_20,volatility,180,New York,Validation,2024,246,0.00055855761498080987,True
bollinger_zscore_20,path_risk,5,New York,Development,2021,152,-0.05254341157113851,True
bollinger_zscore_20,path_risk,5,New York,Development,2022,244,-0.036719782093401078,True
bollinger_zscore_20,path_risk,5,New York,Development,2023,242,-0.031901305513559138,True
bollinger_zscore_20,path_risk,5,New York,Validation,2024,246,-0.049986897193889969,True
bollinger_zscore_20,path_risk,15,New York,Development,2021,152,-0.038549454067555444,True
bollinger_zscore_20,path_risk,15,New York,Development,2022,244,-0.02715316678522009,True
bollinger_zscore_20,path_risk,15,New York,Development,2023,242,-0.021558439562166264,True
bollinger_zscore_20,path_risk,15,New York,Validation,2024,246,-0.041599654099355225,True
bollinger_zscore_20,path_risk,30,New York,Development,2021,152,-0.024155692732562618,True
bollinger_zscore_20,path_risk,30,New York,Development,2022,244,-0.012846274322576673,True
bollinger_zscore_20,path_risk,30,New York,Development,2023,242,-0.0033132511681317435,True
bollinger_zscore_20,path_risk,30,New York,Validation,2024,246,-0.031322309072654604,True
bollinger_zscore_20,path_risk,60,New York,Development,2021,152,-0.015417881771851549,True
bollinger_zscore_20,path_risk,60,New York,Development,2022,244,-0.0065345588424901299,True
bollinger_zscore_20,path_risk,60,New York,Development,2023,242,0.0097910084757925307,False
bollinger_zscore_20,path_risk,60,New York,Validation,2024,246,-0.012334631173564418,True
bollinger_zscore_20,path_risk,120,New York,Development,2021,152,-0.013732979153456081,True
bollinger_zscore_20,path_risk,120,New York,Development,2022,244,-0.007487292732762372,True
bollinger_zscore_20,path_risk,120,New York,Development,2023,242,0.011899567761625115,False
bollinger_zscore_20,path_risk,120,New York,Validation,2024,246,-0.0076553229425618168,True
bollinger_zscore_20,path_risk,180,New York,Development,2021,152,-0.00025160983859567155,True
bollinger_zscore_20,path_risk,180,New York,Development,2022,244,-0.0076679717508014974,True
bollinger_zscore_20,path_risk,180,New York,Development,2023,242,0.0068297231538298041,False
bollinger_zscore_20,path_risk,180,New York,Validation,2024,246,-0.0026350959821469211,True
bollinger_bandwidth_20,direction,5,New York,Development,2021,152,-0.002682017764966447,False
bollinger_bandwidth_20,direction,5,New York,Development,2022,244,0.010901586616461711,True
bollinger_bandwidth_20,direction,5,New York,Development,2023,242,0.005358846365148464,True
bollinger_bandwidth_20,direction,5,New York,Validation,2024,246,0.0089529194273736158,True
bollinger_bandwidth_20,direction,15,New York,Development,2021,152,0.0023592057921799766,True
bollinger_bandwidth_20,direction,15,New York,Development,2022,244,0.00068800441007964676,True
bollinger_bandwidth_20,direction,15,New York,Development,2023,242,0.0093644921097819495,True
bollinger_bandwidth_20,direction,15,New York,Validation,2024,246,0.0057946786570707556,True
bollinger_bandwidth_20,direction,30,New York,Development,2021,152,5.8798665022059605e-05,True
bollinger_bandwidth_20,direction,30,New York,Development,2022,244,-0.012107953248379407,False
bollinger_bandwidth_20,direction,30,New York,Development,2023,242,0.012657658865254945,True
bollinger_bandwidth_20,direction,30,New York,Validation,2024,246,-0.0042228332455787054,True
bollinger_bandwidth_20,direction,60,New York,Development,2021,152,0.024132678357564816,True
bollinger_bandwidth_20,direction,60,New York,Development,2022,244,-0.0049335971241177305,False
bollinger_bandwidth_20,direction,60,New York,Development,2023,242,0.015262416472904307,True
bollinger_bandwidth_20,direction,60,New York,Validation,2024,246,-0.0083388404620091533,True
bollinger_bandwidth_20,direction,120,New York,Development,2021,152,0.044063602789780811,True
bollinger_bandwidth_20,direction,120,New York,Development,2022,244,-0.0094046140352922105,False
bollinger_bandwidth_20,direction,120,New York,Development,2023,242,0.013526748111797852,True
bollinger_bandwidth_20,direction,120,New York,Validation,2024,246,-0.0038789746839133651,True
bollinger_bandwidth_20,direction,180,New York,Development,2021,152,0.057902990578387263,True
bollinger_bandwidth_20,direction,180,New York,Development,2022,244,-0.0023093459218075894,False
bollinger_bandwidth_20,direction,180,New York,Development,2023,242,0.04995094339912922,True
bollinger_bandwidth_20,direction,180,New York,Validation,2024,246,-0.00048990798472444601,True
bollinger_bandwidth_20,expansion,5,New York,Development,2021,152,-0.17192421700811453,True
bollinger_bandwidth_20,expansion,5,New York,Development,2022,244,-0.15267708946494951,True
bollinger_bandwidth_20,expansion,5,New York,Development,2023,242,-0.16288834995393528,True
bollinger_bandwidth_20,expansion,5,New York,Validation,2024,246,-0.14844522181100511,True
bollinger_bandwidth_20,expansion,15,New York,Development,2021,152,-0.26444395828988504,True
bollinger_bandwidth_20,expansion,15,New York,Development,2022,244,-0.23827258088514019,True
bollinger_bandwidth_20,expansion,15,New York,Development,2023,242,-0.24422411252961598,True
bollinger_bandwidth_20,expansion,15,New York,Validation,2024,246,-0.23612064840636587,True
bollinger_bandwidth_20,expansion,30,New York,Development,2021,152,-0.34294371591330264,True
bollinger_bandwidth_20,expansion,30,New York,Development,2022,244,-0.31413109221141866,True
bollinger_bandwidth_20,expansion,30,New York,Development,2023,242,-0.33136796033125471,True
bollinger_bandwidth_20,expansion,30,New York,Validation,2024,246,-0.31654522988959555,True
bollinger_bandwidth_20,expansion,60,New York,Development,2021,152,-0.42035086008576633,True
bollinger_bandwidth_20,expansion,60,New York,Development,2022,244,-0.39473709234568727,True
bollinger_bandwidth_20,expansion,60,New York,Development,2023,242,-0.44570459021849762,True
bollinger_bandwidth_20,expansion,60,New York,Validation,2024,246,-0.42500033142413712,True
bollinger_bandwidth_20,expansion,120,New York,Development,2021,152,-0.48939349874938709,True
bollinger_bandwidth_20,expansion,120,New York,Development,2022,244,-0.46575582485547901,True
bollinger_bandwidth_20,expansion,120,New York,Development,2023,242,-0.55752349112860888,True
bollinger_bandwidth_20,expansion,120,New York,Validation,2024,246,-0.51569927430744378,True
bollinger_bandwidth_20,expansion,180,New York,Development,2021,152,-0.51822295872107127,True
bollinger_bandwidth_20,expansion,180,New York,Development,2022,244,-0.51611390051923378,True
bollinger_bandwidth_20,expansion,180,New York,Development,2023,242,-0.59566336094867989,True
bollinger_bandwidth_20,expansion,180,New York,Validation,2024,246,-0.55703077625325215,True
bollinger_bandwidth_20,volatility,5,New York,Development,2021,152,0.37055832475079964,True
bollinger_bandwidth_20,volatility,5,New York,Development,2022,244,0.30470700627722047,True
bollinger_bandwidth_20,volatility,5,New York,Development,2023,242,0.41717495020943884,True
bollinger_bandwidth_20,volatility,5,New York,Validation,2024,246,0.39495986568784636,True
bollinger_bandwidth_20,volatility,15,New York,Development,2021,152,0.39462918953422127,True
bollinger_bandwidth_20,volatility,15,New York,Development,2022,244,0.32280096620124937,True
bollinger_bandwidth_20,volatility,15,New York,Development,2023,242,0.44421400256110616,True
bollinger_bandwidth_20,volatility,15,New York,Validation,2024,246,0.43724044982246363,True
bollinger_bandwidth_20,volatility,30,New York,Development,2021,152,0.34032260456088753,True
bollinger_bandwidth_20,volatility,30,New York,Development,2022,244,0.27289780361662752,True
bollinger_bandwidth_20,volatility,30,New York,Development,2023,242,0.37702458055043914,True
bollinger_bandwidth_20,volatility,30,New York,Validation,2024,246,0.39202282485806605,True
bollinger_bandwidth_20,volatility,60,New York,Development,2021,152,0.22753764433093551,True
bollinger_bandwidth_20,volatility,60,New York,Development,2022,244,0.15873318352133411,True
bollinger_bandwidth_20,volatility,60,New York,Development,2023,242,0.21250899356084441,True
bollinger_bandwidth_20,volatility,60,New York,Validation,2024,246,0.25110757724391669,True
bollinger_bandwidth_20,volatility,120,New York,Development,2021,152,0.061637925790858569,True
bollinger_bandwidth_20,volatility,120,New York,Development,2022,244,0.0016887774529941205,True
bollinger_bandwidth_20,volatility,120,New York,Development,2023,242,-0.013556067912658839,False
bollinger_bandwidth_20,volatility,120,New York,Validation,2024,246,0.033356938759865389,True
bollinger_bandwidth_20,volatility,180,New York,Development,2021,152,-0.091702822046294138,True
bollinger_bandwidth_20,volatility,180,New York,Development,2022,244,-0.13797591986471475,True
bollinger_bandwidth_20,volatility,180,New York,Development,2023,242,-0.19633749471573445,True
bollinger_bandwidth_20,volatility,180,New York,Validation,2024,246,-0.14874193906355523,True
bollinger_bandwidth_20,path_risk,5,New York,Development,2021,152,-0.15656296354388766,True
bollinger_bandwidth_20,path_risk,5,New York,Development,2022,244,-0.13620439205559126,True
bollinger_bandwidth_20,path_risk,5,New York,Development,2023,242,-0.14376930419898556,True
bollinger_bandwidth_20,path_risk,5,New York,Validation,2024,246,-0.13310657547246293,True
bollinger_bandwidth_20,path_risk,15,New York,Development,2021,152,-0.22537267305131845,True
bollinger_bandwidth_20,path_risk,15,New York,Development,2022,244,-0.20582506929628086,True
bollinger_bandwidth_20,path_risk,15,New York,Development,2023,242,-0.20463584137846236,True
bollinger_bandwidth_20,path_risk,15,New York,Validation,2024,246,-0.20447341749380882,True
bollinger_bandwidth_20,path_risk,30,New York,Development,2021,152,-0.29707797002682151,True
bollinger_bandwidth_20,path_risk,30,New York,Development,2022,244,-0.27522206020419981,True
bollinger_bandwidth_20,path_risk,30,New York,Development,2023,242,-0.2821942825884397,True
bollinger_bandwidth_20,path_risk,30,New York,Validation,2024,246,-0.27370824041865938,True
bollinger_bandwidth_20,path_risk,60,New York,Development,2021,152,-0.37897633102649964,True
bollinger_bandwidth_20,path_risk,60,New York,Development,2022,244,-0.35185079328131963,True
bollinger_bandwidth_20,path_risk,60,New York,Development,2023,242,-0.3965976754858393,True
bollinger_bandwidth_20,path_risk,60,New York,Validation,2024,246,-0.37242987280197193,True
bollinger_bandwidth_20,path_risk,120,New York,Development,2021,152,-0.45337263274911482,True
bollinger_bandwidth_20,path_risk,120,New York,Development,2022,244,-0.41749815576433036,True
bollinger_bandwidth_20,path_risk,120,New York,Development,2023,242,-0.5177396351362088,True
bollinger_bandwidth_20,path_risk,120,New York,Validation,2024,246,-0.4600112313718952,True
bollinger_bandwidth_20,path_risk,180,New York,Development,2021,152,-0.49138895083869399,True
bollinger_bandwidth_20,path_risk,180,New York,Development,2022,244,-0.47390598403995993,True
bollinger_bandwidth_20,path_risk,180,New York,Development,2023,242,-0.55367006554974896,True
bollinger_bandwidth_20,path_risk,180,New York,Validation,2024,246,-0.50833772866433047,True
cutler_rsi_14,direction,5,New York,Development,2021,152,-0.054592816999792258,True
cutler_rsi_14,direction,5,New York,Development,2022,244,-0.064899265738040085,True
cutler_rsi_14,direction,5,New York,Development,2023,242,-0.048782235029401405,True
cutler_rsi_14,direction,5,New York,Validation,2024,246,-0.047795787820916466,True
cutler_rsi_14,direction,15,New York,Development,2021,152,-0.069466215894189234,True
cutler_rsi_14,direction,15,New York,Development,2022,244,-0.074462227090595634,True
cutler_rsi_14,direction,15,New York,Development,2023,242,-0.057792304259735396,True
cutler_rsi_14,direction,15,New York,Validation,2024,246,-0.075689768011884359,True
cutler_rsi_14,direction,30,New York,Development,2021,152,-0.09533663064450322,True
cutler_rsi_14,direction,30,New York,Development,2022,244,-0.080376377815349551,True
cutler_rsi_14,direction,30,New York,Development,2023,242,-0.074045102909742685,True
cutler_rsi_14,direction,30,New York,Validation,2024,246,-0.09889738883437689,True
cutler_rsi_14,direction,60,New York,Development,2021,152,-0.13210618392009704,True
cutler_rsi_14,direction,60,New York,Development,2022,244,-0.12520660261916511,True
cutler_rsi_14,direction,60,New York,Development,2023,242,-0.11714123550854397,True
cutler_rsi_14,direction,60,New York,Validation,2024,246,-0.13423684932527249,True
cutler_rsi_14,direction,120,New York,Development,2021,152,-0.18984121639957433,True
cutler_rsi_14,direction,120,New York,Development,2022,244,-0.1876197963891256,True
cutler_rsi_14,direction,120,New York,Development,2023,242,-0.17682614792263984,True
cutler_rsi_14,direction,120,New York,Validation,2024,246,-0.16426360894533348,True
cutler_rsi_14,direction,180,New York,Development,2021,152,-0.2054745918923308,True
cutler_rsi_14,direction,180,New York,Development,2022,244,-0.23081356144463114,True
cutler_rsi_14,direction,180,New York,Development,2023,242,-0.21608413169383467,True
cutler_rsi_14,direction,180,New York,Validation,2024,246,-0.20426157257532487,True
cutler_rsi_14,expansion,5,New York,Development,2021,152,-0.063630564327261219,True
cutler_rsi_14,expansion,5,New York,Development,2022,244,-0.04285268371643966,True
cutler_rsi_14,expansion,5,New York,Development,2023,242,-0.033614752849008077,True
cutler_rsi_14,expansion,5,New York,Validation,2024,246,-0.052666202250728829,True
cutler_rsi_14,expansion,15,New York,Development,2021,152,-0.040832142018463712,True
cutler_rsi_14,expansion,15,New York,Development,2022,244,-0.036441882243586764,True
cutler_rsi_14,expansion,15,New York,Development,2023,242,-0.016681132928977122,True
cutler_rsi_14,expansion,15,New York,Validation,2024,246,-0.049796617197522729,True
cutler_rsi_14,expansion,30,New York,Development,2021,152,-0.01770567056621446,True
cutler_rsi_14,expansion,30,New York,Development,2022,244,-0.026468641900549157,True
cutler_rsi_14,expansion,30,New York,Development,2023,242,0.0022458907866539056,False
cutler_rsi_14,expansion,30,New York,Validation,2024,246,-0.035680581037662057,True
cutler_rsi_14,expansion,60,New York,Development,2021,152,-0.011069649808336537,True
cutler_rsi_14,expansion,60,New York,Development,2022,244,-0.017588880461451704,True
cutler_rsi_14,expansion,60,New York,Development,2023,242,0.0048015428925276297,False
cutler_rsi_14,expansion,60,New York,Validation,2024,246,-0.012528795162747665,True
cutler_rsi_14,expansion,120,New York,Development,2021,152,-0.011301384704639547,True
cutler_rsi_14,expansion,120,New York,Development,2022,244,-0.015667744661765213,True
cutler_rsi_14,expansion,120,New York,Development,2023,242,0.0037014618452370553,False
cutler_rsi_14,expansion,120,New York,Validation,2024,246,-0.0056758887116698728,True
cutler_rsi_14,expansion,180,New York,Development,2021,152,0.0011174360784367953,False
cutler_rsi_14,expansion,180,New York,Development,2022,244,-0.017409112116537874,True
cutler_rsi_14,expansion,180,New York,Development,2023,242,-0.0014049804141450142,True
cutler_rsi_14,expansion,180,New York,Validation,2024,246,-0.0052073515654721438,True
cutler_rsi_14,volatility,5,New York,Development,2021,152,-0.0907408711974029,True
cutler_rsi_14,volatility,5,New York,Development,2022,244,-0.038630693962169164,True
cutler_rsi_14,volatility,5,New York,Development,2023,242,-0.037875610516227558,True
cutler_rsi_14,volatility,5,New York,Validation,2024,246,-0.059851602890862214,True
cutler_rsi_14,volatility,15,New York,Development,2021,152,-0.083061119384495619,True
cutler_rsi_14,volatility,15,New York,Development,2022,244,-0.050054714945669807,True
cutler_rsi_14,volatility,15,New York,Development,2023,242,-0.027523555766381054,True
cutler_rsi_14,volatility,15,New York,Validation,2024,246,-0.058359309751088884,True
cutler_rsi_14,volatility,30,New York,Development,2021,152,-0.077385470764779404,True
cutler_rsi_14,volatility,30,New York,Development,2022,244,-0.048501119355842941,True
cutler_rsi_14,volatility,30,New York,Development,2023,242,-0.018217667039189669,True
cutler_rsi_14,volatility,30,New York,Validation,2024,246,-0.040340167837284155,True
cutler_rsi_14,volatility,60,New York,Development,2021,152,-0.067767863497229505,True
cutler_rsi_14,volatility,60,New York,Development,2022,244,-0.033225706695900595,True
cutler_rsi_14,volatility,60,New York,Development,2023,242,-0.013750602233531778,True
cutler_rsi_14,volatility,60,New York,Validation,2024,246,-0.020936209850735243,True
cutler_rsi_14,volatility,120,New York,Development,2021,152,-0.046619144699501326,True
cutler_rsi_14,volatility,120,New York,Development,2022,244,-0.013777031243889709,True
cutler_rsi_14,volatility,120,New York,Development,2023,242,-0.00043106817777470175,True
cutler_rsi_14,volatility,120,New York,Validation,2024,246,-0.011687223629699529,True
cutler_rsi_14,volatility,180,New York,Development,2021,152,-0.012501324123347484,True
cutler_rsi_14,volatility,180,New York,Development,2022,244,-0.0097614498674994735,True
cutler_rsi_14,volatility,180,New York,Development,2023,242,-0.0037847182055222419,True
cutler_rsi_14,volatility,180,New York,Validation,2024,246,0.00013699503688632705,True
cutler_rsi_14,path_risk,5,New York,Development,2021,152,-0.052079222768410989,True
cutler_rsi_14,path_risk,5,New York,Development,2022,244,-0.039183678746178729,True
cutler_rsi_14,path_risk,5,New York,Development,2023,242,-0.02861286652517335,True
cutler_rsi_14,path_risk,5,New York,Validation,2024,246,-0.044567618872567966,True
cutler_rsi_14,path_risk,15,New York,Development,2021,152,-0.035649066494144781,True
cutler_rsi_14,path_risk,15,New York,Development,2022,244,-0.028348441830926181,True
cutler_rsi_14,path_risk,15,New York,Development,2023,242,-0.014915711654875961,True
cutler_rsi_14,path_risk,15,New York,Validation,2024,246,-0.039257975821678726,True
cutler_rsi_14,path_risk,30,New York,Development,2021,152,-0.020668860260089676,True
cutler_rsi_14,path_risk,30,New York,Development,2022,244,-0.015168690112953583,True
cutler_rsi_14,path_risk,30,New York,Development,2023,242,0.0044357207186308759,False
cutler_rsi_14,path_risk,30,New York,Validation,2024,246,-0.028821768473874125,True
cutler_rsi_14,path_risk,60,New York,Development,2021,152,-0.0071487961829343645,False
cutler_rsi_14,path_risk,60,New York,Development,2022,244,-0.0062069186229713772,False
cutler_rsi_14,path_risk,60,New York,Development,2023,242,0.014380858263391159,True
cutler_rsi_14,path_risk,60,New York,Validation,2024,246,-0.012225740800250583,True
cutler_rsi_14,path_risk,120,New York,Development,2021,152,-0.0051670383990383593,False
cutler_rsi_14,path_risk,120,New York,Development,2022,244,-0.0060677073012183023,False
cutler_rsi_14,path_risk,120,New York,Development,2023,242,0.015404752023170602,True
cutler_rsi_14,path_risk,120,New York,Validation,2024,246,-0.0070294261897956758,True
cutler_rsi_14,path_risk,180,New York,Development,2021,152,0.010571876968201383,True
cutler_rsi_14,path_risk,180,New York,Development,2022,244,-0.0051717444123702116,False
cutler_rsi_14,path_risk,180,New York,Development,2023,242,0.010223161991721201,True
cutler_rsi_14,path_risk,180,New York,Validation,2024,246,-0.0026926456507288285,True
chaikin_money_flow_20,direction,5,New York,Development,2021,152,-0.032070155786466159,True
chaikin_money_flow_20,direction,5,New York,Development,2022,244,-0.052315303171882613,True
chaikin_money_flow_20,direction,5,New York,Development,2023,242,-0.036716430579127574,True
chaikin_money_flow_20,direction,5,New York,Validation,2024,246,-0.034146174149188517,True
chaikin_money_flow_20,direction,15,New York,Development,2021,152,-0.031163352373990347,True
chaikin_money_flow_20,direction,15,New York,Development,2022,244,-0.047120935548292983,True
chaikin_money_flow_20,direction,15,New York,Development,2023,242,-0.040598399591756811,True
chaikin_money_flow_20,direction,15,New York,Validation,2024,246,-0.045424249703368384,True
chaikin_money_flow_20,direction,30,New York,Development,2021,152,-0.052352989293643827,True
chaikin_money_flow_20,direction,30,New York,Development,2022,244,-0.035749588063398022,True
chaikin_money_flow_20,direction,30,New York,Development,2023,242,-0.044586718128773913,True
chaikin_money_flow_20,direction,30,New York,Validation,2024,246,-0.062313009301895421,True
chaikin_money_flow_20,direction,60,New York,Development,2021,152,-0.078465066602373804,True
chaikin_money_flow_20,direction,60,New York,Development,2022,244,-0.079303546773664094,True
chaikin_money_flow_20,direction,60,New York,Development,2023,242,-0.06957094104483208,True
chaikin_money_flow_20,direction,60,New York,Validation,2024,246,-0.086239063524722756,True
chaikin_money_flow_20,direction,120,New York,Development,2021,152,-0.11413520996448187,True
chaikin_money_flow_20,direction,120,New York,Development,2022,244,-0.11030817255216896,True
chaikin_money_flow_20,direction,120,New York,Development,2023,242,-0.10800675707130714,True
chaikin_money_flow_20,direction,120,New York,Validation,2024,246,-0.10812859362617634,True
chaikin_money_flow_20,direction,180,New York,Development,2021,152,-0.12612240068913488,True
chaikin_money_flow_20,direction,180,New York,Development,2022,244,-0.13417848181436001,True
chaikin_money_flow_20,direction,180,New York,Development,2023,242,-0.13110767889251218,True
chaikin_money_flow_20,direction,180,New York,Validation,2024,246,-0.13936140614962864,True
chaikin_money_flow_20,expansion,5,New York,Development,2021,152,-0.030171574442734616,True
chaikin_money_flow_20,expansion,5,New York,Development,2022,244,-0.033075367430589926,True
chaikin_money_flow_20,expansion,5,New York,Development,2023,242,-0.0088505106934019633,True
chaikin_money_flow_20,expansion,5,New York,Validation,2024,246,-0.024793676703371088,True
chaikin_money_flow_20,expansion,15,New York,Development,2021,152,-0.015156572468898779,True
chaikin_money_flow_20,expansion,15,New York,Development,2022,244,-0.025736864518013415,True
chaikin_money_flow_20,expansion,15,New York,Development,2023,242,0.010696966920522785,False
chaikin_money_flow_20,expansion,15,New York,Validation,2024,246,-0.015569003878011215,True
chaikin_money_flow_20,expansion,30,New York,Development,2021,152,-0.01697358823639904,False
chaikin_money_flow_20,expansion,30,New York,Development,2022,244,-0.011180752131849278,False
chaikin_money_flow_20,expansion,30,New York,Development,2023,242,0.027685330073794007,True
chaikin_money_flow_20,expansion,30,New York,Validation,2024,246,0.0039873724837206186,True
chaikin_money_flow_20,expansion,60,New York,Development,2021,152,-0.018283833590596037,True
chaikin_money_flow_20,expansion,60,New York,Development,2022,244,-0.016267253890137064,True
chaikin_money_flow_20,expansion,60,New York,Development,2023,242,0.025436539111127365,False
chaikin_money_flow_20,expansion,60,New York,Validation,2024,246,0.0051202789848767407,True
chaikin_money_flow_20,expansion,120,New York,Development,2021,152,-0.015398646498982619,True
chaikin_money_flow_20,expansion,120,New York,Development,2022,244,-0.012634429041467938,True
chaikin_money_flow_20,expansion,120,New York,Development,2023,242,0.016816100127416078,False
chaikin_money_flow_20,expansion,120,New York,Validation,2024,246,0.0077923744738757844,True
chaikin_money_flow_20,expansion,180,New York,Development,2021,152,-0.0066879226214208486,False
chaikin_money_flow_20,expansion,180,New York,Development,2022,244,-0.00053644525840333256,False
chaikin_money_flow_20,expansion,180,New York,Development,2023,242,0.005707549755953974,True
chaikin_money_flow_20,expansion,180,New York,Validation,2024,246,0.013128770825135829,True
chaikin_money_flow_20,volatility,5,New York,Development,2021,152,-0.025075348807939556,True
chaikin_money_flow_20,volatility,5,New York,Development,2022,244,-0.033142836624640945,True
chaikin_money_flow_20,volatility,5,New York,Development,2023,242,-0.018243121446539057,True
chaikin_money_flow_20,volatility,5,New York,Validation,2024,246,-0.041857190108859445,True
chaikin_money_flow_20,volatility,15,New York,Development,2021,152,-0.017141054047450009,True
chaikin_money_flow_20,volatility,15,New York,Development,2022,244,-0.042476493863757459,True
chaikin_money_flow_20,volatility,15,New York,Development,2023,242,-0.00067634810944715491,True
chaikin_money_flow_20,volatility,15,New York,Validation,2024,246,-0.035898064265424051,True
chaikin_money_flow_20,volatility,30,New York,Development,2021,152,-0.014224844389394069,True
chaikin_money_flow_20,volatility,30,New York,Development,2022,244,-0.03817571892718382,True
chaikin_money_flow_20,volatility,30,New York,Development,2023,242,0.0069018975734927599,False
chaikin_money_flow_20,volatility,30,New York,Validation,2024,246,-0.023142294509538936,True
chaikin_money_flow_20,volatility,60,New York,Development,2021,152,-0.024623507028404445,True
chaikin_money_flow_20,volatility,60,New York,Development,2022,244,-0.031732092397200817,True
chaikin_money_flow_20,volatility,60,New York,Development,2023,242,0.011422829167825107,False
chaikin_money_flow_20,volatility,60,New York,Validation,2024,246,-0.013335102631773153,True
chaikin_money_flow_20,volatility,120,New York,Development,2021,152,-0.026912861315123205,True
chaikin_money_flow_20,volatility,120,New York,Development,2022,244,-0.013039833256752915,True
chaikin_money_flow_20,volatility,120,New York,Development,2023,242,0.029007438544262146,False
chaikin_money_flow_20,volatility,120,New York,Validation,2024,246,-0.0068220995703773659,True
chaikin_money_flow_20,volatility,180,New York,Development,2021,152,-0.0057161508716911469,False
chaikin_money_flow_20,volatility,180,New York,Development,2022,244,-0.0033896238554991516,False
chaikin_money_flow_20,volatility,180,New York,Development,2023,242,0.018427007488748176,True
chaikin_money_flow_20,volatility,180,New York,Validation,2024,246,0.0032180682819869925,True
chaikin_money_flow_20,path_risk,5,New York,Development,2021,152,-0.020301610790222035,True
chaikin_money_flow_20,path_risk,5,New York,Development,2022,244,-0.029851283342404382,True
chaikin_money_flow_20,path_risk,5,New York,Development,2023,242,-0.0071002552812712014,True
chaikin_money_flow_20,path_risk,5,New York,Validation,2024,246,-0.024495210215044659,True
chaikin_money_flow_20,path_risk,15,New York,Development,2021,152,-0.011208969548221618,True
chaikin_money_flow_20,path_risk,15,New York,Development,2022,244,-0.017395205780129,True
chaikin_money_flow_20,path_risk,15,New York,Development,2023,242,0.013013231088942079,False
chaikin_money_flow_20,path_risk,15,New York,Validation,2024,246,-0.01575079374064842,True
chaikin_money_flow_20,path_risk,30,New York,Development,2021,152,-0.017940184113277767,False
chaikin_money_flow_20,path_risk,30,New York,Development,2022,244,-0.00025242724715240277,False
chaikin_money_flow_20,path_risk,30,New York,Development,2023,242,0.027412133337436365,True
chaikin_money_flow_20,path_risk,30,New York,Validation,2024,246,0.0023673442313867725,True
chaikin_money_flow_20,path_risk,60,New York,Development,2021,152,-0.013607960745103514,False
chaikin_money_flow_20,path_risk,60,New York,Development,2022,244,-0.0096833906270366397,False
chaikin_money_flow_20,path_risk,60,New York,Development,2023,242,0.03174373938701739,True
chaikin_money_flow_20,path_risk,60,New York,Validation,2024,246,0.0046275424948951397,True
chaikin_money_flow_20,path_risk,120,New York,Development,2021,152,-0.011590557320442819,False
chaikin_money_flow_20,path_risk,120,New York,Development,2022,244,-0.013558330850519513,False
chaikin_money_flow_20,path_risk,120,New York,Development,2023,242,0.021126801240308895,True
chaikin_money_flow_20,path_risk,120,New York,Validation,2024,246,0.0064990954183926902,True
chaikin_money_flow_20,path_risk,180,New York,Development,2021,152,-0.0032205720251373168,False
chaikin_money_flow_20,path_risk,180,New York,Development,2022,244,-0.002329880353909462,False
chaikin_money_flow_20,path_risk,180,New York,Development,2023,242,0.010300403200232549,True
chaikin_money_flow_20,path_risk,180,New York,Validation,2024,246,0.016608779728085738,True
amihud_illiquidity_60,direction,5,New York,Development,2021,152,0.012871521892139351,True
amihud_illiquidity_60,direction,5,New York,Development,2022,244,0.0018045284937599944,True
amihud_illiquidity_60,direction,5,New York,Development,2023,242,-0.0064719401074123176,False
amihud_illiquidity_60,direction,5,New York,Validation,2024,246,0.0087456577407633001,True
amihud_illiquidity_60,direction,15,New York,Development,2021,152,0.016163800844479815,True
amihud_illiquidity_60,direction,15,New York,Development,2022,244,0.01548045446965543,True
amihud_illiquidity_60,direction,15,New York,Development,2023,242,-0.0058043520599910525,False
amihud_illiquidity_60,direction,15,New York,Validation,2024,246,0.014582141979444607,True
amihud_illiquidity_60,direction,30,New York,Development,2021,152,0.016313563370187873,True
amihud_illiquidity_60,direction,30,New York,Development,2022,244,0.025392010468373187,True
amihud_illiquidity_60,direction,30,New York,Development,2023,242,-0.0018849020642616704,False
amihud_illiquidity_60,direction,30,New York,Validation,2024,246,0.025807831938318704,True
amihud_illiquidity_60,direction,60,New York,Development,2021,152,0.015746973197241294,True
amihud_illiquidity_60,direction,60,New York,Development,2022,244,0.045899927528106559,True
amihud_illiquidity_60,direction,60,New York,Development,2023,242,-0.0064314019273979334,False
amihud_illiquidity_60,direction,60,New York,Validation,2024,246,0.051709223109772183,True
amihud_illiquidity_60,direction,120,New York,Development,2021,152,0.0078594294682585442,True
amihud_illiquidity_60,direction,120,New York,Development,2022,244,0.056866510611944379,True
amihud_illiquidity_60,direction,120,New York,Development,2023,242,-0.0085450363687445269,False
amihud_illiquidity_60,direction,120,New York,Validation,2024,246,0.047690309121361033,True
amihud_illiquidity_60,direction,180,New York,Development,2021,152,-0.016219111412471666,True
amihud_illiquidity_60,direction,180,New York,Development,2022,244,0.028412982160248325,False
amihud_illiquidity_60,direction,180,New York,Development,2023,242,-0.037869791335682863,True
amihud_illiquidity_60,direction,180,New York,Validation,2024,246,0.046107247406912244,True
amihud_illiquidity_60,expansion,5,New York,Development,2021,152,0.17192680512258965,True
amihud_illiquidity_60,expansion,5,New York,Development,2022,244,0.12469370605955379,True
amihud_illiquidity_60,expansion,5,New York,Development,2023,242,0.14702935571132486,True
amihud_illiquidity_60,expansion,5,New York,Validation,2024,246,0.13768589610964879,True
amihud_illiquidity_60,expansion,15,New York,Development,2021,152,0.2571769050137141,True
amihud_illiquidity_60,expansion,15,New York,Development,2022,244,0.19974649926625437,True
amihud_illiquidity_60,expansion,15,New York,Development,2023,242,0.20764035484233986,True
amihud_illiquidity_60,expansion,15,New York,Validation,2024,246,0.20495132592472434,True
amihud_illiquidity_60,expansion,30,New York,Development,2021,152,0.33988971280109553,True
amihud_illiquidity_60,expansion,30,New York,Development,2022,244,0.27981488936268373,True
amihud_illiquidity_60,expansion,30,New York,Development,2023,242,0.28457132044776018,True
amihud_illiquidity_60,expansion,30,New York,Validation,2024,246,0.2908706965237825,True
amihud_illiquidity_60,expansion,60,New York,Development,2021,152,0.48755926993361842,True
amihud_illiquidity_60,expansion,60,New York,Development,2022,244,0.40982880397469834,True
amihud_illiquidity_60,expansion,60,New York,Development,2023,242,0.42991900134964484,True
amihud_illiquidity_60,expansion,60,New York,Validation,2024,246,0.41462839922086236,True
amihud_illiquidity_60,expansion,120,New York,Development,2021,152,0.59907552719155732,True
amihud_illiquidity_60,expansion,120,New York,Development,2022,244,0.53849567880500504,True
amihud_illiquidity_60,expansion,120,New York,Development,2023,242,0.60748295865446411,True
amihud_illiquidity_60,expansion,120,New York,Validation,2024,246,0.56648918668241499,True
amihud_illiquidity_60,expansion,180,New York,Development,2021,152,0.63628765674841115,True
amihud_illiquidity_60,expansion,180,New York,Development,2022,244,0.58369154681818647,True
amihud_illiquidity_60,expansion,180,New York,Development,2023,242,0.64709145109111055,True
amihud_illiquidity_60,expansion,180,New York,Validation,2024,246,0.62512693302088762,True
amihud_illiquidity_60,volatility,5,New York,Development,2021,152,-0.28076419739468078,True
amihud_illiquidity_60,volatility,5,New York,Development,2022,244,-0.24234209518467759,True
amihud_illiquidity_60,volatility,5,New York,Development,2023,242,-0.39129012279794551,True
amihud_illiquidity_60,volatility,5,New York,Validation,2024,246,-0.39074474047702368,True
amihud_illiquidity_60,volatility,15,New York,Development,2021,152,-0.27540772123578644,True
amihud_illiquidity_60,volatility,15,New York,Development,2022,244,-0.24299562103909358,True
amihud_illiquidity_60,volatility,15,New York,Development,2023,242,-0.40919814706596053,True
amihud_illiquidity_60,volatility,15,New York,Validation,2024,246,-0.42639472827437058,True
amihud_illiquidity_60,volatility,30,New York,Development,2021,152,-0.19005555059116055,True
amihud_illiquidity_60,volatility,30,New York,Development,2022,244,-0.15672294630564354,True
amihud_illiquidity_60,volatility,30,New York,Development,2023,242,-0.33471324902993266,True
amihud_illiquidity_60,volatility,30,New York,Validation,2024,246,-0.37311712172381262,True
amihud_illiquidity_60,volatility,60,New York,Development,2021,152,0.029746095892195006,False
amihud_illiquidity_60,volatility,60,New York,Development,2022,244,0.05673993578286559,False
amihud_illiquidity_60,volatility,60,New York,Development,2023,242,-0.11758295742070904,True
amihud_illiquidity_60,volatility,60,New York,Validation,2024,246,-0.20105151098958399,True
amihud_illiquidity_60,volatility,120,New York,Development,2021,152,0.36662166067533125,True
amihud_illiquidity_60,volatility,120,New York,Development,2022,244,0.37047563231298597,True
amihud_illiquidity_60,volatility,120,New York,Development,2023,242,0.26127928527416217,True
amihud_illiquidity_60,volatility,120,New York,Validation,2024,246,0.13367117582634522,True
amihud_illiquidity_60,volatility,180,New York,Development,2021,152,0.55067522176692274,True
amihud_illiquidity_60,volatility,180,New York,Development,2022,244,0.55729065460210392,True
amihud_illiquidity_60,volatility,180,New York,Development,2023,242,0.47965048598063809,True
amihud_illiquidity_60,volatility,180,New York,Validation,2024,246,0.38388561142993322,True
amihud_illiquidity_60,path_risk,5,New York,Development,2021,152,0.15576561045276899,True
amihud_illiquidity_60,path_risk,5,New York,Development,2022,244,0.10463323853497072,True
amihud_illiquidity_60,path_risk,5,New York,Development,2023,242,0.12421372415695763,True
amihud_illiquidity_60,path_risk,5,New York,Validation,2024,246,0.1171532026024943,True
amihud_illiquidity_60,path_risk,15,New York,Development,2021,152,0.22729426206429601,True
amihud_illiquidity_60,path_risk,15,New York,Development,2022,244,0.16781983055030869,True
amihud_illiquidity_60,path_risk,15,New York,Development,2023,242,0.17358623336893333,True
amihud_illiquidity_60,path_risk,15,New York,Validation,2024,246,0.17258617207271121,True
amihud_illiquidity_60,path_risk,30,New York,Development,2021,152,0.30466351107468398,True
amihud_illiquidity_60,path_risk,30,New York,Development,2022,244,0.24089277108373311,True
amihud_illiquidity_60,path_risk,30,New York,Development,2023,242,0.24412771732324204,True
amihud_illiquidity_60,path_risk,30,New York,Validation,2024,246,0.25531021794570891,True
amihud_illiquidity_60,path_risk,60,New York,Development,2021,152,0.43040389691165576,True
amihud_illiquidity_60,path_risk,60,New York,Development,2022,244,0.3617303174069692,True
amihud_illiquidity_60,path_risk,60,New York,Development,2023,242,0.38713244041359934,True
amihud_illiquidity_60,path_risk,60,New York,Validation,2024,246,0.37152458669979899,True
amihud_illiquidity_60,path_risk,120,New York,Development,2021,152,0.54905871110546522,True
amihud_illiquidity_60,path_risk,120,New York,Development,2022,244,0.4809601043913167,True
amihud_illiquidity_60,path_risk,120,New York,Development,2023,242,0.5708093194200804,True
amihud_illiquidity_60,path_risk,120,New York,Validation,2024,246,0.51389006023048933,True
amihud_illiquidity_60,path_risk,180,New York,Development,2021,152,0.58640747826892681,True
amihud_illiquidity_60,path_risk,180,New York,Development,2022,244,0.53531129567825297,True
amihud_illiquidity_60,path_risk,180,New York,Development,2023,242,0.61261135918537568,True
amihud_illiquidity_60,path_risk,180,New York,Validation,2024,246,0.57404063315372533,True
parkinson_volatility_30,direction,5,New York,Development,2021,152,0.00022695276429452417,True
parkinson_volatility_30,direction,5,New York,Development,2022,244,0.0035097378224856883,True
parkinson_volatility_30,direction,5,New York,Development,2023,242,0.0072574592933492563,True
parkinson_volatility_30,direction,5,New York,Validation,2024,246,0.016853295736901912,True
parkinson_volatility_30,direction,15,New York,Development,2021,152,0.0025805364622616409,True
parkinson_volatility_30,direction,15,New York,Development,2022,244,-0.0051330281595779051,False
parkinson_volatility_30,direction,15,New York,Development,2023,242,0.011737226749030064,True
parkinson_volatility_30,direction,15,New York,Validation,2024,246,0.018491464944131706,True
parkinson_volatility_30,direction,30,New York,Development,2021,152,0.0041247288536817471,True
parkinson_volatility_30,direction,30,New York,Development,2022,244,-0.0078446095509197445,False
parkinson_volatility_30,direction,30,New York,Development,2023,242,0.011879232318430549,True
parkinson_volatility_30,direction,30,New York,Validation,2024,246,0.0120350816711158,True
parkinson_volatility_30,direction,60,New York,Development,2021,152,0.020514166937085326,True
parkinson_volatility_30,direction,60,New York,Development,2022,244,-0.017564568286872518,False
parkinson_volatility_30,direction,60,New York,Development,2023,242,0.021525481904250434,True
parkinson_volatility_30,direction,60,New York,Validation,2024,246,-0.012239786698842901,True
parkinson_volatility_30,direction,120,New York,Development,2021,152,0.052542474836551036,True
parkinson_volatility_30,direction,120,New York,Development,2022,244,-0.0054448024529621447,False
parkinson_volatility_30,direction,120,New York,Development,2023,242,0.026402165875522118,True
parkinson_volatility_30,direction,120,New York,Validation,2024,246,0.0052611232122059372,True
parkinson_volatility_30,direction,180,New York,Development,2021,152,0.090541118724445924,True
parkinson_volatility_30,direction,180,New York,Development,2022,244,0.0061053359522382621,True
parkinson_volatility_30,direction,180,New York,Development,2023,242,0.064885637815101274,True
parkinson_volatility_30,direction,180,New York,Validation,2024,246,0.013440612742110676,True
parkinson_volatility_30,expansion,5,New York,Development,2021,152,-0.2407710429897652,True
parkinson_volatility_30,expansion,5,New York,Development,2022,244,-0.22365436675860589,True
parkinson_volatility_30,expansion,5,New York,Development,2023,242,-0.24614100099987096,True
parkinson_volatility_30,expansion,5,New York,Validation,2024,246,-0.22655760954987458,True
parkinson_volatility_30,expansion,15,New York,Development,2021,152,-0.34448241686943204,True
parkinson_volatility_30,expansion,15,New York,Development,2022,244,-0.3063692743743322,True
parkinson_volatility_30,expansion,15,New York,Development,2023,242,-0.32426086728121833,True
parkinson_volatility_30,expansion,15,New York,Validation,2024,246,-0.30976404737244362,True
parkinson_volatility_30,expansion,30,New York,Development,2021,152,-0.42346468005073407,True
parkinson_volatility_30,expansion,30,New York,Development,2022,244,-0.39202194932824225,True
parkinson_volatility_30,expansion,30,New York,Development,2023,242,-0.41222979339205473,True
parkinson_volatility_30,expansion,30,New York,Validation,2024,246,-0.40539276876141511,True
parkinson_volatility_30,expansion,60,New York,Development,2021,152,-0.504354101692287,True
parkinson_volatility_30,expansion,60,New York,Development,2022,244,-0.50317533984469309,True
parkinson_volatility_30,expansion,60,New York,Development,2023,242,-0.52584685716548751,True
parkinson_volatility_30,expansion,60,New York,Validation,2024,246,-0.5267789823412744,True
parkinson_volatility_30,expansion,120,New York,Development,2021,152,-0.61730065679900203,True
parkinson_volatility_30,expansion,120,New York,Development,2022,244,-0.6141349503616178,True
parkinson_volatility_30,expansion,120,New York,Development,2023,242,-0.6860765107795519,True
parkinson_volatility_30,expansion,120,New York,Validation,2024,246,-0.67115469164221064,True
parkinson_volatility_30,expansion,180,New York,Development,2021,152,-0.69009261661913912,True
parkinson_volatility_30,expansion,180,New York,Development,2022,244,-0.69525907850171609,True
parkinson_volatility_30,expansion,180,New York,Development,2023,242,-0.74863384418317624,True
parkinson_volatility_30,expansion,180,New York,Validation,2024,246,-0.74192209618636673,True
parkinson_volatility_30,volatility,5,New York,Development,2021,152,0.476740873406518,True
parkinson_volatility_30,volatility,5,New York,Development,2022,244,0.39550738106290667,True
parkinson_volatility_30,volatility,5,New York,Development,2023,242,0.50522927413285601,True
parkinson_volatility_30,volatility,5,New York,Validation,2024,246,0.48686784047365111,True
parkinson_volatility_30,volatility,15,New York,Development,2021,152,0.52738616142189343,True
parkinson_volatility_30,volatility,15,New York,Development,2022,244,0.44645040780381118,True
parkinson_volatility_30,volatility,15,New York,Development,2023,242,0.54270767537820352,True
parkinson_volatility_30,volatility,15,New York,Validation,2024,246,0.54798045534924678,True
parkinson_volatility_30,volatility,30,New York,Development,2021,152,0.47198243115313648,True
parkinson_volatility_30,volatility,30,New York,Development,2022,244,0.39093663133847739,True
parkinson_volatility_30,volatility,30,New York,Development,2023,242,0.46240345606111655,True
parkinson_volatility_30,volatility,30,New York,Validation,2024,246,0.49038579253559139,True
parkinson_volatility_30,volatility,60,New York,Development,2021,152,0.31277002594512077,True
parkinson_volatility_30,volatility,60,New York,Development,2022,244,0.23732773078957412,True
parkinson_volatility_30,volatility,60,New York,Development,2023,242,0.28410916835716477,True
parkinson_volatility_30,volatility,60,New York,Validation,2024,246,0.32257516331963021,True
parkinson_volatility_30,volatility,120,New York,Development,2021,152,0.031113948809631243,False
parkinson_volatility_30,volatility,120,New York,Development,2022,244,0.005651208663421667,False
parkinson_volatility_30,volatility,120,New York,Development,2023,242,-0.025654927674326752,True
parkinson_volatility_30,volatility,120,New York,Validation,2024,246,0.019565764805171068,True
parkinson_volatility_30,volatility,180,New York,Development,2021,152,-0.20517880472281974,True
parkinson_volatility_30,volatility,180,New York,Development,2022,244,-0.21435107924551441,True
parkinson_volatility_30,volatility,180,New York,Development,2023,242,-0.27451462128796938,True
parkinson_volatility_30,volatility,180,New York,Validation,2024,246,-0.25055717878022671,True
parkinson_volatility_30,path_risk,5,New York,Development,2021,152,-0.21973503765792507,True
parkinson_volatility_30,path_risk,5,New York,Development,2022,244,-0.19345417475397542,True
parkinson_volatility_30,path_risk,5,New York,Development,2023,242,-0.21286136514168918,True
parkinson_volatility_30,path_risk,5,New York,Validation,2024,246,-0.19461108510117084,True
parkinson_volatility_30,path_risk,15,New York,Development,2021,152,-0.29908813984025701,True
parkinson_volatility_30,path_risk,15,New York,Development,2022,244,-0.25607853733270669,True
parkinson_volatility_30,path_risk,15,New York,Development,2023,242,-0.26634253032849381,True
parkinson_volatility_30,path_risk,15,New York,Validation,2024,246,-0.25752910605464413,True
parkinson_volatility_30,path_risk,30,New York,Development,2021,152,-0.37018002824090263,True
parkinson_volatility_30,path_risk,30,New York,Development,2022,244,-0.33545991098581607,True
parkinson_volatility_30,path_risk,30,New York,Development,2023,242,-0.34278303416515427,True
parkinson_volatility_30,path_risk,30,New York,Validation,2024,246,-0.34395851098755609,True
parkinson_volatility_30,path_risk,60,New York,Development,2021,152,-0.44789153210754323,True
parkinson_volatility_30,path_risk,60,New York,Development,2022,244,-0.44560988408767577,True
parkinson_volatility_30,path_risk,60,New York,Development,2023,242,-0.46010842703913102,True
parkinson_volatility_30,path_risk,60,New York,Validation,2024,246,-0.45940042241798135,True
parkinson_volatility_30,path_risk,120,New York,Development,2021,152,-0.56107550630133229,True
parkinson_volatility_30,path_risk,120,New York,Development,2022,244,-0.54986129880572487,True
parkinson_volatility_30,path_risk,120,New York,Development,2023,242,-0.62970648914353933,True
parkinson_volatility_30,path_risk,120,New York,Validation,2024,246,-0.59743303317317831,True
parkinson_volatility_30,path_risk,180,New York,Development,2021,152,-0.63877434702211811,True
parkinson_volatility_30,path_risk,180,New York,Development,2022,244,-0.6335309093914413,True
parkinson_volatility_30,path_risk,180,New York,Development,2023,242,-0.69124835281166142,True
parkinson_volatility_30,path_risk,180,New York,Validation,2024,246,-0.67106470563386389,True
rogers_satchell_volatility_30,direction,5,New York,Development,2021,152,-0.0040226938995057389,False
rogers_satchell_volatility_30,direction,5,New York,Development,2022,244,0.0042116716439990938,True
rogers_satchell_volatility_30,direction,5,New York,Development,2023,242,0.0074189856037909802,True
rogers_satchell_volatility_30,direction,5,New York,Validation,2024,246,0.01731757273298298,True
rogers_satchell_volatility_30,direction,15,New York,Development,2021,152,-0.00069779376627928519,False
rogers_satchell_volatility_30,direction,15,New York,Development,2022,244,-0.0061111603701119047,False
rogers_satchell_volatility_30,direction,15,New York,Development,2023,242,0.013843067389637132,True
rogers_satchell_volatility_30,direction,15,New York,Validation,2024,246,0.018257679060660156,True
rogers_satchell_volatility_30,direction,30,New York,Development,2021,152,0.0010062589239633098,True
rogers_satchell_volatility_30,direction,30,New York,Development,2022,244,-0.0089055272869308019,False
rogers_satchell_volatility_30,direction,30,New York,Development,2023,242,0.015319324047551536,True
rogers_satchell_volatility_30,direction,30,New York,Validation,2024,246,0.0094318947024507223,True
rogers_satchell_volatility_30,direction,60,New York,Development,2021,152,0.011213319022756107,True
rogers_satchell_volatility_30,direction,60,New York,Development,2022,244,-0.021834059115759533,False
rogers_satchell_volatility_30,direction,60,New York,Development,2023,242,0.026239251421462242,True
rogers_satchell_volatility_30,direction,60,New York,Validation,2024,246,-0.016817287298210443,True
rogers_satchell_volatility_30,direction,120,New York,Development,2021,152,0.050472955672709117,True
rogers_satchell_volatility_30,direction,120,New York,Development,2022,244,-0.0041729005479238454,False
rogers_satchell_volatility_30,direction,120,New York,Development,2023,242,0.031263747349066513,True
rogers_satchell_volatility_30,direction,120,New York,Validation,2024,246,-0.00090617558635571111,True
rogers_satchell_volatility_30,direction,180,New York,Development,2021,152,0.087003988260402523,True
rogers_satchell_volatility_30,direction,180,New York,Development,2022,244,0.0071818107699361559,True
rogers_satchell_volatility_30,direction,180,New York,Development,2023,242,0.066845662605873976,True
rogers_satchell_volatility_30,direction,180,New York,Validation,2024,246,0.0071701671936070296,True
rogers_satchell_volatility_30,expansion,5,New York,Development,2021,152,-0.23049534042696168,True
rogers_satchell_volatility_30,expansion,5,New York,Development,2022,244,-0.21052741673735964,True
rogers_satchell_volatility_30,expansion,5,New York,Development,2023,242,-0.23109687006999236,True
rogers_satchell_volatility_30,expansion,5,New York,Validation,2024,246,-0.21068845677179496,True
rogers_satchell_volatility_30,expansion,15,New York,Development,2021,152,-0.33023988832798357,True
rogers_satchell_volatility_30,expansion,15,New York,Development,2022,244,-0.28899963584106864,True
rogers_satchell_volatility_30,expansion,15,New York,Development,2023,242,-0.31013751560795666,True
rogers_satchell_volatility_30,expansion,15,New York,Validation,2024,246,-0.29087965320503828,True
rogers_satchell_volatility_30,expansion,30,New York,Development,2021,152,-0.40412826930289547,True
rogers_satchell_volatility_30,expansion,30,New York,Development,2022,244,-0.37039218681051861,True
rogers_satchell_volatility_30,expansion,30,New York,Development,2023,242,-0.39620439684087588,True
rogers_satchell_volatility_30,expansion,30,New York,Validation,2024,246,-0.38509844989824077,True
rogers_satchell_volatility_30,expansion,60,New York,Development,2021,152,-0.48488048991446253,True
rogers_satchell_volatility_30,expansion,60,New York,Development,2022,244,-0.47804555415525618,True
rogers_satchell_volatility_30,expansion,60,New York,Development,2023,242,-0.50956194560267598,True
rogers_satchell_volatility_30,expansion,60,New York,Validation,2024,246,-0.50284988599804981,True
rogers_satchell_volatility_30,expansion,120,New York,Development,2021,152,-0.59800236975731647,True
rogers_satchell_volatility_30,expansion,120,New York,Development,2022,244,-0.58632689389323134,True
rogers_satchell_volatility_30,expansion,120,New York,Development,2023,242,-0.67169769972497517,True
rogers_satchell_volatility_30,expansion,120,New York,Validation,2024,246,-0.65246009178465014,True
rogers_satchell_volatility_30,expansion,180,New York,Development,2021,152,-0.67411260985810684,True
rogers_satchell_volatility_30,expansion,180,New York,Development,2022,244,-0.6639927786599179,True
rogers_satchell_volatility_30,expansion,180,New York,Development,2023,242,-0.73765570457140484,True
rogers_satchell_volatility_30,expansion,180,New York,Validation,2024,246,-0.72165984331678634,True
rogers_satchell_volatility_30,volatility,5,New York,Development,2021,152,0.48095473202771177,True
rogers_satchell_volatility_30,volatility,5,New York,Development,2022,244,0.39976849855198981,True
rogers_satchell_volatility_30,volatility,5,New York,Development,2023,242,0.51209504018233842,True
rogers_satchell_volatility_30,volatility,5,New York,Validation,2024,246,0.49678213643024416,True
rogers_satchell_volatility_30,volatility,15,New York,Development,2021,152,0.53412348615872296,True
rogers_satchell_volatility_30,volatility,15,New York,Development,2022,244,0.45400394936814664,True
rogers_satchell_volatility_30,volatility,15,New York,Development,2023,242,0.55062828018897925,True
rogers_satchell_volatility_30,volatility,15,New York,Validation,2024,246,0.55748652489503681,True
rogers_satchell_volatility_30,volatility,30,New York,Development,2021,152,0.4831819097624997,True
rogers_satchell_volatility_30,volatility,30,New York,Development,2022,244,0.40629968013594547,True
rogers_satchell_volatility_30,volatility,30,New York,Development,2023,242,0.47491784894564748,True
rogers_satchell_volatility_30,volatility,30,New York,Validation,2024,246,0.50116703024101794,True
rogers_satchell_volatility_30,volatility,60,New York,Development,2021,152,0.32803544674679747,True
rogers_satchell_volatility_30,volatility,60,New York,Development,2022,244,0.26235996299433989,True
rogers_satchell_volatility_30,volatility,60,New York,Development,2023,242,0.29825123001964615,True
rogers_satchell_volatility_30,volatility,60,New York,Validation,2024,246,0.33952930314236163,True
rogers_satchell_volatility_30,volatility,120,New York,Development,2021,152,0.044340380498415544,True
rogers_satchell_volatility_30,volatility,120,New York,Development,2022,244,0.028782393751077617,True
rogers_satchell_volatility_30,volatility,120,New York,Development,2023,242,-0.018553746819153626,False
rogers_satchell_volatility_30,volatility,120,New York,Validation,2024,246,0.036856127028539798,True
rogers_satchell_volatility_30,volatility,180,New York,Development,2021,152,-0.19716251651340522,True
rogers_satchell_volatility_30,volatility,180,New York,Development,2022,244,-0.18878745007785738,True
rogers_satchell_volatility_30,volatility,180,New York,Development,2023,242,-0.27035769229136658,True
rogers_satchell_volatility_30,volatility,180,New York,Validation,2024,246,-0.23255970727017158,True
rogers_satchell_volatility_30,path_risk,5,New York,Development,2021,152,-0.20926303453508621,True
rogers_satchell_volatility_30,path_risk,5,New York,Development,2022,244,-0.18136122506293886,True
rogers_satchell_volatility_30,path_risk,5,New York,Development,2023,242,-0.19819577553138093,True
rogers_satchell_volatility_30,path_risk,5,New York,Validation,2024,246,-0.17915689834841819,True
rogers_satchell_volatility_30,path_risk,15,New York,Development,2021,152,-0.28484147871905835,True
rogers_satchell_volatility_30,path_risk,15,New York,Development,2022,244,-0.24180080781833402,True
rogers_satchell_volatility_30,path_risk,15,New York,Development,2023,242,-0.25318453975699629,True
rogers_satchell_volatility_30,path_risk,15,New York,Validation,2024,246,-0.24102657800242097,True
rogers_satchell_volatility_30,path_risk,30,New York,Development,2021,152,-0.35266933647244442,True
rogers_satchell_volatility_30,path_risk,30,New York,Development,2022,244,-0.31851876709226062,True
rogers_satchell_volatility_30,path_risk,30,New York,Development,2023,242,-0.32831754900950255,True
rogers_satchell_volatility_30,path_risk,30,New York,Validation,2024,246,-0.32642982799460291,True
rogers_satchell_volatility_30,path_risk,60,New York,Development,2021,152,-0.4288390461248886,True
rogers_satchell_volatility_30,path_risk,60,New York,Development,2022,244,-0.42351620345308816,True
rogers_satchell_volatility_30,path_risk,60,New York,Development,2023,242,-0.44716176933343055,True
rogers_satchell_volatility_30,path_risk,60,New York,Validation,2024,246,-0.43772351978277935,True
rogers_satchell_volatility_30,path_risk,120,New York,Development,2021,152,-0.54390850846495464,True
rogers_satchell_volatility_30,path_risk,120,New York,Development,2022,244,-0.5242725634699944,True
rogers_satchell_volatility_30,path_risk,120,New York,Development,2023,242,-0.61998905838969709,True
rogers_satchell_volatility_30,path_risk,120,New York,Validation,2024,246,-0.58399994397806632,True
rogers_satchell_volatility_30,path_risk,180,New York,Development,2021,152,-0.6232105324084386,True
rogers_satchell_volatility_30,path_risk,180,New York,Development,2022,244,-0.60439239432724079,True
rogers_satchell_volatility_30,path_risk,180,New York,Development,2023,242,-0.68474741095212199,True
rogers_satchell_volatility_30,path_risk,180,New York,Validation,2024,246,-0.65409673373111454,True
realized_semivariance_balance_60,direction,5,New York,Development,2021,152,-0.089285755929038965,True
realized_semivariance_balance_60,direction,5,New York,Development,2022,244,-0.089551234024615525,True
realized_semivariance_balance_60,direction,5,New York,Development,2023,242,-0.076675325421109539,True
realized_semivariance_balance_60,direction,5,New York,Validation,2024,246,-0.087038114180468321,True
realized_semivariance_balance_60,direction,15,New York,Development,2021,152,-0.12569578475856241,True
realized_semivariance_balance_60,direction,15,New York,Development,2022,244,-0.12452102972042707,True
realized_semivariance_balance_60,direction,15,New York,Development,2023,242,-0.11251782618338632,True
realized_semivariance_balance_60,direction,15,New York,Validation,2024,246,-0.13033202705712432,True
realized_semivariance_balance_60,direction,30,New York,Development,2021,152,-0.17035196763869784,True
realized_semivariance_balance_60,direction,30,New York,Development,2022,244,-0.15908220924658517,True
realized_semivariance_balance_60,direction,30,New York,Development,2023,242,-0.14587204440867699,True
realized_semivariance_balance_60,direction,30,New York,Validation,2024,246,-0.16523474657838957,True
realized_semivariance_balance_60,direction,60,New York,Development,2021,152,-0.22493454838844021,True
realized_semivariance_balance_60,direction,60,New York,Development,2022,244,-0.22487182787174376,True
realized_semivariance_balance_60,direction,60,New York,Development,2023,242,-0.19016053421763951,True
realized_semivariance_balance_60,direction,60,New York,Validation,2024,246,-0.2075085954951997,True
realized_semivariance_balance_60,direction,120,New York,Development,2021,152,-0.2907372491513448,True
realized_semivariance_balance_60,direction,120,New York,Development,2022,244,-0.31575015089870556,True
realized_semivariance_balance_60,direction,120,New York,Development,2023,242,-0.28579380346207894,True
realized_semivariance_balance_60,direction,120,New York,Validation,2024,246,-0.26056552150498208,True
realized_semivariance_balance_60,direction,180,New York,Development,2021,152,-0.34733182793332701,True
realized_semivariance_balance_60,direction,180,New York,Development,2022,244,-0.37594302775542132,True
realized_semivariance_balance_60,direction,180,New York,Development,2023,242,-0.33554397421052085,True
realized_semivariance_balance_60,direction,180,New York,Validation,2024,246,-0.31911742259154136,True
realized_semivariance_balance_60,expansion,5,New York,Development,2021,152,-0.00087161655228565739,True
realized_semivariance_balance_60,expansion,5,New York,Development,2022,244,-0.017888344969237684,True
realized_semivariance_balance_60,expansion,5,New York,Development,2023,242,-0.0077572713657666171,True
realized_semivariance_balance_60,expansion,5,New York,Validation,2024,246,0.00032576185162500748,True
realized_semivariance_balance_60,expansion,15,New York,Development,2021,152,0.0099746683477958901,True
realized_semivariance_balance_60,expansion,15,New York,Development,2022,244,-0.0061339673193832461,False
realized_semivariance_balance_60,expansion,15,New York,Development,2023,242,0.0010041791688211929,True
realized_semivariance_balance_60,expansion,15,New York,Validation,2024,246,0.001807195129731739,True
realized_semivariance_balance_60,expansion,30,New York,Development,2021,152,0.021554295630853031,True
realized_semivariance_balance_60,expansion,30,New York,Development,2022,244,0.010920458214591561,True
realized_semivariance_balance_60,expansion,30,New York,Development,2023,242,0.011113940788940329,True
realized_semivariance_balance_60,expansion,30,New York,Validation,2024,246,0.0015250019522743562,True
realized_semivariance_balance_60,expansion,60,New York,Development,2021,152,0.035842151589256709,True
realized_semivariance_balance_60,expansion,60,New York,Development,2022,244,0.0080677013773922061,True
realized_semivariance_balance_60,expansion,60,New York,Development,2023,242,0.013783274748794731,True
realized_semivariance_balance_60,expansion,60,New York,Validation,2024,246,0.019918841178573354,True
realized_semivariance_balance_60,expansion,120,New York,Development,2021,152,0.050046269004539672,True
realized_semivariance_balance_60,expansion,120,New York,Development,2022,244,0.016739818618652275,True
realized_semivariance_balance_60,expansion,120,New York,Development,2023,242,0.019943016415388863,True
realized_semivariance_balance_60,expansion,120,New York,Validation,2024,246,0.032292442461165555,True
realized_semivariance_balance_60,expansion,180,New York,Development,2021,152,0.07310104353794146,True
realized_semivariance_balance_60,expansion,180,New York,Development,2022,244,0.022673082973075315,True
realized_semivariance_balance_60,expansion,180,New York,Development,2023,242,0.031815989893130892,True
realized_semivariance_balance_60,expansion,180,New York,Validation,2024,246,0.037210325421250932,True
realized_semivariance_balance_60,volatility,5,New York,Development,2021,152,-0.084459392393967339,True
realized_semivariance_balance_60,volatility,5,New York,Development,2022,244,-0.03146279265193578,True
realized_semivariance_balance_60,volatility,5,New York,Development,2023,242,-0.033302322993252982,True
realized_semivariance_balance_60,volatility,5,New York,Validation,2024,246,-0.054999470867590355,True
realized_semivariance_balance_60,volatility,15,New York,Development,2021,152,-0.090004308157785304,True
realized_semivariance_balance_60,volatility,15,New York,Development,2022,244,-0.033272383103309142,True
realized_semivariance_balance_60,volatility,15,New York,Development,2023,242,-0.030598202302393161,True
realized_semivariance_balance_60,volatility,15,New York,Validation,2024,246,-0.055675609788821842,True
realized_semivariance_balance_60,volatility,30,New York,Development,2021,152,-0.085341376332339069,True
realized_semivariance_balance_60,volatility,30,New York,Development,2022,244,-0.020643548128602012,True
realized_semivariance_balance_60,volatility,30,New York,Development,2023,242,-0.021754151233154592,True
realized_semivariance_balance_60,volatility,30,New York,Validation,2024,246,-0.046390886021809338,True
realized_semivariance_balance_60,volatility,60,New York,Development,2021,152,-0.052519949525067167,True
realized_semivariance_balance_60,volatility,60,New York,Development,2022,244,0.0056506003737163465,False
realized_semivariance_balance_60,volatility,60,New York,Development,2023,242,-0.0054256927500504412,True
realized_semivariance_balance_60,volatility,60,New York,Validation,2024,246,-0.042918617970127491,True
realized_semivariance_balance_60,volatility,120,New York,Development,2021,152,-0.010588723581765439,False
realized_semivariance_balance_60,volatility,120,New York,Development,2022,244,0.0090658572590949088,True
realized_semivariance_balance_60,volatility,120,New York,Development,2023,242,0.011290983101882592,True
realized_semivariance_balance_60,volatility,120,New York,Validation,2024,246,-0.0095027595929268998,True
realized_semivariance_balance_60,volatility,180,New York,Development,2021,152,0.048893769051466002,True
realized_semivariance_balance_60,volatility,180,New York,Development,2022,244,0.0093206938892587392,True
realized_semivariance_balance_60,volatility,180,New York,Development,2023,242,-6.4959304451821758e-06,False
realized_semivariance_balance_60,volatility,180,New York,Validation,2024,246,0.00055848955533459841,True
realized_semivariance_balance_60,path_risk,5,New York,Development,2021,152,-0.00010708488057402851,True
realized_semivariance_balance_60,path_risk,5,New York,Development,2022,244,-0.016295562135640627,True
realized_semivariance_balance_60,path_risk,5,New York,Development,2023,242,-0.0065475698439625071,True
realized_semivariance_balance_60,path_risk,5,New York,Validation,2024,246,-0.0037676191803594039,True
realized_semivariance_balance_60,path_risk,15,New York,Development,2021,152,0.012133339678250444,True
realized_semivariance_balance_60,path_risk,15,New York,Development,2022,244,-0.0027546846628969867,False
realized_semivariance_balance_60,path_risk,15,New York,Development,2023,242,0.00093221505166331709,True
realized_semivariance_balance_60,path_risk,15,New York,Validation,2024,246,-0.0025901866322370496,True
realized_semivariance_balance_60,path_risk,30,New York,Development,2021,152,0.017568011128466385,True
realized_semivariance_balance_60,path_risk,30,New York,Development,2022,244,0.01122320744330828,True
realized_semivariance_balance_60,path_risk,30,New York,Development,2023,242,0.01102908317132791,True
realized_semivariance_balance_60,path_risk,30,New York,Validation,2024,246,-0.0022120289062954445,True
realized_semivariance_balance_60,path_risk,60,New York,Development,2021,152,0.036532703195837631,True
realized_semivariance_balance_60,path_risk,60,New York,Development,2022,244,0.0091053339339459485,True
realized_semivariance_balance_60,path_risk,60,New York,Development,2023,242,0.023732777271408143,True
realized_semivariance_balance_60,path_risk,60,New York,Validation,2024,246,0.0060579169432010815,True
realized_semivariance_balance_60,path_risk,120,New York,Development,2021,152,0.042456926742201979,True
realized_semivariance_balance_60,path_risk,120,New York,Development,2022,244,0.024571644258809654,True
realized_semivariance_balance_60,path_risk,120,New York,Development,2023,242,0.028756414265764748,True
realized_semivariance_balance_60,path_risk,120,New York,Validation,2024,246,0.022018426963377653,True
realized_semivariance_balance_60,path_risk,180,New York,Development,2021,152,0.067204205003626089,True
realized_semivariance_balance_60,path_risk,180,New York,Development,2022,244,0.027072374378553362,True
realized_semivariance_balance_60,path_risk,180,New York,Development,2023,242,0.041534063126986868,True
realized_semivariance_balance_60,path_risk,180,New York,Validation,2024,246,0.031516773407230914,True
bipower_jump_ratio_60,direction,5,New York,Development,2021,152,0.0072403353158754001,True
bipower_jump_ratio_60,direction,5,New York,Development,2022,244,-0.0025822765854640094,False
bipower_jump_ratio_60,direction,5,New York,Development,2023,242,0.0019373975803172086,True
bipower_jump_ratio_60,direction,5,New York,Validation,2024,246,-0.0082178563305144343,True
bipower_jump_ratio_60,direction,15,New York,Development,2021,152,0.011167472962884414,False
bipower_jump_ratio_60,direction,15,New York,Development,2022,244,-0.0062519276370972907,True
bipower_jump_ratio_60,direction,15,New York,Development,2023,242,-0.0049256534014364408,True
bipower_jump_ratio_60,direction,15,New York,Validation,2024,246,-0.017801035700261713,True
bipower_jump_ratio_60,direction,30,New York,Development,2021,152,0.010331999447263984,False
bipower_jump_ratio_60,direction,30,New York,Development,2022,244,-0.015751178842197046,True
bipower_jump_ratio_60,direction,30,New York,Development,2023,242,-0.0076297870583415103,True
bipower_jump_ratio_60,direction,30,New York,Validation,2024,246,-0.026300229127951637,True
bipower_jump_ratio_60,direction,60,New York,Development,2021,152,0.00048794952588223755,False
bipower_jump_ratio_60,direction,60,New York,Development,2022,244,-0.035482942390602623,True
bipower_jump_ratio_60,direction,60,New York,Development,2023,242,0.00046351091431716867,False
bipower_jump_ratio_60,direction,60,New York,Validation,2024,246,-0.038668567808336031,True
bipower_jump_ratio_60,direction,120,New York,Development,2021,152,-0.049661111230499044,True
bipower_jump_ratio_60,direction,120,New York,Development,2022,244,-0.037946133792534364,True
bipower_jump_ratio_60,direction,120,New York,Development,2023,242,-0.016015918835233608,True
bipower_jump_ratio_60,direction,120,New York,Validation,2024,246,-0.02715293470839597,True
bipower_jump_ratio_60,direction,180,New York,Development,2021,152,-0.038158746117071873,True
bipower_jump_ratio_60,direction,180,New York,Development,2022,244,-0.039440216029260032,True
bipower_jump_ratio_60,direction,180,New York,Development,2023,242,-0.031559629764145468,True
bipower_jump_ratio_60,direction,180,New York,Validation,2024,246,-0.046969148066428823,True
bipower_jump_ratio_60,expansion,5,New York,Development,2021,152,0.03316982826336283,True
bipower_jump_ratio_60,expansion,5,New York,Development,2022,244,0.0042558140627533825,True
bipower_jump_ratio_60,expansion,5,New York,Development,2023,242,0.026291257153508992,True
bipower_jump_ratio_60,expansion,5,New York,Validation,2024,246,0.034401433653801113,True
bipower_jump_ratio_60,expansion,15,New York,Development,2021,152,0.014640524640377291,True
bipower_jump_ratio_60,expansion,15,New York,Development,2022,244,-0.014452487503553577,False
bipower_jump_ratio_60,expansion,15,New York,Development,2023,242,0.025044760182928845,True
bipower_jump_ratio_60,expansion,15,New York,Validation,2024,246,0.027212382799690769,True
bipower_jump_ratio_60,expansion,30,New York,Development,2021,152,0.008654357881870519,True
bipower_jump_ratio_60,expansion,30,New York,Development,2022,244,-0.023328869383668412,False
bipower_jump_ratio_60,expansion,30,New York,Development,2023,242,0.028655927951528735,True
bipower_jump_ratio_60,expansion,30,New York,Validation,2024,246,0.013409187462958791,True
bipower_jump_ratio_60,expansion,60,New York,Development,2021,152,0.011077447507599862,False
bipower_jump_ratio_60,expansion,60,New York,Development,2022,244,-0.039232892811511794,True
bipower_jump_ratio_60,expansion,60,New York,Development,2023,242,0.024374661632042948,False
bipower_jump_ratio_60,expansion,60,New York,Validation,2024,246,-0.0074064091390609954,True
bipower_jump_ratio_60,expansion,120,New York,Development,2021,152,0.039097677951645787,True
bipower_jump_ratio_60,expansion,120,New York,Development,2022,244,-0.029612201636058565,False
bipower_jump_ratio_60,expansion,120,New York,Development,2023,242,0.036025993649658743,True
bipower_jump_ratio_60,expansion,120,New York,Validation,2024,246,-0.013801648616153321,True
bipower_jump_ratio_60,expansion,180,New York,Development,2021,152,0.0534790433061436,True
bipower_jump_ratio_60,expansion,180,New York,Development,2022,244,-0.025296660755480246,False
bipower_jump_ratio_60,expansion,180,New York,Development,2023,242,0.034120233033571902,True
bipower_jump_ratio_60,expansion,180,New York,Validation,2024,246,-0.0093232068289610809,True
bipower_jump_ratio_60,volatility,5,New York,Development,2021,152,0.034745342545897506,True
bipower_jump_ratio_60,volatility,5,New York,Development,2022,244,0.080745311168713099,True
bipower_jump_ratio_60,volatility,5,New York,Development,2023,242,0.051385667081053431,True
bipower_jump_ratio_60,volatility,5,New York,Validation,2024,246,0.052496408087262539,True
bipower_jump_ratio_60,volatility,15,New York,Development,2021,152,0.033961575340272353,True
bipower_jump_ratio_60,volatility,15,New York,Development,2022,244,0.089553895340164988,True
bipower_jump_ratio_60,volatility,15,New York,Development,2023,242,0.056060726509932178,True
bipower_jump_ratio_60,volatility,15,New York,Validation,2024,246,0.058001219470713537,True
bipower_jump_ratio_60,volatility,30,New York,Development,2021,152,0.030354391004322526,True
bipower_jump_ratio_60,volatility,30,New York,Development,2022,244,0.082583622205586127,True
bipower_jump_ratio_60,volatility,30,New York,Development,2023,242,0.06638551037162238,True
bipower_jump_ratio_60,volatility,30,New York,Validation,2024,246,0.058893621164739098,True
bipower_jump_ratio_60,volatility,60,New York,Development,2021,152,0.019005868523396151,True
bipower_jump_ratio_60,volatility,60,New York,Development,2022,244,0.071867441387335806,True
bipower_jump_ratio_60,volatility,60,New York,Development,2023,242,0.084820545804510109,True
bipower_jump_ratio_60,volatility,60,New York,Validation,2024,246,0.050748543737840733,True
bipower_jump_ratio_60,volatility,120,New York,Development,2021,152,0.062489234876511951,True
bipower_jump_ratio_60,volatility,120,New York,Development,2022,244,0.064454451853818859,True
bipower_jump_ratio_60,volatility,120,New York,Development,2023,242,0.11645290954306657,True
bipower_jump_ratio_60,volatility,120,New York,Validation,2024,246,0.059475441438559332,True
bipower_jump_ratio_60,volatility,180,New York,Development,2021,152,0.10036761375576339,True
bipower_jump_ratio_60,volatility,180,New York,Development,2022,244,0.037398009001622039,True
bipower_jump_ratio_60,volatility,180,New York,Development,2023,242,0.11072350195057226,True
bipower_jump_ratio_60,volatility,180,New York,Validation,2024,246,0.062971573399119379,True
bipower_jump_ratio_60,path_risk,5,New York,Development,2021,152,0.025420517864608798,True
bipower_jump_ratio_60,path_risk,5,New York,Development,2022,244,0.0025237439196417904,True
bipower_jump_ratio_60,path_risk,5,New York,Development,2023,242,0.020014902194969996,True
bipower_jump_ratio_60,path_risk,5,New York,Validation,2024,246,0.028680812302156501,True
bipower_jump_ratio_60,path_risk,15,New York,Development,2021,152,0.0079327938110130888,True
bipower_jump_ratio_60,path_risk,15,New York,Development,2022,244,-0.010861687486640957,False
bipower_jump_ratio_60,path_risk,15,New York,Development,2023,242,0.026491143848974857,True
bipower_jump_ratio_60,path_risk,15,New York,Validation,2024,246,0.023441017419100485,True
bipower_jump_ratio_60,path_risk,30,New York,Development,2021,152,0.0057524760161164193,True
bipower_jump_ratio_60,path_risk,30,New York,Development,2022,244,-0.019692387138262671,False
bipower_jump_ratio_60,path_risk,30,New York,Development,2023,242,0.027261375038299226,True
bipower_jump_ratio_60,path_risk,30,New York,Validation,2024,246,0.0072323418229638115,True
bipower_jump_ratio_60,path_risk,60,New York,Development,2021,152,0.0006331222215439342,False
bipower_jump_ratio_60,path_risk,60,New York,Development,2022,244,-0.03535778969858222,True
bipower_jump_ratio_60,path_risk,60,New York,Development,2023,242,0.024738482886662118,False
bipower_jump_ratio_60,path_risk,60,New York,Validation,2024,246,-0.012026857720861319,True
bipower_jump_ratio_60,path_risk,120,New York,Development,2021,152,0.025422179697171095,True
bipower_jump_ratio_60,path_risk,120,New York,Development,2022,244,-0.021277310954711703,False
bipower_jump_ratio_60,path_risk,120,New York,Development,2023,242,0.029897279200211888,True
bipower_jump_ratio_60,path_risk,120,New York,Validation,2024,246,-0.018255256874127834,True
bipower_jump_ratio_60,path_risk,180,New York,Development,2021,152,0.041684752100313444,True
bipower_jump_ratio_60,path_risk,180,New York,Development,2022,244,-0.020746684623096309,False
bipower_jump_ratio_60,path_risk,180,New York,Development,2023,242,0.029645613444502061,True
bipower_jump_ratio_60,path_risk,180,New York,Validation,2024,246,-0.016405537915697016,True
variance_ratio_60_5,direction,5,New York,Development,2021,152,-0.0045910549008870384,False
variance_ratio_60_5,direction,5,New York,Development,2022,244,0.013870903085156337,True
variance_ratio_60_5,direction,5,New York,Development,2023,242,0.0018141060385348251,True
variance_ratio_60_5,direction,5,New York,Validation,2024,246,-0.015627554068622727,True
variance_ratio_60_5,direction,15,New York,Development,2021,152,0.0062160063179250297,True
variance_ratio_60_5,direction,15,New York,Development,2022,244,0.027446584200113165,True
variance_ratio_60_5,direction,15,New York,Development,2023,242,-0.00051567851426842363,False
variance_ratio_60_5,direction,15,New York,Validation,2024,246,-0.017860768944741371,True
variance_ratio_60_5,direction,30,New York,Development,2021,152,0.014527571151563884,True
variance_ratio_60_5,direction,30,New York,Development,2022,244,0.025078417858134167,True
variance_ratio_60_5,direction,30,New York,Development,2023,242,-0.00086888072938830945,False
variance_ratio_60_5,direction,30,New York,Validation,2024,246,-0.012789984056391137,True
variance_ratio_60_5,direction,60,New York,Development,2021,152,-0.0042862355677669413,False
variance_ratio_60_5,direction,60,New York,Development,2022,244,0.014321689447604194,True
variance_ratio_60_5,direction,60,New York,Development,2023,242,-0.0036438855547801718,False
variance_ratio_60_5,direction,60,New York,Validation,2024,246,-0.0098270711099912294,True
variance_ratio_60_5,direction,120,New York,Development,2021,152,-0.051618385301614188,True
variance_ratio_60_5,direction,120,New York,Development,2022,244,-0.0033006971334758506,True
variance_ratio_60_5,direction,120,New York,Development,2023,242,-0.010180700469214906,True
variance_ratio_60_5,direction,120,New York,Validation,2024,246,-0.0074749961448707285,True
variance_ratio_60_5,direction,180,New York,Development,2021,152,-0.031914132392042452,True
variance_ratio_60_5,direction,180,New York,Development,2022,244,-0.0093761524563432067,True
variance_ratio_60_5,direction,180,New York,Development,2023,242,-0.002194676872484598,True
variance_ratio_60_5,direction,180,New York,Validation,2024,246,0.0039002988611298943,True
variance_ratio_60_5,expansion,5,New York,Development,2021,152,-0.036378281333242189,True
variance_ratio_60_5,expansion,5,New York,Development,2022,244,-0.02632174987323976,True
variance_ratio_60_5,expansion,5,New York,Development,2023,242,-0.051576962861408018,True
variance_ratio_60_5,expansion,5,New York,Validation,2024,246,-0.024588914707661131,True
variance_ratio_60_5,expansion,15,New York,Development,2021,152,-0.061809819058756363,True
variance_ratio_60_5,expansion,15,New York,Development,2022,244,-0.052913939892251197,True
variance_ratio_60_5,expansion,15,New York,Development,2023,242,-0.091889121687200828,True
variance_ratio_60_5,expansion,15,New York,Validation,2024,246,-0.060159584548149271,True
variance_ratio_60_5,expansion,30,New York,Development,2021,152,-0.086955293870686512,True
variance_ratio_60_5,expansion,30,New York,Development,2022,244,-0.060654863367943311,True
variance_ratio_60_5,expansion,30,New York,Development,2023,242,-0.11373908602694681,True
variance_ratio_60_5,expansion,30,New York,Validation,2024,246,-0.069406109325833493,True
variance_ratio_60_5,expansion,60,New York,Development,2021,152,-0.10855797365085178,True
variance_ratio_60_5,expansion,60,New York,Development,2022,244,-0.066254517899065307,True
variance_ratio_60_5,expansion,60,New York,Development,2023,242,-0.1278594804515879,True
variance_ratio_60_5,expansion,60,New York,Validation,2024,246,-0.080126980562618993,True
variance_ratio_60_5,expansion,120,New York,Development,2021,152,-0.11171234244776247,True
variance_ratio_60_5,expansion,120,New York,Development,2022,244,-0.087456403965175733,True
variance_ratio_60_5,expansion,120,New York,Development,2023,242,-0.13392981606986779,True
variance_ratio_60_5,expansion,120,New York,Validation,2024,246,-0.051082381762191424,True
variance_ratio_60_5,expansion,180,New York,Development,2021,152,-0.09253523270935568,True
variance_ratio_60_5,expansion,180,New York,Development,2022,244,-0.087251326055632378,True
variance_ratio_60_5,expansion,180,New York,Development,2023,242,-0.11962382458705595,True
variance_ratio_60_5,expansion,180,New York,Validation,2024,246,-0.046581530651556638,True
variance_ratio_60_5,volatility,5,New York,Development,2021,152,0.053053064577624987,True
variance_ratio_60_5,volatility,5,New York,Development,2022,244,0.036368159939091455,True
variance_ratio_60_5,volatility,5,New York,Development,2023,242,0.053414966309147292,True
variance_ratio_60_5,volatility,5,New York,Validation,2024,246,0.037993555687013833,True
variance_ratio_60_5,volatility,15,New York,Development,2021,152,0.053110080940331657,True
variance_ratio_60_5,volatility,15,New York,Development,2022,244,0.032735926610440939,True
variance_ratio_60_5,volatility,15,New York,Development,2023,242,0.039283432853974842,True
variance_ratio_60_5,volatility,15,New York,Validation,2024,246,0.041366842292739459,True
variance_ratio_60_5,volatility,30,New York,Development,2021,152,0.041268483844162138,True
variance_ratio_60_5,volatility,30,New York,Development,2022,244,0.015644212467743637,True
variance_ratio_60_5,volatility,30,New York,Development,2023,242,0.014998624993048106,True
variance_ratio_60_5,volatility,30,New York,Validation,2024,246,0.026213296880135208,True
variance_ratio_60_5,volatility,60,New York,Development,2021,152,0.043395058972947452,False
variance_ratio_60_5,volatility,60,New York,Development,2022,244,-0.014027786539588335,True
variance_ratio_60_5,volatility,60,New York,Development,2023,242,-0.03606830241774639,True
variance_ratio_60_5,volatility,60,New York,Validation,2024,246,-0.0085265074984009603,True
variance_ratio_60_5,volatility,120,New York,Development,2021,152,0.0030154714484798943,False
variance_ratio_60_5,volatility,120,New York,Development,2022,244,-0.064520083958896954,True
variance_ratio_60_5,volatility,120,New York,Development,2023,242,-0.1122412816552535,True
variance_ratio_60_5,volatility,120,New York,Validation,2024,246,-0.063612260871639237,True
variance_ratio_60_5,volatility,180,New York,Development,2021,152,-0.010205951083186971,True
variance_ratio_60_5,volatility,180,New York,Development,2022,244,-0.080084317956768097,True
variance_ratio_60_5,volatility,180,New York,Development,2023,242,-0.13301868961785107,True
variance_ratio_60_5,volatility,180,New York,Validation,2024,246,-0.067105403209447606,True
variance_ratio_60_5,path_risk,5,New York,Development,2021,152,-0.036226664644911775,True
variance_ratio_60_5,path_risk,5,New York,Development,2022,244,-0.02572958696361392,True
variance_ratio_60_5,path_risk,5,New York,Development,2023,242,-0.05139089907786256,True
variance_ratio_60_5,path_risk,5,New York,Validation,2024,246,-0.030651735799203116,True
variance_ratio_60_5,path_risk,15,New York,Development,2021,152,-0.058672318873956582,True
variance_ratio_60_5,path_risk,15,New York,Development,2022,244,-0.051486663904644257,True
variance_ratio_60_5,path_risk,15,New York,Development,2023,242,-0.088901561740055687,True
variance_ratio_60_5,path_risk,15,New York,Validation,2024,246,-0.056392396779962342,True
variance_ratio_60_5,path_risk,30,New York,Development,2021,152,-0.07847458078719223,True
variance_ratio_60_5,path_risk,30,New York,Development,2022,244,-0.055612574019205323,True
variance_ratio_60_5,path_risk,30,New York,Development,2023,242,-0.10668193437578609,True
variance_ratio_60_5,path_risk,30,New York,Validation,2024,246,-0.062955124867370635,True
variance_ratio_60_5,path_risk,60,New York,Development,2021,152,-0.093102537884036204,True
variance_ratio_60_5,path_risk,60,New York,Development,2022,244,-0.05371295909607051,True
variance_ratio_60_5,path_risk,60,New York,Development,2023,242,-0.1179887681589455,True
variance_ratio_60_5,path_risk,60,New York,Validation,2024,246,-0.074539772566596663,True
variance_ratio_60_5,path_risk,120,New York,Development,2021,152,-0.102470678811958,True
variance_ratio_60_5,path_risk,120,New York,Development,2022,244,-0.070151701792106946,True
variance_ratio_60_5,path_risk,120,New York,Development,2023,242,-0.12528054375410191,True
variance_ratio_60_5,path_risk,120,New York,Validation,2024,246,-0.044617013490606872,True
variance_ratio_60_5,path_risk,180,New York,Development,2021,152,-0.09210984545079394,True
variance_ratio_60_5,path_risk,180,New York,Development,2022,244,-0.069526189810940914,True
variance_ratio_60_5,path_risk,180,New York,Development,2023,242,-0.1137112135253711,True
variance_ratio_60_5,path_risk,180,New York,Validation,2024,246,-0.040143615010073186,True
return_sign_entropy_60,direction,5,New York,Development,2021,152,-0.0083627127682369424,True
return_sign_entropy_60,direction,5,New York,Development,2022,244,-0.0073806682395158004,True
return_sign_entropy_60,direction,5,New York,Development,2023,242,-0.0040557263339198752,True
return_sign_entropy_60,direction,5,New York,Validation,2024,246,-0.012413360696340801,True
return_sign_entropy_60,direction,15,New York,Development,2021,152,-0.013112328798208653,True
return_sign_entropy_60,direction,15,New York,Development,2022,244,-0.0090199935518353747,True
return_sign_entropy_60,direction,15,New York,Development,2023,242,-0.0048668298494990731,True
return_sign_entropy_60,direction,15,New York,Validation,2024,246,-0.01854655016566056,True
return_sign_entropy_60,direction,30,New York,Development,2021,152,-0.02256678830608868,True
return_sign_entropy_60,direction,30,New York,Development,2022,244,0.00055744588416406504,False
return_sign_entropy_60,direction,30,New York,Development,2023,242,0.0090126231038056975,False
return_sign_entropy_60,direction,30,New York,Validation,2024,246,-0.018319379269255018,True
return_sign_entropy_60,direction,60,New York,Development,2021,152,-0.03105721122939005,False
return_sign_entropy_60,direction,60,New York,Development,2022,244,0.013816327739241706,True
return_sign_entropy_60,direction,60,New York,Development,2023,242,0.0092291155669023787,True
return_sign_entropy_60,direction,60,New York,Validation,2024,246,-0.013987868452709037,True
return_sign_entropy_60,direction,120,New York,Development,2021,152,-0.057930969032134037,True
return_sign_entropy_60,direction,120,New York,Development,2022,244,-0.0035888303057039538,True
return_sign_entropy_60,direction,120,New York,Development,2023,242,-0.0091514335205920578,True
return_sign_entropy_60,direction,120,New York,Validation,2024,246,-0.0077774979666979695,True
return_sign_entropy_60,direction,180,New York,Development,2021,152,-0.067097116610415342,True
return_sign_entropy_60,direction,180,New York,Development,2022,244,-0.013247180906722163,True
return_sign_entropy_60,direction,180,New York,Development,2023,242,-0.051268265498580656,True
return_sign_entropy_60,direction,180,New York,Validation,2024,246,-0.016738306625674586,True
return_sign_entropy_60,expansion,5,New York,Development,2021,152,0.15893223549874078,True
return_sign_entropy_60,expansion,5,New York,Development,2022,244,0.11206425678029579,True
return_sign_entropy_60,expansion,5,New York,Development,2023,242,0.15052915978885784,True
return_sign_entropy_60,expansion,5,New York,Validation,2024,246,0.12578813206170342,True
return_sign_entropy_60,expansion,15,New York,Development,2021,152,0.22787249308993865,True
return_sign_entropy_60,expansion,15,New York,Development,2022,244,0.14862427557274929,True
return_sign_entropy_60,expansion,15,New York,Development,2023,242,0.20432412207042877,True
return_sign_entropy_60,expansion,15,New York,Validation,2024,246,0.1748989050763943,True
return_sign_entropy_60,expansion,30,New York,Development,2021,152,0.28080705203049555,True
return_sign_entropy_60,expansion,30,New York,Development,2022,244,0.18722641358068962,True
return_sign_entropy_60,expansion,30,New York,Development,2023,242,0.26293697398064259,True
return_sign_entropy_60,expansion,30,New York,Validation,2024,246,0.22145756886726364,True
return_sign_entropy_60,expansion,60,New York,Development,2021,152,0.3759407768628682,True
return_sign_entropy_60,expansion,60,New York,Development,2022,244,0.25646807994420651,True
return_sign_entropy_60,expansion,60,New York,Development,2023,242,0.35843622915436307,True
return_sign_entropy_60,expansion,60,New York,Validation,2024,246,0.29236215658059783,True
return_sign_entropy_60,expansion,120,New York,Development,2021,152,0.47475714296215016,True
return_sign_entropy_60,expansion,120,New York,Development,2022,244,0.33934079368845632,True
return_sign_entropy_60,expansion,120,New York,Development,2023,242,0.47472336103151302,True
return_sign_entropy_60,expansion,120,New York,Validation,2024,246,0.41149318269327667,True
return_sign_entropy_60,expansion,180,New York,Development,2021,152,0.50798015940825425,True
return_sign_entropy_60,expansion,180,New York,Development,2022,244,0.38617769432706023,True
return_sign_entropy_60,expansion,180,New York,Development,2023,242,0.50529011917958522,True
return_sign_entropy_60,expansion,180,New York,Validation,2024,246,0.44292428730650063,True
return_sign_entropy_60,volatility,5,New York,Development,2021,152,-0.25529449083383488,True
return_sign_entropy_60,volatility,5,New York,Development,2022,244,-0.14726609221900186,True
return_sign_entropy_60,volatility,5,New York,Development,2023,242,-0.2858142479718202,True
return_sign_entropy_60,volatility,5,New York,Validation,2024,246,-0.25380968106037521,True
return_sign_entropy_60,volatility,15,New York,Development,2021,152,-0.26995693494372403,True
return_sign_entropy_60,volatility,15,New York,Development,2022,244,-0.15715862525745905,True
return_sign_entropy_60,volatility,15,New York,Development,2023,242,-0.29374746055844497,True
return_sign_entropy_60,volatility,15,New York,Validation,2024,246,-0.27428148495715765,True
return_sign_entropy_60,volatility,30,New York,Development,2021,152,-0.21595248994520616,True
return_sign_entropy_60,volatility,30,New York,Development,2022,244,-0.11839636047788803,True
return_sign_entropy_60,volatility,30,New York,Development,2023,242,-0.22385145899167275,True
return_sign_entropy_60,volatility,30,New York,Validation,2024,246,-0.23385923664480762,True
return_sign_entropy_60,volatility,60,New York,Development,2021,152,-0.054358828192941397,True
return_sign_entropy_60,volatility,60,New York,Development,2022,244,-0.013773024377625899,True
return_sign_entropy_60,volatility,60,New York,Development,2023,242,-0.061337187920582868,True
return_sign_entropy_60,volatility,60,New York,Validation,2024,246,-0.11420489255362593,True
return_sign_entropy_60,volatility,120,New York,Development,2021,152,0.20655932892977136,True
return_sign_entropy_60,volatility,120,New York,Development,2022,244,0.17182826685501124,True
return_sign_entropy_60,volatility,120,New York,Development,2023,242,0.22595972094501257,True
return_sign_entropy_60,volatility,120,New York,Validation,2024,246,0.12619010541881934,True
return_sign_entropy_60,volatility,180,New York,Development,2021,152,0.37197811143068654,True
return_sign_entropy_60,volatility,180,New York,Development,2022,244,0.29280172691855877,True
return_sign_entropy_60,volatility,180,New York,Development,2023,242,0.39005122937442466,True
return_sign_entropy_60,volatility,180,New York,Validation,2024,246,0.30107238530675362,True
return_sign_entropy_60,path_risk,5,New York,Development,2021,152,0.14615515177432067,True
return_sign_entropy_60,path_risk,5,New York,Development,2022,244,0.097349054518759123,True
return_sign_entropy_60,path_risk,5,New York,Development,2023,242,0.13182463638790806,True
return_sign_entropy_60,path_risk,5,New York,Validation,2024,246,0.10849534470815522,True
return_sign_entropy_60,path_risk,15,New York,Development,2021,152,0.20329448607769032,True
return_sign_entropy_60,path_risk,15,New York,Development,2022,244,0.12516747177436524,True
return_sign_entropy_60,path_risk,15,New York,Development,2023,242,0.17191207472874093,True
return_sign_entropy_60,path_risk,15,New York,Validation,2024,246,0.1517261155567641,True
return_sign_entropy_60,path_risk,30,New York,Development,2021,152,0.25491384095951686,True
return_sign_entropy_60,path_risk,30,New York,Development,2022,244,0.15579908462327896,True
return_sign_entropy_60,path_risk,30,New York,Development,2023,242,0.22188304952095558,True
return_sign_entropy_60,path_risk,30,New York,Validation,2024,246,0.19240970572450158,True
return_sign_entropy_60,path_risk,60,New York,Development,2021,152,0.33617823683170522,True
return_sign_entropy_60,path_risk,60,New York,Development,2022,244,0.21971352351683329,True
return_sign_entropy_60,path_risk,60,New York,Development,2023,242,0.31874219823894867,True
return_sign_entropy_60,path_risk,60,New York,Validation,2024,246,0.2619563100948461,True
return_sign_entropy_60,path_risk,120,New York,Development,2021,152,0.43363815130691935,True
return_sign_entropy_60,path_risk,120,New York,Development,2022,244,0.29548900784250115,True
return_sign_entropy_60,path_risk,120,New York,Development,2023,242,0.44447044443423606,True
return_sign_entropy_60,path_risk,120,New York,Validation,2024,246,0.3760825833467813,True
return_sign_entropy_60,path_risk,180,New York,Development,2021,152,0.47433216418771601,True
return_sign_entropy_60,path_risk,180,New York,Development,2022,244,0.34717860753159868,True
return_sign_entropy_60,path_risk,180,New York,Development,2023,242,0.47945864986116016,True
return_sign_entropy_60,path_risk,180,New York,Validation,2024,246,0.41052063047595361,True
volatility_of_volatility_60,direction,5,New York,Development,2021,152,-0.0086597343211339689,True
volatility_of_volatility_60,direction,5,New York,Development,2022,244,-0.002535472459058065,True
volatility_of_volatility_60,direction,5,New York,Development,2023,242,-0.0076918314178148987,True
volatility_of_volatility_60,direction,5,New York,Validation,2024,246,-0.0085574249847269485,True
volatility_of_volatility_60,direction,15,New York,Development,2021,152,-0.0046443512194079273,True
volatility_of_volatility_60,direction,15,New York,Development,2022,244,-0.0029984403362469385,True
volatility_of_volatility_60,direction,15,New York,Development,2023,242,-0.021495727849849197,True
volatility_of_volatility_60,direction,15,New York,Validation,2024,246,-0.01059022408876072,True
volatility_of_volatility_60,direction,30,New York,Development,2021,152,0.011310467342696109,False
volatility_of_volatility_60,direction,30,New York,Development,2022,244,-0.0060869829186933214,True
volatility_of_volatility_60,direction,30,New York,Development,2023,242,-0.027358000253193182,True
volatility_of_volatility_60,direction,30,New York,Validation,2024,246,-0.01519949223883062,True
volatility_of_volatility_60,direction,60,New York,Development,2021,152,0.018157372147509152,False
volatility_of_volatility_60,direction,60,New York,Development,2022,244,-0.0098252325843218771,True
volatility_of_volatility_60,direction,60,New York,Development,2023,242,-0.026352936167432655,True
volatility_of_volatility_60,direction,60,New York,Validation,2024,246,-0.0044819768042663492,True
volatility_of_volatility_60,direction,120,New York,Development,2021,152,0.0067628218426851591,True
volatility_of_volatility_60,direction,120,New York,Development,2022,244,0.023880869512464258,True
volatility_of_volatility_60,direction,120,New York,Development,2023,242,-0.02523708166712085,False
volatility_of_volatility_60,direction,120,New York,Validation,2024,246,0.013400482986595024,True
volatility_of_volatility_60,direction,180,New York,Development,2021,152,0.044090243558105729,False
volatility_of_volatility_60,direction,180,New York,Development,2022,244,-0.00067563540462109125,True
volatility_of_volatility_60,direction,180,New York,Development,2023,242,-0.031914481062919449,True
volatility_of_volatility_60,direction,180,New York,Validation,2024,246,0.010785179724105422,True
volatility_of_volatility_60,expansion,5,New York,Development,2021,152,-0.052335273387011626,True
volatility_of_volatility_60,expansion,5,New York,Development,2022,244,-0.052194004543907865,True
volatility_of_volatility_60,expansion,5,New York,Development,2023,242,-0.067724417330199585,True
volatility_of_volatility_60,expansion,5,New York,Validation,2024,246,-0.058526266826365379,True
volatility_of_volatility_60,expansion,15,New York,Development,2021,152,-0.082936245435270589,True
volatility_of_volatility_60,expansion,15,New York,Development,2022,244,-0.086408302434502815,True
volatility_of_volatility_60,expansion,15,New York,Development,2023,242,-0.110771110964662,True
volatility_of_volatility_60,expansion,15,New York,Validation,2024,246,-0.089591004694875812,True
volatility_of_volatility_60,expansion,30,New York,Development,2021,152,-0.12401034017233277,True
volatility_of_volatility_60,expansion,30,New York,Development,2022,244,-0.12312311159856133,True
volatility_of_volatility_60,expansion,30,New York,Development,2023,242,-0.14437366727710357,True
volatility_of_volatility_60,expansion,30,New York,Validation,2024,246,-0.11611409238725247,True
volatility_of_volatility_60,expansion,60,New York,Development,2021,152,-0.1438670296401971,True
volatility_of_volatility_60,expansion,60,New York,Development,2022,244,-0.13234493717158216,True
volatility_of_volatility_60,expansion,60,New York,Development,2023,242,-0.14673946893904713,True
volatility_of_volatility_60,expansion,60,New York,Validation,2024,246,-0.1419158899143444,True
volatility_of_volatility_60,expansion,120,New York,Development,2021,152,-0.097657413604628915,True
volatility_of_volatility_60,expansion,120,New York,Development,2022,244,-0.099657462235115096,True
volatility_of_volatility_60,expansion,120,New York,Development,2023,242,-0.16853503082658575,True
volatility_of_volatility_60,expansion,120,New York,Validation,2024,246,-0.15736626813695648,True
volatility_of_volatility_60,expansion,180,New York,Development,2021,152,-0.092329887633086652,True
volatility_of_volatility_60,expansion,180,New York,Development,2022,244,-0.11752791231006601,True
volatility_of_volatility_60,expansion,180,New York,Development,2023,242,-0.17834352519829683,True
volatility_of_volatility_60,expansion,180,New York,Validation,2024,246,-0.16696019737887918,True
volatility_of_volatility_60,volatility,5,New York,Development,2021,152,0.12803370380706039,True
volatility_of_volatility_60,volatility,5,New York,Development,2022,244,0.14881242721853302,True
volatility_of_volatility_60,volatility,5,New York,Development,2023,242,0.22456950803523579,True
volatility_of_volatility_60,volatility,5,New York,Validation,2024,246,0.19798111804133356,True
volatility_of_volatility_60,volatility,15,New York,Development,2021,152,0.12650522310788928,True
volatility_of_volatility_60,volatility,15,New York,Development,2022,244,0.15877429006006286,True
volatility_of_volatility_60,volatility,15,New York,Development,2023,242,0.23504113848914207,True
volatility_of_volatility_60,volatility,15,New York,Validation,2024,246,0.20819376360895686,True
volatility_of_volatility_60,volatility,30,New York,Development,2021,152,0.090431508833241164,True
volatility_of_volatility_60,volatility,30,New York,Development,2022,244,0.12397105315152705,True
volatility_of_volatility_60,volatility,30,New York,Development,2023,242,0.20189092366731534,True
volatility_of_volatility_60,volatility,30,New York,Validation,2024,246,0.18690970610418919,True
volatility_of_volatility_60,volatility,60,New York,Development,2021,152,0.05847237716583318,True
volatility_of_volatility_60,volatility,60,New York,Development,2022,244,0.10489547218621456,True
volatility_of_volatility_60,volatility,60,New York,Development,2023,242,0.17992624263838283,True
volatility_of_volatility_60,volatility,60,New York,Validation,2024,246,0.15313982925638697,True
volatility_of_volatility_60,volatility,120,New York,Development,2021,152,0.083666039144922544,True
volatility_of_volatility_60,volatility,120,New York,Development,2022,244,0.14232316525717909,True
volatility_of_volatility_60,volatility,120,New York,Development,2023,242,0.17020052849826559,True
volatility_of_volatility_60,volatility,120,New York,Validation,2024,246,0.13387053745763572,True
volatility_of_volatility_60,volatility,180,New York,Development,2021,152,0.064966877259777275,True
volatility_of_volatility_60,volatility,180,New York,Development,2022,244,0.10057036533274567,True
volatility_of_volatility_60,volatility,180,New York,Development,2023,242,0.096070758266508363,True
volatility_of_volatility_60,volatility,180,New York,Validation,2024,246,0.063332903142808053,True
volatility_of_volatility_60,path_risk,5,New York,Development,2021,152,-0.044104595569274929,True
volatility_of_volatility_60,path_risk,5,New York,Development,2022,244,-0.045298095394918414,True
volatility_of_volatility_60,path_risk,5,New York,Development,2023,242,-0.05737191065210008,True
volatility_of_volatility_60,path_risk,5,New York,Validation,2024,246,-0.047109394812033197,True
volatility_of_volatility_60,path_risk,15,New York,Development,2021,152,-0.070226462114826776,True
volatility_of_volatility_60,path_risk,15,New York,Development,2022,244,-0.072751001612551838,True
volatility_of_volatility_60,path_risk,15,New York,Development,2023,242,-0.091841420019880521,True
volatility_of_volatility_60,path_risk,15,New York,Validation,2024,246,-0.071466159115749175,True
volatility_of_volatility_60,path_risk,30,New York,Development,2021,152,-0.1112929424670894,True
volatility_of_volatility_60,path_risk,30,New York,Development,2022,244,-0.10875152380364728,True
volatility_of_volatility_60,path_risk,30,New York,Development,2023,242,-0.12660852458862165,True
volatility_of_volatility_60,path_risk,30,New York,Validation,2024,246,-0.097589796986575716,True
volatility_of_volatility_60,path_risk,60,New York,Development,2021,152,-0.13910629323181678,True
volatility_of_volatility_60,path_risk,60,New York,Development,2022,244,-0.1248361158485239,True
volatility_of_volatility_60,path_risk,60,New York,Development,2023,242,-0.13491313040131345,True
volatility_of_volatility_60,path_risk,60,New York,Validation,2024,246,-0.12126860785699949,True
volatility_of_volatility_60,path_risk,120,New York,Development,2021,152,-0.10047156893531162,True
volatility_of_volatility_60,path_risk,120,New York,Development,2022,244,-0.10203276167019062,True
volatility_of_volatility_60,path_risk,120,New York,Development,2023,242,-0.15843849394479409,True
volatility_of_volatility_60,path_risk,120,New York,Validation,2024,246,-0.15244136222145968,True
volatility_of_volatility_60,path_risk,180,New York,Development,2021,152,-0.10320143222156315,True
volatility_of_volatility_60,path_risk,180,New York,Development,2022,244,-0.13271778142502064,True
volatility_of_volatility_60,path_risk,180,New York,Development,2023,242,-0.177842829667645,True
volatility_of_volatility_60,path_risk,180,New York,Validation,2024,246,-0.16574525656757624,True
